SA(1.0s) [g],Loss_ratio
0.05000000000000001,1.5951582447848446e-05
0.056172467201025755,3.416885197258801e-05
0.06310692142900626,7.033454589810972e-05
0.07089742948257126,0.00013923534909582314
0.07964967064493539,0.00026532101789426
0.08948237023750269,0.000487207906225201
0.10052891014472326,0.0008632761435319936
0.11293913815718663,0.001478271977818596
0.1268814006769336,0.0024508462342177793
0.14254482635890514,0.003942156007567017
0.16014189166643014,0.006166015997541124
0.17991130314285533,0.009401432364141033
0.2021212354977168,0.014008319600809605
0.2270729694325259,0.020446315701840072
0.2551049785537617,0.029294509480253965
0.28659752081259104,0.04126663150820359
0.3219777967548112,0.05721257578022374
0.36172574455336326,0.07809447907939188
0.4063805504338082,0.10492586337207147
0.45654796280755766,0.13866713571341488
0.5129085093300529,0.18008047367462587
0.5762267283493882,0.2295603662116219
0.6473615399712076,0.2869693888942341
0.7272778974247632,0.3515174429828182
0.8170598767824696,0.42172221383847197
0.9179253825967483,0.4954767138148083
1.0312426689380967,0.5702278515721044
1.1585488999444697,0.6432433409395039
1.3015710016583038,0.7119208142975734
1.4622490880091454,0.774080459089385
1.6427627787184707,0.828185393366662
1.8455607661325835,0.873451749826659
2.0733940320616497,0.9098374180545247
2.329353165215711,0.9379260914679773
2.6169102854537,0.9587435569198893
2.9399661435534976,0.9735512156068941
3.3029030354176987,0.9836573928522636
3.710644248503383,0.9902737857455669
4.168720846874621,0.9944280259154098
4.683346700825936,0.9969289976774897
5.261502778863538,0.9983724137796832
5.911031845476362,0.9991708963300521
6.64074484928479,0.9995942098132944
7.4605404447366075,0.9998092495385815
8.381539268677866,0.9999139087088414
9.416234793278331,0.9999627047320335
10.578662801651687,0.9999844964147323
11.884591785129816,0.9999938171611882
13.351736844955687,0.9999976350392826
15.0,0.999999132536024
