SA(1.0s) [g],Loss_ratio
0.05000000000000001,0.003714388026832927
0.056172467201025755,0.0057581884511998084
0.06310692142900626,0.008546939713595453
0.07089742948257126,0.012187568658429532
0.07964967064493539,0.016768069013324883
0.08948237023750269,0.02238078968919339
0.10052891014472326,0.029171358499870566
0.11293913815718663,0.03740840783289725
0.1268814006769336,0.04755966152854539
0.14254482635890514,0.06035291315201557
0.16014189166643014,0.07679861318448794
0.17991130314285533,0.09815466830653269
0.2021212354977168,0.1258222206328648
0.2270729694325259,0.16117189913178612
0.2551049785537617,0.20531282101308548
0.28659752081259104,0.2588319584251712
0.3219777967548112,0.321548537373205
0.36172574455336326,0.39234212578221206
0.4063805504338082,0.46911528115784235
0.45654796280755766,0.5489335756733246
0.5129085093300529,0.6283458315026467
0.5762267283493882,0.7038351397435928
0.6473615399712076,0.7723058629287396
0.7272778974247632,0.8314934672658747
0.8170598767824696,0.8802030310102462
0.9179253825967483,0.918332794052303
1.0312426689380967,0.9467014164394137
1.1585488999444697,0.9667478019355601
1.3015710016583038,0.9801937665343088
1.4622490880091454,0.9887497459939555
1.6427627787184707,0.9939122246474369
1.8455607661325835,0.9968645759149841
2.0733940320616497,0.9984642383034547
2.329353165215711,0.9992851288445327
2.6169102854537,0.9996839699389385
2.9399661435534976,0.999867390095589
3.3029030354176987,0.9999472105138992
3.710644248503383,0.999980072924847
4.168720846874621,0.9999928700530498
4.683346700825936,0.9999975827779517
5.261502778863538,0.9999992237670239
5.911031845476362,0.9999997639599069
6.64074484928479,0.9999999320508693
7.4605404447366075,0.9999999814866616
8.381539268677866,0.9999999952269364
9.416234793278331,0.9999999988357674
10.578662801651687,0.9999999997313794
11.884591785129816,0.9999999999413821
13.351736844955687,0.9999999999879037
15.0,0.9999999999976398
