SA(1.0s) [g],Loss_ratio
0.05000000000000001,0.0
0.056172467201025755,0.0
0.06310692142900626,0.0
0.07089742948257126,0.0
0.07964967064493539,3.33066907387547e-17
0.08948237023750269,5.884182030513329e-16
0.10052891014472326,7.654987754790455e-15
0.11293913815718663,8.899547765395255e-14
0.1268814006769336,9.282519197739703e-13
0.14254482635890514,8.722861322141285e-12
0.16014189166643014,7.388467060387428e-11
0.17991130314285533,5.645431566669857e-10
0.2021212354977168,3.8946444791410075e-09
0.2270729694325259,2.428184047720272e-08
0.2551049785537617,1.3695717865358503e-07
0.28659752081259104,6.996017717197934e-07
0.3219777967548112,3.2402220065785857e-06
0.36172574455336326,1.3622769427218407e-05
0.4063805504338082,5.205207292398595e-05
0.45654796280755766,0.00018097005055392468
0.5129085093300529,0.0005731645795871709
0.5762267283493882,0.0016556063210331484
0.6473615399712076,0.0043665689283797215
0.7272778974247632,0.010527943653342208
0.8170598767824696,0.023233816159030078
0.9179253825967483,0.04700037940713799
1.0312426689380967,0.08730554114476735
1.1585488999444697,0.14924015530408707
1.3015710016583038,0.2354177632507491
1.4622490880091454,0.3439182530756142
1.6427627787184707,0.4674346620676472
1.8455607661325835,0.5944788907456493
2.0733940320616497,0.7124605746507042
2.329353165215711,0.8113185529124328
2.6169102854537,0.8860105351599392
2.9399661435534976,0.9368674698804319
3.3029030354176987,0.9680571251476737
3.710644248503383,0.9852776443644977
4.168720846874621,0.99383358626804
4.683346700825936,0.9976574638649225
5.261502778863538,0.9991942013001178
5.911031845476362,0.999749356584011
6.64074484928479,0.9999295840590227
7.4605404447366075,0.9999821498692641
8.381539268677866,0.9999959205659049
9.416234793278331,0.9999991600960177
10.578662801651687,0.9999998443118024
11.884591785129816,0.9999999740320126
13.351736844955687,0.9999999961044646
15.0,0.9999999994746401
