PGA [g],Loss_ratio
0.05000000000000001,5.734635527554489e-08
0.056172467201025755,2.0557133367793412e-07
0.06310692142900626,6.909099557861343e-07
0.07089742948257126,2.179191531620495e-06
0.07964967064493539,6.457846941054779e-06
0.08948237023750269,1.8005615386235132e-05
0.10052891014472326,4.731359451223272e-05
0.11293913815718663,0.00011740359339637574
0.1268814006769336,0.00027572975428352133
0.14254482635890514,0.000614462834676055
0.16014189166643014,0.0013028555046451671
0.17991130314285533,0.0026355906780490433
0.2021212354977168,0.0050999125646258026
0.2270729694325259,0.009460385194914683
0.2551049785537617,0.01685112390028514
0.28659752081259104,0.028849779332690836
0.3219777967548112,0.04748754298481082
0.36172574455336326,0.07513409409221006
0.4063805504338082,0.11420188194613916
0.45654796280755766,0.16665646868862433
0.5129085093300529,0.23340064915109116
0.5762267283493882,0.313694592217837
0.6473615399712076,0.40483230452841923
0.7272778974247632,0.502265559211394
0.8170598767824696,0.6002350284725729
0.9179253825967483,0.6927784258185953
1.0312426689380967,0.7748257356740638
1.1585488999444697,0.8430467554079557
1.3015710016583038,0.8962133747461962
1.4622490880091454,0.9350290136065555
1.6427627787184707,0.9615651902190172
1.8455607661325835,0.9785468401724742
2.0733940320616497,0.9887163496568437
2.329353165215711,0.9944138619491287
2.6169102854537,0.9973994957954809
2.9399661435534976,0.9988625697747938
3.3029030354176987,0.9995329118415411
3.710644248503383,0.999820027594174
4.168720846874621,0.9999349711251744
4.683346700825936,0.9999779763617577
5.261502778863538,0.9999930117520678
5.911031845476362,0.9999979232752929
6.64074484928479,0.9999994222047216
7.4605404447366075,0.9999998495396334
8.381539268677866,0.9999999633389041
9.416234793278331,0.9999999916436264
10.578662801651687,0.9999999982185916
11.884591785129816,0.9999999996448962
13.351736844955687,0.9999999999338218
15.0,0.9999999999884716
