SA(0.6s) [g],Loss_ratio
0.05000000000000001,2.3861290405491342e-06
0.056172467201025755,5.760892905193326e-06
0.06310692142900626,1.3292460288466536e-05
0.07089742948257126,2.931900515423247e-05
0.07964967064493539,6.183674895183232e-05
0.08948237023750269,0.00012475081356844164
0.10052891014472326,0.00024083006022130872
0.11293913815718663,0.0004450942270018133
0.1268814006769336,0.0007879735190990501
0.14254482635890514,0.0013371716454677663
0.16014189166643014,0.0021769341854369685
0.17991130314285533,0.003403641622522246
0.2021212354977168,0.005117532476328501
0.2270729694325259,0.007411932641429364
0.2551049785537617,0.0103632923398981
0.28659752081259104,0.014026922796093893
0.3219777967548112,0.01844372105964637
0.36172574455336326,0.02366171024503734
0.4063805504338082,0.029772831885155848
0.45654796280755766,0.03696082252190501
0.5129085093300529,0.04555151851773133
0.5762267283493882,0.056053984965597006
0.6473615399712076,0.06918035025638815
0.7272778974247632,0.08583415236581694
0.8170598767824696,0.10706064216134137
0.9179253825967483,0.1339570027935196
1.0312426689380967,0.16754552866722877
1.1585488999444697,0.20861884895594968
1.3015710016583038,0.25757373410731416
1.4622490880091454,0.3142582994535438
1.6427627787184707,0.37786407566601926
1.8455607661325835,0.4468955029620543
2.0733940320616497,0.519241224495113
2.329353165215711,0.5923531014537726
2.6169102854537,0.6635135564394954
2.9399661435534976,0.730147156199341
3.3029030354176987,0.7901171609566777
3.710644248503383,0.8419485045176835
4.168720846874621,0.8849361188570871
4.683346700825936,0.9191261871293629
5.261502778863538,0.9451882521299939
5.911031845476362,0.9642185198692894
6.64074484928479,0.977523293712637
7.4605404447366075,0.9864258899011519
8.381539268677866,0.9921250426686122
9.416234793278331,0.9956143696472146
10.578662801651687,0.9976569428265606
11.884591785129816,0.9987998133859699
13.351736844955687,0.9994108815206644
15.0,0.9997230254953945
