SA(0.6s) [g],Loss_ratio
0.05000000000000001,3.951126527340643e-06
0.056172467201025755,8.571415742675281e-06
0.06310692142900626,1.7924702403865347e-05
0.07089742948257126,3.6142686243662014e-05
0.07964967064493539,7.028728825653197e-05
0.08948237023750269,0.0001318747287458677
0.10052891014472326,0.00023880450260291844
0.11293913815718663,0.0004175624205608353
0.1268814006769336,0.0007054123437814142
0.14254482635890514,0.0011521430581704962
0.16014189166643014,0.0018208683615457799
0.17991130314285533,0.0027874801619429184
0.2021212354977168,0.00413869904952826
0.2270729694325259,0.005969261541463189
0.2551049785537617,0.008379525606829436
0.28659752081259104,0.011475441374178604
0.3219777967548112,0.015373115610631788
0.36172574455336326,0.020209805300291574
0.4063805504338082,0.02616195707166972
0.45654796280755766,0.03346895862022519
0.5129085093300529,0.04245894822653462
0.5762267283493882,0.053570894658618105
0.6473615399712076,0.06736580749836862
0.7272778974247632,0.08451983774373785
0.8170598767824696,0.10579342126613109
0.9179253825967483,0.1319734988617734
1.0312426689380967,0.1637900059943665
1.1585488999444697,0.2018128690849276
1.3015710016583038,0.24634105111497484
1.4622490880091454,0.29729982614608097
1.6427627787184707,0.3541651904673533
1.8455607661325835,0.415933803091616
2.0733940320616497,0.4811521245730837
2.329353165215711,0.5480094704795081
2.6169102854537,0.614487845675699
2.9399661435534976,0.6785493012090907
3.3029030354176987,0.7383324246517997
3.710644248503383,0.7923262779007296
4.168720846874621,0.8394939684406588
4.683346700825936,0.8793283034286767
5.261502778863538,0.911835909289264
5.911031845476362,0.937460042633104
6.64074484928479,0.9569625456076236
7.4605404447366075,0.9712898405359193
8.381539268677866,0.9814462450307425
9.416234793278331,0.9883916700854589
10.578662801651687,0.9929723744364505
11.884591785129816,0.9958853783204712
13.351736844955687,0.9976711842168655
15.0,0.9987263683848279
