SA(1.0s) [g],Loss_ratio
0.05000000000000001,2.1773335704022846e-06
0.056172467201025755,5.440289842167933e-06
0.06310692142900626,1.2956117057189021e-05
0.07089742948257126,2.9421197654316835e-05
0.07964967064493539,6.373732235492868e-05
0.08948237023750269,0.00013180732688754525
0.10052891014472326,0.00026039002463095764
0.11293913815718663,0.000491874839404205
0.1268814006769336,0.0008894831793010649
0.14254482635890514,0.0015420832488133697
0.16014189166643014,0.0025677641063285572
0.17991130314285533,0.004115827719775851
0.2021212354977168,0.006368050038149753
0.2270729694325259,0.009541697801385862
0.2551049785537617,0.013898155973063238
0.28659752081259104,0.01976106774032942
0.3219777967548112,0.027545647763042195
0.36172574455336326,0.037796009964065166
0.4063805504338082,0.051220800725240094
0.45654796280755766,0.06871116253326452
0.5129085093300529,0.091321754817627
0.5762267283493882,0.12019770532939314
0.6473615399712076,0.15643929817472244
0.7272778974247632,0.20091140720678463
0.8170598767824696,0.25402340782983485
0.9179253825967483,0.315522662989532
1.0312426689380967,0.3843544731260734
1.1585488999444697,0.45863784560364074
1.3015710016583038,0.5357868146791647
1.4622490880091454,0.6127739278518063
1.6427627787184707,0.6864945233371256
1.8455607661325835,0.7541599865295613
2.0733940320616497,0.8136367884875122
2.329353165215711,0.8636610961438757
2.6169102854537,0.9038923136981051
2.9399661435534976,0.9348114036374134
3.3029030354176987,0.9575066818202917
3.710644248503383,0.9734097023823461
4.168720846874621,0.9840430824202459
4.683346700825936,0.99082483725465
5.261502778863538,0.9949490385930795
5.911031845476362,0.9973397497934221
6.64074484928479,0.9986603734948141
7.4605404447366075,0.9993553696084524
8.381539268677866,0.9997037340406844
9.416234793278331,0.9998700138288008
10.578662801651687,0.9999455776401943
11.884591785129816,0.9999782649530187
13.351736844955687,0.9999917224680418
15.0,0.9999969948473982
