SA(1.0s) [g],Loss_ratio
0.05000000000000001,0.003268001013646271
0.056172467201025755,0.005044989046635723
0.06310692142900626,0.007485617148647889
0.07089742948257126,0.010706731513168123
0.07964967064493539,0.014817087975829098
0.08948237023750269,0.019931856803584745
0.10052891014472326,0.026206017082108124
0.11293913815718663,0.03388524808526996
0.1268814006769336,0.043365874688514446
0.14254482635890514,0.055248994218582884
0.16014189166643014,0.07037032690826457
0.17991130314285533,0.08978791041319284
0.2021212354977168,0.11471457416185914
0.2270729694325259,0.14639044025025033
0.2551049785537617,0.18590168516972186
0.28659752081259104,0.23396479071476378
0.3219777967548112,0.2907092608775974
0.36172574455336326,0.3555032738792785
0.4063805504338082,0.4268708925131024
0.45654796280755766,0.5025407790795435
0.5129085093300529,0.5796423408503035
0.5762267283493882,0.6550295481843845
0.6473615399712076,0.7256757147781254
0.7272778974247632,0.7890579753905915
0.8170598767824696,0.8434487997047675
0.9179253825967483,0.88805586631554
1.0312426689380967,0.922992964946013
1.1585488999444697,0.9491084272907224
1.3015710016583038,0.9677289088279312
1.4622490880091454,0.9803864182506952
1.6427627787184707,0.9885856821477631
1.8455607661325835,0.9936450438561288
2.0733940320616497,0.9966177575781872
2.329353165215711,0.9982804206520759
2.6169102854537,0.9991653730165976
2.9399661435534976,0.9996134809852578
3.3029030354176987,0.9998292981930638
3.710644248503383,0.9999281383657871
4.168720846874621,0.9999711749122259
4.683346700825936,0.9999889871560259
5.261502778863538,0.9999959937287144
5.911031845476362,0.9999986127194086
6.64074484928479,0.9999995428536117
7.4605404447366075,0.9999998566793433
8.381539268677866,0.9999999572603806
9.416234793278331,0.9999999878790677
10.578662801651687,0.9999999967315006
11.884591785129816,0.9999999991620874
13.351736844955687,0.9999999997958146
15.0,0.9999999999527099
