SA(1.0s) [g],Loss_ratio
0.05000000000000001,0.0
0.056172467201025755,0.0
0.06310692142900626,0.0
0.07089742948257126,0.0
0.07964967064493539,5.551115123125783e-18
0.08948237023750269,7.771561172376095e-17
0.10052891014472326,1.1157741397482824e-15
0.11293913815718663,1.5831780331154732e-14
0.1268814006769336,1.95815585968262e-13
0.14254482635890514,2.160244205740014e-12
0.16014189166643014,2.1286356011174236e-11
0.17991130314285533,1.8751407093731133e-10
0.2021212354977168,1.4780885071452589e-09
0.2270729694325259,1.0436427966276085e-08
0.2551049785537617,6.608117619766318e-08
0.28659752081259104,3.756670474752699e-07
0.3219777967548112,1.9199159848048986e-06
0.36172574455336326,8.83263972685233e-06
0.4063805504338082,3.6628124491383526e-05
0.45654796280755766,0.00013710174096164817
0.5129085093300529,0.00046382854763089013
0.5762267283493882,0.0014201401817149073
0.6473615399712076,0.003940333556110592
0.7272778974247632,0.009920713246190338
0.8170598767824696,0.02269765705674489
0.9179253825967483,0.0472662386204134
1.0312426689380967,0.08976349588372505
1.1585488999444697,0.15584507112028365
1.3015710016583038,0.24814602372402997
1.4622490880091454,0.36385867419033224
1.6427627787184707,0.4939468933639774
1.8455607661325835,0.6249903441881581
2.0733940320616497,0.7431759266389051
2.329353165215711,0.8385339849905908
2.6169102854537,0.907318372848215
2.9399661435534976,0.9516468931826307
3.3029030354176987,0.9771553467946467
3.710644248503383,0.990255109731352
4.168720846874621,0.9962559833389065
4.683346700825936,0.9987070267239574
5.261502778863538,0.9995993146468022
5.911031845476362,0.9998887321401305
6.64074484928479,0.9999723449580882
7.4605404447366075,0.9999938541674472
8.381539268677866,0.9999987798432166
9.416234793278331,0.9999997837492327
10.578662801651687,0.9999999658077012
11.884591785129816,0.9999999951795802
13.351736844955687,0.9999999993943598
15.0,0.9999999999322156
