SA(0.3s) [g],Loss_ratio
0.05000000000000001,0.00011015841540711891
0.056172467201025755,0.00019059675817563183
0.06310692142900626,0.0003205855959083959
0.07089742948257126,0.0005244661114274407
0.07964967064493539,0.0008350170456156603
0.08948237023750269,0.001294770696640396
0.10052891014472326,0.0019570080145634274
0.11293913815718663,0.00288640860792268
0.1268814006769336,0.004159544636604668
0.14254482635890514,0.005865699253997631
0.16014189166643014,0.00810879539910227
0.17991130314285533,0.011011428240566445
0.2021212354977168,0.014721964691835161
0.2270729694325259,0.019425274782371865
0.2551049785537617,0.025356820127104312
0.28659752081259104,0.032818582412622484
0.3219777967548112,0.042193851340508834
0.36172574455336326,0.05395653024792025
0.4063805504338082,0.06866977738890868
0.45654796280755766,0.08696890628177606
0.5129085093300529,0.10952483279647308
0.5762267283493882,0.13698706165977406
0.6473615399712076,0.16990901127499813
0.7272778974247632,0.2086627943278099
0.8170598767824696,0.2533545240384506
0.9179253825967483,0.30375379046950146
1.0312426689380967,0.3592512405135244
1.1585488999444697,0.41885566611058617
1.3015710016583038,0.48123672767208403
1.4622490880091454,0.5448121871126004
1.6427627787184707,0.6078706837589762
1.8455607661325835,0.6687143625185366
2.0733940320616497,0.7258016471558258
2.329353165215711,0.7778701654002673
2.6169102854537,0.8240234149387518
2.9399661435534976,0.8637713960537401
3.3029030354176987,0.8970235799918498
3.710644248503383,0.9240403877949824
4.168720846874621,0.9453551916572986
4.683346700825936,0.9616817182051451
5.261502778863538,0.9738214524358676
5.911031845476362,0.9825827931448832
6.64074484928479,0.9887193640899969
7.4605404447366075,0.9928902347596542
8.381539268677866,0.9956408457749316
9.416234793278331,0.9974007628202322
10.578662801651687,0.9984931532316446
11.884591785129816,0.9991508883729484
13.351736844955687,0.9995350190426885
15.0,0.9997526051746521
