SA(1.0s) [g],Loss_ratio
0.05000000000000001,4.763418270936627e-10
0.056172467201025755,1.9739781531580292e-09
0.06310692142900626,7.715683453257682e-09
0.07089742948257126,2.84587863330632e-08
0.07964967064493539,9.910651996292152e-08
0.08948237023750269,3.2606437945226223e-07
0.10052891014472326,1.0142238071608745e-06
0.11293913815718663,2.9850764407646227e-06
0.1268814006769336,8.321141710959657e-06
0.14254482635890514,2.199313987791829e-05
0.16014189166643014,5.518203799203536e-05
0.17991130314285533,0.00013161359337807157
0.2021212354977168,0.00029883674580260535
0.2270729694325259,0.0006469571405785635
0.2551049785537617,0.0013376000022108593
0.28659752081259104,0.0026453725638607706
0.3219777967548112,0.005012215208878623
0.36172574455336326,0.00911108579614458
0.4063805504338082,0.015908912395799613
0.45654796280755766,0.02670993172306669
0.5129085093300529,0.04315129050365936
0.5762267283493882,0.06711740290191072
0.6473615399712076,0.10054439967238621
0.7272778974247632,0.14510713266512437
0.8170598767824696,0.20181979383074808
0.9179253825967483,0.27062887360684795
1.0312426689380967,0.3501149751831939
1.1585488999444697,0.43742454278798815
1.3015710016583038,0.5285085737612023
1.4622490880091454,0.618658274546334
1.6427627787184707,0.703226967126894
1.8455607661325835,0.7783560743264927
2.0733940320616497,0.8415150168337666
2.329353165215711,0.8917266342079971
2.6169102854537,0.9294548304213098
2.9399661435534976,0.956234195566869
3.3029030354176987,0.9741820566008805
3.710644248503383,0.9855355924571321
4.168720846874621,0.9923120422886692
4.683346700825936,0.9961269909664527
5.261502778863538,0.9981521872044921
5.911031845476362,0.9991656924262383
6.64074484928479,0.9996437324857163
7.4605404447366075,0.9998561988225881
8.381539268677866,0.9999451639336159
9.416234793278331,0.9999802533801458
10.578662801651687,0.999993287761767
11.884591785129816,0.9999978470520019
13.351736844955687,0.9999993485958466
15.0,0.9999998141376453
