SA(0.6s) [g],Loss_ratio
0.05000000000000001,6.80249365939134e-06
0.056172467201025755,1.559093904884845e-05
0.06310692142900626,3.4155317661960234e-05
0.07089742948257126,7.154293979477755e-05
0.07964967064493539,0.00014333887371508202
0.08948237023750269,0.00027482053400868515
0.10052891014472326,0.0005045030357066771
0.11293913815718663,0.0008873681796443934
0.1268814006769336,0.0014967063130648384
0.14254482635890514,0.002423383824965475
0.16014189166643014,0.0037717445494951595
0.17991130314285533,0.005652435847107396
0.2021212354977168,0.008174135248708081
0.2270729694325259,0.01143798067098179
0.2551049785537617,0.015539684576110886
0.28659752081259104,0.02058398041791246
0.3219777967548112,0.02671369545485119
0.36172574455336326,0.034151570517118326
0.4063805504338082,0.043247960578017365
0.45654796280755766,0.05452324573448129
0.5129085093300529,0.0686915515792329
0.5762267283493882,0.08665296156516572
0.6473615399712076,0.10944473361141972
0.7272778974247632,0.13814754916029182
0.8170598767824696,0.1737499836418516
0.9179253825967483,0.21698288030595125
1.0312426689380967,0.26814465186200304
1.1585488999444697,0.3269472750971388
1.3015710016583038,0.39241798253448684
1.4622490880091454,0.46288963586333487
1.6427627787184707,0.5361006856513095
1.8455607661325835,0.6094038562997411
2.0733940320616497,0.6800560177244847
2.329353165215711,0.7455383547412961
2.6169102854537,0.8038445428284468
2.9399661435534976,0.8536803141535474
3.3029030354176987,0.8945395506922458
3.710644248503383,0.926652842832633
4.168720846874621,0.9508341271664239
4.683346700825936,0.9682704628971123
5.261502778863538,0.9803046523221459
5.911031845476362,0.9882513823512775
6.64074484928479,0.9932703155526336
7.4605404447366075,0.9963010088941702
8.381539268677866,0.9980502499836131
9.416234793278331,0.9990150020166464
10.578662801651687,0.999523315931284
11.884591785129816,0.9997791157114699
13.351736844955687,0.999902038022398
15.0,0.9999584332495901
