SA(1.0s) [g],Loss_ratio
0.05000000000000001,1.2762856129677758e-05
0.056172467201025755,2.7256246743390115e-05
0.06310692142900626,5.5966422896525096e-05
0.07089742948257126,0.00011055785213560099
0.07964967064493539,0.00021026392171456524
0.08948237023750269,0.00038533043603191096
0.10052891014472326,0.000681172831546123
0.11293913815718663,0.0011630435209852687
0.1268814006769336,0.0019209708835789651
0.14254482635890514,0.0030748804351208026
0.16014189166643014,0.004780197535784731
0.17991130314285533,0.007234797084068912
0.2021212354977168,0.01068866701586515
0.2270729694325259,0.015457674544817786
0.2551049785537617,0.02194189684101566
0.28659752081259104,0.030646801033248752
0.3219777967548112,0.04220226853990061
0.36172574455336326,0.05737081463305362
0.4063805504338082,0.07703370963048609
0.45654796280755766,0.10214369571138956
0.5129085093300529,0.13363695213852422
0.5762267283493882,0.17230526545401786
0.6473615399712076,0.2186408942393263
0.7272778974247632,0.2726786647925241
0.8170598767824696,0.33386857199819997
0.9179253825967483,0.4010137596388485
1.0312426689380967,0.47230083188462524
1.1585488999444697,0.5454323523549728
1.3015710016583038,0.6178487139959904
1.4622490880091454,0.6870044452382901
1.6427627787184707,0.7506492338709365
1.8455607661325835,0.8070614687601437
2.0733940320616497,0.8551930822625604
2.329353165215711,0.8947056738059844
2.6169102854537,0.925902794671017
2.9399661435534976,0.9495845316175092
3.3029030354176987,0.966862616228887
3.710644248503383,0.9789752290967132
4.168720846874621,0.9871322130976443
4.683346700825936,0.9924077993570779
5.261502778863538,0.9956839971472279
5.911031845476362,0.9976371879562312
6.64074484928479,0.9987548702278831
7.4605404447366075,0.9993686624871404
8.381539268677866,0.9996920994393739
9.416234793278331,0.9998556168222433
10.578662801651687,0.9999349198437459
11.884591785129816,0.9999718105251388
13.351736844955687,0.9999882693259795
15.0,0.9999953112480994
