SA(0.6s) [g],Loss_ratio
0.05000000000000001,6.776025149923815e-07
0.056172467201025755,1.7163059323588304e-06
0.06310692142900626,4.159607220549644e-06
0.07089742948257126,9.64837946100805e-06
0.07964967064493539,2.1425281702358582e-05
0.08948237023750269,4.5563652115304665e-05
0.10052891014472326,9.283470272829499e-05
0.11293913815718663,0.00018130945893568565
0.1268814006769336,0.00033963795817624207
0.14254482635890514,0.0006106991554126695
0.16014189166643014,0.0010550249770785894
0.17991130314285533,0.001753201348639777
0.2021212354977168,0.0028065277870139294
0.2270729694325259,0.004335753089018902
0.2551049785537617,0.006478742593328685
0.28659752081259104,0.00938926257464887
0.3219777967548112,0.013240183126502951
0.36172574455336326,0.018234610453464795
0.4063805504338082,0.024627156022465586
0.45654796280755766,0.03275454722894109
0.5129085093300529,0.04307054715426723
0.5762267283493882,0.056175772551690976
0.6473615399712076,0.07282989838267888
0.7272778974247632,0.09393321403657759
0.8170598767824696,0.12046735367228764
0.9179253825967483,0.15339138679628592
1.0312426689380967,0.19349874921458154
1.1585488999444697,0.24125141797466512
1.3015710016583038,0.2966181735566185
1.4622490880091454,0.35895084469456284
1.6427627787184707,0.42693287480696673
1.8455607661325835,0.4986259652301728
2.0733940320616497,0.5716228076813414
2.329353165215711,0.6432902362849133
2.6169102854537,0.7110638365256071
2.9399661435534976,0.7727396836650091
3.3029030354176987,0.8267072397047514
3.710644248503383,0.8720809174159065
4.168720846874621,0.9087125044596029
4.683346700825936,0.9370946858502514
5.261502778863538,0.958188647902055
5.911031845476362,0.9732200507338571
6.64074484928479,0.983485923151079
7.4605404447366075,0.9902031509421474
8.381539268677866,0.9944127403917095
9.416234793278331,0.9969386362190732
10.578662801651687,0.9983894086718837
11.884591785129816,0.9991868227336136
13.351736844955687,0.9996061674692254
15.0,0.9998171137302241
