SA(0.3s) [g],Loss_ratio
0.05000000000000001,5.06842290354248e-07
0.056172467201025755,1.2602731677191504e-06
0.06310692142900626,3.006804969635235e-06
0.07089742948257126,6.884426176628766e-06
0.07964967064493539,1.5129850229828045e-05
0.08948237023750269,3.192267815436134e-05
0.10052891014472326,6.467973720157283e-05
0.11293913815718663,0.0001258819562090341
0.1268814006769336,0.00023541066219393006
0.14254482635890514,0.00042317570190929525
0.16014189166643014,0.0007315450443336924
0.17991130314285533,0.001216796736336101
0.2021212354977168,0.0019486328356599749
0.2270729694325259,0.0030068874367874593
0.2551049785537617,0.004475078592646886
0.28659752081259104,0.006431445760265092
0.3219777967548112,0.008939441829307454
0.36172574455336326,0.012040954119835783
0.4063805504338082,0.015756300062036887
0.45654796280755766,0.02009478123835019
0.5129085093300529,0.025078013540373607
0.5762267283493882,0.030775508310521848
0.6473615399712076,0.03734860861440886
0.7272778974247632,0.04509570118664624
0.8170598767824696,0.054489429067255055
0.9179253825967483,0.06619594115311678
1.0312426689380967,0.08106715537578088
1.1585488999444697,0.1000994108793505
1.3015710016583038,0.12435552077018712
1.4622490880091454,0.1548520377096832
1.6427627787184707,0.19241953783652138
1.8455607661325835,0.23755069190132447
2.0733940320616497,0.29025786689037697
2.329353165215711,0.3499670321133604
2.6169102854537,0.4154752124791229
2.9399661435534976,0.4849923748155896
3.3029030354176987,0.5562749017827523
3.710644248503383,0.6268388665189836
4.168720846874621,0.6942219730677754
4.683346700825936,0.7562493059657847
5.261502778863538,0.8112549046316547
5.911031845476362,0.8582203866498601
6.64074484928479,0.8968109603428068
7.4605404447366075,0.9273123939211407
8.381539268677866,0.9504928970133063
9.416234793278331,0.9674259251777131
10.578662801651687,0.9793114231273501
11.884591785129816,0.9873253804348565
13.351736844955687,0.9925147153141709
15.0,0.9957410553219804
