SA(0.3s) [g],Loss_ratio
0.05000000000000001,2.6527324687997127e-07
0.056172467201025755,6.510926203850965e-07
0.06310692142900626,1.5388387985815213e-06
0.07089742948257126,3.5027432405410064e-06
0.07964967064493539,7.679995387788186e-06
0.08948237023750269,1.622312416416083e-05
0.10052891014472326,3.3023677257171255e-05
0.11293913815718663,6.479574968945023e-05
0.1268814006769336,0.0001225831301572722
0.14254482635890514,0.0002236847399967712
0.16014189166643014,0.0003938710224407171
0.17991130314285533,0.0006695998347445776
0.2021212354977168,0.0010997765102997935
0.2270729694325259,0.001746517141380505
0.2551049785537617,0.0026844679372863838
0.28659752081259104,0.003998595822850465
0.3219777967548112,0.00578101986357556
0.36172574455336326,0.008128304189511293
0.4063805504338082,0.011141441507360378
0.45654796280755766,0.01493117057099891
0.5129085093300529,0.019630925575227217
0.5762267283493882,0.025418373571267167
0.6473615399712076,0.03254418598646699
0.7272778974247632,0.0413637741109179
0.8170598767824696,0.052364852081723
0.9179253825967483,0.06618168166117938
1.0312426689380967,0.08358646154149584
1.1585488999444697,0.10545007665464388
1.3015710016583038,0.13266847924048897
1.4622490880091454,0.16605704716246544
1.6427627787184707,0.2062225806007471
1.8455607661325835,0.25342987993354266
2.0733940320616497,0.30748539766326116
2.329353165215711,0.3676624180304709
2.6169102854537,0.43268907053432704
2.9399661435534976,0.5008117012995458
3.3029030354176987,0.5699327337346207
3.710644248503383,0.6378068545472632
4.168720846874621,0.7022660237311605
4.683346700825936,0.7614362999319326
5.261502778863538,0.8139103066649875
5.911031845476362,0.8588484625003757
6.64074484928479,0.8959974027871518
7.4605404447366075,0.9256310839357758
8.381539268677866,0.9484343076878397
9.416234793278331,0.9653564571843877
10.578662801651687,0.9774639049295845
11.884591785129816,0.9858139184645373
13.351736844955687,0.9913636020407254
15.0,0.9949175645829194
