SA(0.3s) [g],Loss_ratio
0.05000000000000001,3.5484978712085895e-07
0.056172467201025755,8.739962264692202e-07
0.06310692142900626,2.070115804231332e-06
0.07089742948257126,4.71593546271798e-06
0.07964967064493539,1.0334907965203755e-05
0.08948237023750269,2.179212868235747e-05
0.10052891014472326,4.4223134568582846e-05
0.11293913815718663,8.639245369112537e-05
0.1268814006769336,0.00016252469870664535
0.14254482635890514,0.00029454242163404757
0.16014189166643014,0.000514473464898707
0.17991130314285533,0.0008665829406354465
0.2021212354977168,0.001408610687511963
0.2270729694325259,0.002211464140448483
0.2551049785537617,0.003356952476141595
0.28659752081259104,0.00493373279424768
0.3219777967548112,0.007032544656028145
0.36172574455336326,0.009742843795430806
0.4063805504338082,0.01315375510578093
0.45654796280755766,0.01736241309429783
0.5129085093300529,0.022491878873829498
0.5762267283493882,0.02871879342150129
0.6473615399712076,0.03630798537487453
0.7272778974247632,0.04564799561939581
0.8170598767824696,0.057278731980273064
0.9179253825967483,0.0719010534815778
1.0312426689380967,0.09035863014452221
1.1585488999444697,0.11358522739186669
1.3015710016583038,0.14251555601782698
1.4622490880091454,0.17796457492998707
1.6427627787184707,0.2204877943283438
1.8455607661325835,0.27024238400846834
2.0733940320616497,0.3268739607085806
2.329353165215711,0.3894548233891326
2.6169102854537,0.4564945434686096
2.9399661435534976,0.5260328357839847
3.3029030354176987,0.5958090513043464
3.710644248503383,0.6634858931326089
4.168720846874621,0.726891640489207
4.683346700825936,0.7842394728148818
5.261502778863538,0.8342866164034972
5.911031845476362,0.876409178274034
6.64074484928479,0.9105870026691381
7.4605404447366075,0.9373114088732407
8.381539268677866,0.9574422603513159
9.416234793278331,0.9720464545776606
10.578662801651687,0.9822473456289865
11.884591785129816,0.9891059934092694
13.351736844955687,0.9935439532389778
15.0,0.9963069849071026
