SA(1.0s) [g],Loss_ratio
0.05000000000000001,1.1096772801033605e-05
0.056172467201025755,2.5450975814367283e-05
0.06310692142900626,5.566370726100556e-05
0.07089742948257126,0.00011615568317085989
0.07964967064493539,0.00023142310841603453
0.08948237023750269,0.0004405963367913879
0.10052891014472326,0.0008024281056643324
0.11293913815718663,0.0013998592505103547
0.1268814006769336,0.0023431858418876132
0.14254482635890514,0.003771272515387636
0.16014189166643014,0.005851411965289338
0.17991130314285533,0.008780170676158593
0.2021212354977168,0.01278924070321802
0.2270729694325259,0.0181608707162676
0.2551049785537617,0.02525578010781223
0.28659752081259104,0.0345520455684028
0.3219777967548112,0.04668687555669667
0.36172574455336326,0.06248628194606974
0.4063805504338082,0.0829630704239714
0.45654796280755766,0.10926393805880324
0.5129085093300529,0.1425534813607524
0.5762267283493882,0.18383660569940832
0.6473615399712076,0.2337391313494348
0.7272778974247632,0.2922851160347523
0.8170598767824696,0.3587226914507836
0.9179253825967483,0.4314518440873666
1.0312426689380967,0.5080933512297516
1.1585488999444697,0.5857084579030817
1.3015710016583038,0.6611405013702486
1.4622490880091454,0.7314143287303216
1.6427627787184707,0.7941098135455793
1.8455607661325835,0.8476303148557764
2.0733940320616497,0.8913150287972773
2.329353165215711,0.9253862484905269
2.6169102854537,0.9507638703687621
2.9399661435534976,0.9688066321822167
3.3029030354176987,0.9810457807394463
3.710644248503383,0.9889639139001793
4.168720846874621,0.9938477648892268
4.683346700825936,0.996718741504484
5.261502778863538,0.9983267834606652
5.911031845476362,0.9991847099275021
6.64074484928479,0.9996206056993796
7.4605404447366075,0.999831468262364
8.381539268677866,0.9999285669604806
9.416234793278331,0.9999711214213103
10.578662801651687,0.9999888683144658
11.884591785129816,0.9999959100464644
13.351736844955687,0.9999985680585931
15.0,0.9999995223932125
