SA(1.0s) [g],Loss_ratio
0.05000000000000001,2.6895714716479444e-08
0.056172467201025755,9.609127535892271e-08
0.06310692142900626,3.232986939938343e-07
0.07089742948257126,1.0250889667551277e-06
0.07964967064493539,3.0657144756918165e-06
0.08948237023750269,8.656731652684213e-06
0.10052891014472326,2.3106831324926082e-05
0.11293913815718663,5.8382414300939277e-05
0.1268814006769336,0.00013984673148419445
0.14254482635890514,0.0003181304944637975
0.16014189166643014,0.0006885994043624555
0.17991130314285533,0.0014210674667553326
0.2021212354977168,0.0028018874451213207
0.2270729694325259,0.005288818851684968
0.2551049785537617,0.009575451134364572
0.28659752081259104,0.016655721355370925
0.3219777967548112,0.027869988299148322
0.36172574455336326,0.044903630501627406
0.4063805504338082,0.06970162006504854
0.45654796280755766,0.10426555522253882
0.5129085093300529,0.15032133782053272
0.5762267283493882,0.20888888033945782
0.6473615399712076,0.2798408787010115
0.7272778974247632,0.36158297049442156
0.8170598767824696,0.450993458297816
0.9179253825967483,0.5437081794527896
1.0312426689380967,0.6347323427389011
1.1585488999444697,0.7192438186097683
1.3015710016583038,0.7933741556862123
1.4622490880091454,0.8547541746673134
1.6427627787184707,0.9026931842124608
1.8455607661325835,0.937987537344976
2.0733940320616497,0.9624688432624118
2.329353165215711,0.9784594946534342
2.6169102854537,0.9882908647730348
2.9399661435534976,0.9939782597425041
3.3029030354176987,0.9970729494330476
3.710644248503383,0.9986563590822163
4.168720846874621,0.9994179522807196
4.683346700825936,0.9997622220422555
5.261502778863538,0.9999084475536328
5.911031845476362,0.9999667930112695
6.64074484928479,0.999988659024257
7.4605404447366075,0.9999963545244541
8.381539268677866,0.9999988974942984
9.416234793278331,0.9999996863922708
10.578662801651687,0.999999916123038
11.884591785129816,0.9999999789121582
13.351736844955687,0.9999999950174706
15.0,0.9999999988938839
