SA(1.0s) [g],Loss_ratio
0.05000000000000001,0.00035617386326557425
0.056172467201025755,0.0006303016899826765
0.06310692142900626,0.0010729943080132643
0.07089742948257126,0.0017589549202809806
0.07964967064493539,0.002780218355666431
0.08948237023750269,0.004243951543825974
0.10052891014472326,0.00626908745942097
0.11293913815718663,0.008983872437820178
0.1268814006769336,0.012527525701097948
0.14254482635890514,0.01705957460338782
0.16014189166643014,0.02277946647244406
0.17991130314285533,0.029956515485593766
0.2021212354977168,0.038966411397395616
0.2270729694325259,0.05032626298389827
0.2551049785537617,0.06471671333918827
0.28659752081259104,0.08297830013133328
0.3219777967548112,0.10607084786113956
0.36172574455336326,0.13498960419623626
0.4063805504338082,0.17063975283840016
0.45654796280755766,0.21368086741210962
0.5129085093300529,0.2643631179236233
0.5762267283493882,0.32238519057075155
0.6473615399712076,0.38680707335547326
0.7272778974247632,0.4560465470259526
0.8170598767824696,0.5279753527234605
0.9179253825967483,0.6001111506989182
1.0312426689380967,0.6698790456818176
1.1585488999444697,0.734898079111926
1.3015710016583038,0.7932398526257143
1.4622490880091454,0.8436117196926998
1.6427627787184707,0.8854346879685974
1.8455607661325835,0.918810965486949
2.0733940320616497,0.9444003400229205
2.329353165215711,0.9632413356231695
2.6169102854537,0.9765585194275518
2.9399661435534976,0.9855917499462524
3.3029030354176987,0.9914702626548623
3.710644248503383,0.9951394423953388
4.168720846874621,0.9973354895484164
4.683346700825936,0.998595542392135
5.261502778863538,0.9992885241913796
5.911031845476362,0.9996537486472709
6.64074484928479,0.9998381773620443
7.4605404447366075,0.9999273968545405
8.381539268677866,0.9999687388048916
9.416234793278331,0.9999870857959343
10.578662801651687,0.9999948828200322
11.884591785129816,0.9999980555633976
13.351736844955687,0.9999992916220066
15.0,0.9999997526221395
