SA(1.0s) [g],Loss_ratio
0.05000000000000001,2.8929247886111403e-12
0.056172467201025755,1.6473106212444576e-11
0.06310692142900626,8.766001813320656e-11
0.07089742948257126,4.3611356193018485e-10
0.07964967064493539,2.0294867508763304e-09
0.08948237023750269,8.839107573654915e-09
0.10052891014472326,3.605349199187202e-08
0.11293913815718663,1.378230165272054e-07
0.1268814006769336,4.941866156904507e-07
0.14254482635890514,1.6636303310058054e-06
0.16014189166643014,5.263372504932251e-06
0.17991130314285533,1.566747371695709e-05
0.2021212354977168,4.393235906202109e-05
0.2270729694325259,0.00011619113993545094
0.2551049785537617,0.0002902248032757793
0.28659752081259104,0.0006855551445577535
0.3219777967548112,0.0015334033772401335
0.36172574455336326,0.0032516648006815307
0.4063805504338082,0.006544466226611123
0.45654796280755766,0.012513839584146208
0.5129085093300529,0.022752384716672926
0.5762267283493882,0.039364673127181
0.6473615399712076,0.06485190084845445
0.7272778974247632,0.10180409868993957
0.8170598767824696,0.15239014673481988
0.9179253825967483,0.21771722786672795
1.0312426689380967,0.2972236256088616
1.1585488999444697,0.388325478609188
1.3015710016583038,0.4865116357730203
1.4622490880091454,0.5859549286967347
1.6427627787184707,0.680521243495398
1.8455607661325835,0.7648933882629951
2.0733940320616497,0.835470215343324
2.329353165215711,0.8907868709804387
2.6169102854537,0.9313881800948867
2.9399661435534976,0.9592815214529218
3.3029030354176987,0.9772101467259153
3.710644248503383,0.9879874375455302
4.168720846874621,0.9940441454499589
4.683346700825936,0.9972253530298267
5.261502778863538,0.9987865342338037
5.911031845476362,0.9995021995970577
6.64074484928479,0.9998085806452988
7.4605404447366075,0.9999310473295392
8.381539268677866,0.9999767451174176
9.416234793278331,0.9999926605220543
10.578662801651687,0.999997833206544
11.884591785129816,0.9999994018575088
13.351736844955687,0.9999998456603442
15.0,0.9999999627863454
