SA(0.3s) [g],Loss_ratio
0.05000000000000001,0.00010329348690379382
0.056172467201025755,0.00017575583696138322
0.06310692142900626,0.0002910353898021079
0.07089742948257126,0.00046912980420862346
0.07964967064493539,0.0007363468848366639
0.08948237023750269,0.001125819808536771
0.10052891014472326,0.0016774011483012886
0.11293913815718663,0.0024367379477747866
0.1268814006769336,0.003453459316165431
0.14254482635890514,0.004778630147483958
0.16014189166643014,0.006461921867558374
0.17991130314285533,0.008549274392606028
0.2021212354977168,0.011082094503265461
0.2270729694325259,0.0140991601430142
0.2551049785537617,0.017642289147235483
0.28659752081259104,0.021766428147786527
0.3219777967548112,0.02655412140650364
0.36172574455336326,0.032133395377480764
0.4063805504338082,0.03869707100591302
0.45654796280755766,0.04652056417486605
0.5129085093300529,0.055974542830069016
0.5762267283493882,0.06752855025185223
0.6473615399712076,0.08174201151195931
0.7272778974247632,0.09923999078415471
0.8170598767824696,0.12067266531867407
0.9179253825967483,0.14665964365354847
1.0312426689380967,0.17772278923655943
1.1585488999444697,0.21421380078305777
1.3015710016583038,0.25624501324800253
1.4622490880091454,0.30363320951338296
1.6427627787184707,0.35586618452198027
1.8455607661325835,0.4121000497699468
2.0733940320616497,0.4711917779592875
2.329353165215711,0.5317666376085414
2.6169102854537,0.5923147298702501
2.9399661435534976,0.6513058643601879
3.3029030354176987,0.7073085833340935
3.710644248503383,0.7590980963807266
4.168720846874621,0.805739550635688
4.683346700825936,0.8466371408485391
5.261502778863538,0.8815451997137652
5.911031845476362,0.9105433987727976
6.64074484928479,0.9339833070542612
7.4605404447366075,0.9524168608416804
8.381539268677866,0.9665183559899442
9.416234793278331,0.9770104992082501
10.578662801651687,0.9846024104110862
11.884591785129816,0.9899440577762213
13.351736844955687,0.9935982366779083
15.0,0.996028491454223
