SA(0.3s) [g],Loss_ratio
0.05000000000000001,1.4894541016718944e-06
0.056172467201025755,3.4475018340141e-06
0.06310692142900626,7.675166335630035e-06
0.07089742948257126,1.6438536385215972e-05
0.07964967064493539,3.387896929476497e-05
0.08948237023750269,6.72055598766097e-05
0.10052891014472326,0.00012835868402810702
0.11293913815718663,0.00023613133066215932
0.1268814006769336,0.00041858809471432835
0.14254482635890514,0.0007154253456039706
0.16014189166643014,0.001179723583366926
0.17991130314285533,0.0018784516506177465
0.2021212354977168,0.002891216085250153
0.2270729694325259,0.004307211704596137
0.2551049785537617,0.006221138388269531
0.28659752081259104,0.008729869077414161
0.3219777967548112,0.011932575318990906
0.36172574455336326,0.015937405923605673
0.4063805504338082,0.02087724787310637
0.45654796280755766,0.026935342120692
0.5129085093300529,0.034378690216327806
0.5762267283493882,0.043593779850664115
0.6473615399712076,0.05511600281529892
0.7272778974247632,0.06964217788434444
0.8170598767824696,0.08801564089213472
0.9179253825967483,0.11117592146788614
1.0312426689380967,0.1400701486197254
1.1585488999444697,0.1755305744071566
1.3015710016583038,0.21813099000855962
1.4622490880091454,0.26804277710230673
1.6427627787184707,0.32491686198236924
1.8455607661325835,0.3878187705958351
2.0733940320616497,0.4552387115209345
2.329353165215711,0.5251868994541666
2.6169102854537,0.595367917802452
2.9399661435534976,0.6634105131657535
3.3029030354176987,0.7271155982267321
3.710644248503383,0.7846796955265689
4.168720846874621,0.8348557139295498
4.683346700825936,0.8770268130213918
5.261502778863538,0.9111882563654533
5.911031845476362,0.9378511058323001
6.64074484928479,0.9578952856983665
7.4605404447366075,0.9724049578090485
8.381539268677866,0.9825161611106007
9.416234793278331,0.9892976187496295
10.578662801651687,0.9936741155742522
11.884591785129816,0.996391368982692
13.351736844955687,0.9980141408442643
15.0,0.9989461900345351
