SA(0.6s) [g],Loss_ratio
0.05000000000000001,8.657881810458792e-06
0.056172467201025755,2.015234349674877e-05
0.06310692142900626,4.4703744859708745e-05
0.07089742948257126,9.454990261791308e-05
0.07964967064493539,0.00019077188928008916
0.08948237023750269,0.00036744861266886365
0.10052891014472326,0.000676196310009447
0.11293913815718663,0.0011901504746427594
0.1268814006769336,0.002006155310385599
0.14254482635890514,0.003244127590644291
0.16014189166643014,0.005043551188927709
0.17991130314285533,0.0075588582819308865
0.2021212354977168,0.010957600277612644
0.2270729694325259,0.015426828987244436
0.2551049785537617,0.021192794505353975
0.28659752081259104,0.028556062539506433
0.3219777967548112,0.03793854144639573
0.36172574455336326,0.04993197060939423
0.4063805504338082,0.06533134610476288
0.45654796280755766,0.0851338942804434
0.5129085093300529,0.1104862525903228
0.5762267283493882,0.14257008019821332
0.6473615399712076,0.18242884505192603
0.7272778974247632,0.23075436940539804
0.8170598767824696,0.2876679743083236
0.9179253825967483,0.3525434329540179
1.0312426689380967,0.4239221321369675
1.1585488999444697,0.4995602901192513
1.3015710016583038,0.5766226773345002
1.4622490880091454,0.6520016589787937
1.6427627787184707,0.7227048385896796
1.8455607661325835,0.7862318149136357
2.0733940320616497,0.8408601372063786
2.329353165215711,0.8857840405972536
2.6169102854537,0.9210892002125944
2.9399661435534976,0.9475886155730954
3.3029030354176987,0.9665748173630406
3.710644248503383,0.9795536416648102
4.168720846874621,0.9880150310839801
4.683346700825936,0.9932738654858423
5.261502778863538,0.9963886466329007
5.911031845476362,0.9981462419406592
6.64074484928479,0.9990908231755945
7.4605404447366075,0.9995741890406142
8.381539268677866,0.999809654012318
9.416234793278331,0.999918822451682
10.578662801651687,0.9999669843626245
11.884591785129816,0.9999871991582449
13.351736844955687,0.9999952701050795
15.0,0.9999983349337935
