SA(0.3s) [g],Loss_ratio
0.05000000000000001,3.888090882586682e-09
0.056172467201025755,1.2079912925511138e-08
0.06310692142900626,3.5920609547934747e-08
0.07089742948257126,1.0224217328325126e-07
0.07964967064493539,2.786021391976146e-07
0.08948237023750269,7.269046903735089e-07
0.10052891014472326,1.8163140354798826e-06
0.11293913815718663,4.347307502072794e-06
0.1268814006769336,9.969612245769311e-06
0.14254482635890514,2.1912829820619486e-05
0.16014189166643014,4.617868167240969e-05
0.17991130314285533,9.334732776499766e-05
0.2021212354977168,0.00018109937683898902
0.2270729694325259,0.0003374261998723815
0.2551049785537617,0.0006042949236836682
0.28659752081259104,0.0010413020987880938
0.3219777967548112,0.0017287077494073768
0.36172574455336326,0.002769353886842957
0.4063805504338082,0.004289486043356561
0.45654796280755766,0.006439434964768276
0.5129085093300529,0.009396264915648456
0.5762267283493882,0.01337136573749292
0.6473615399712076,0.018625889079686854
0.7272778974247632,0.025495306902946546
0.8170598767824696,0.03442100839526323
0.9179253825967483,0.04598223305088763
1.0312426689380967,0.060916982436310184
1.1585488999444697,0.08011758316577121
1.3015710016583038,0.10458702890959252
1.4622490880091454,0.13534727396744559
1.6427627787184707,0.17330033831741012
1.8455607661325835,0.21905602155348144
2.0733940320616497,0.27275335230327735
2.329353165215711,0.3339127082800867
2.6169102854537,0.4013577975618091
2.9399661435534976,0.4732386269665507
3.3029030354176987,0.547168156602122
3.710644248503383,0.6204600911236112
4.168720846874621,0.6904298781134192
4.683346700825936,0.7547033603774288
5.261502778863538,0.8114738373351668
5.911031845476362,0.8596603657248618
6.64074484928479,0.8989444398257957
7.4605404447366075,0.9296910522558978
8.381539268677866,0.9527846877033582
9.416234793278331,0.9694243677221865
10.578662801651687,0.9809221700197538
11.884591785129816,0.9885390209680409
13.351736844955687,0.9933753129554866
15.0,0.9963178522232925
