SA(0.6s) [g],Loss_ratio
0.05000000000000001,6.9111383282916e-15
0.056172467201025755,4.691802502065912e-14
0.06310692142900626,2.978395308161907e-13
0.07089742948257126,1.7682189046297483e-12
0.07964967064493539,9.816730761613714e-12
0.08948237023750269,5.0974935383862894e-11
0.10052891014472326,2.476235938519977e-10
0.11293913815718663,1.1255651077846095e-09
0.1268814006769336,4.788604868188885e-09
0.14254482635890514,1.907417213065088e-08
0.16014189166643014,7.116179973065684e-08
0.17991130314285533,2.487785730476144e-07
0.2021212354977168,8.15429360306874e-07
0.2270729694325259,2.5076200217077905e-06
0.2551049785537617,7.240993856905132e-06
0.28659752081259104,1.9653219015819403e-05
0.3219777967548112,5.019982503778331e-05
0.36172574455336326,0.00012085163289704548
0.4063805504338082,0.0002747059347311454
0.45654796280755766,0.000590860095405027
0.5129085093300529,0.0012055984995852254
0.5762267283493882,0.002340380379565693
0.6473615399712076,0.004336539707030041
0.7272778974247632,0.007696171512469013
0.8170598767824696,0.013127877477117696
0.9179253825967483,0.02159333003770611
1.0312426689380967,0.03434395002779116
1.1585488999444697,0.05292580035710606
1.3015710016583038,0.07911859891408021
1.4622490880091454,0.11477034647541112
1.6427627787184707,0.1615037718172942
1.8455607661325835,0.22031121484927896
2.0733940320616497,0.2911140141576875
2.329353165215711,0.37241744371207286
2.6169102854537,0.46120968104398224
2.9399661435534976,0.5532082918769832
3.3029030354176987,0.6434529474613212
3.710644248503383,0.7271158898167119
4.168720846874621,0.8003098041505337
4.683346700825936,0.860663699028375
5.261502778863538,0.9075194560623911
5.911031845476362,0.9417372322276524
6.64074484928479,0.9652242719361344
7.4605404447366075,0.9803665794188536
8.381539268677866,0.9895304382640817
9.416234793278331,0.9947334223781386
10.578662801651687,0.9975035841498059
11.884591785129816,0.9988860330047198
13.351736844955687,0.9995324554039711
15.0,0.9998155660724671
