SA(0.6s) [g],Loss_ratio
0.05000000000000001,6.31563639663657e-07
0.056172467201025755,1.7047476673193174e-06
0.06310692142900626,4.375906351994363e-06
0.07089742948257126,1.0684605826744021e-05
0.07964967064493539,2.4823908047583167e-05
0.08948237023750269,5.4899454249096594e-05
0.10052891014472326,0.00011562479857375464
0.11293913815718663,0.00023203926641523486
0.1268814006769336,0.00044401595593771546
0.14254482635890514,0.0008108402533908932
0.16014189166643014,0.0014146256290469394
0.17991130314285533,0.0023610958343361355
0.2021212354977168,0.0037766949142955418
0.2270729694325259,0.005802374450693676
0.2551049785537617,0.008586647385616895
0.28659752081259104,0.012282890237996918
0.3219777967548112,0.017057197577719358
0.36172574455336326,0.023112053564861613
0.4063805504338082,0.030727032484018812
0.45654796280755766,0.040311237373853975
0.5129085093300529,0.05245505075220682
0.5762267283493882,0.06796343842455657
0.6473615399712076,0.08785158235820942
0.7272778974247632,0.11328699528344291
0.8170598767824696,0.14547032509178187
0.9179253825967483,0.1854589549680707
1.0312426689380967,0.23395203895172123
1.1585488999444697,0.2910708145669303
1.3015710016583038,0.3561803645026264
1.4622490880091454,0.4278032182027943
1.6427627787184707,0.5036659700268298
1.8455607661325835,0.5808952576203867
2.0733940320616497,0.6563429879764713
2.329353165215711,0.7269832314859213
2.6169102854537,0.7902984963203286
2.9399661435534976,0.8445719038171529
3.3029030354176987,0.8890262378307626
3.710644248503383,0.9237927410765552
4.168720846874621,0.9497368072144015
4.683346700825936,0.9681992141006088
5.261502778863538,0.9807214802145312
5.911031845476362,0.9888127538942599
6.64074484928479,0.9937913381230963
7.4605404447366075,0.9967073110709683
8.381539268677866,0.9983324831100272
9.416234793278331,0.999194105896922
10.578662801651687,0.9996285296735343
11.884591785129816,0.9998367757588849
13.351736844955687,0.9999316625841749
15.0,0.9999727500705617
