SA(0.6s) [g],Loss_ratio
0.05000000000000001,0.0003511119012127861
0.056172467201025755,0.0006175112415627793
0.06310692142900626,0.0010440338978759402
0.07089742948257126,0.0016979112180702028
0.07964967064493539,0.00265803689710134
0.08948237023750269,0.004009026920949782
0.10052891014472326,0.0058321511898212445
0.11293913815718663,0.008194713270246496
0.1268814006769336,0.011140889173421743
0.14254482635890514,0.01468807210313292
0.16014189166643014,0.018832852316272786
0.17991130314285533,0.023569524253018097
0.2021212354977168,0.028921492744764372
0.2270729694325259,0.03498265607307628
0.2551049785537617,0.04196262564689774
0.28659752081259104,0.05022738244633266
0.3219777967548112,0.06032623948440034
0.36172574455336326,0.07299683345905562
0.4063805504338082,0.08914191474981949
0.45654796280755766,0.10977441925267911
0.5129085093300529,0.1359304276191946
0.5762267283493882,0.16855335354560005
0.6473615399712076,0.20835753120604344
0.7272778974247632,0.25568545745166216
0.8170598767824696,0.31037945521988575
0.9179253825967483,0.371693332659797
1.0312426689380967,0.43826977728168665
1.1585488999444697,0.5082022757657285
1.3015710016583038,0.5791858592905781
1.4622490880091454,0.6487415563561879
1.6427627787184707,0.7144804369539849
1.8455607661325835,0.774360869176818
2.0733940320616497,0.8268918182196109
2.329353165215711,0.8712467158170983
2.6169102854537,0.9072732741553321
2.9399661435534976,0.9354081423668572
3.3029030354176987,0.9565244424878561
3.710644248503383,0.9717499645866576
4.168720846874621,0.9822927747157048
4.683346700825936,0.9893014200133116
5.261502778863538,0.9937732174380095
5.911031845476362,0.9965109356196191
6.64074484928479,0.9981188100483324
7.4605404447366075,0.9990244994185109
8.381539268677866,0.9995136977925674
9.416234793278331,0.9997670304960252
10.578662801651687,0.9998927858294638
11.884591785129816,0.9999526166255663
13.351736844955687,0.9999798954809292
15.0,0.9999918127115228
