SA(0.3s) [g],Loss_ratio
0.05000000000000001,9.658482458263506e-10
0.056172467201025755,3.0179922061446265e-09
0.06310692142900626,9.055136185320834e-09
0.07089742948257126,2.6090216403984456e-08
0.07964967064493539,7.219524685853074e-08
0.08948237023750269,1.918823598678898e-07
0.10052891014472326,4.899029371896456e-07
0.11293913815718663,1.2016926072888622e-06
0.1268814006769336,2.832389575191385e-06
0.14254482635890514,6.416031405681588e-06
0.16014189166643014,1.3970867446427837e-05
0.17991130314285533,2.9250125116520032e-05
0.2021212354977168,5.889815425068057e-05
0.2270729694325259,0.00011410114358765267
0.2551049785537617,0.00021274823584411796
0.28659752081259104,0.0003819787386247554
0.3219777967548112,0.0006607933160979074
0.36172574455336326,0.0011022008966188879
0.4063805504338082,0.0017742557626334089
0.45654796280755766,0.0027594407762641217
0.5129085093300529,0.004152288629188005
0.5762267283493882,0.00605593205066432
0.6473615399712076,0.008579305170124403
0.7272778974247632,0.011837661457834431
0.8170598767824696,0.015959471754635735
0.9179253825967483,0.021102169643932155
1.0312426689380967,0.02747737773654983
1.1585488999444697,0.03538331069989924
1.3015710016583038,0.04523857356698157
1.4622490880091454,0.0576084478543232
1.6427627787184707,0.07321296817538428
1.8455607661325835,0.09290645128049858
2.0733940320616497,0.1176210872393536
2.329353165215711,0.1482727066624432
2.6169102854537,0.185634362222058
2.9399661435534976,0.23019183809600566
3.3029030354176987,0.2820030017000256
3.710644248503383,0.3405879506015975
4.168720846874621,0.4048770101974191
4.683346700825936,0.4732372642387668
5.261502778863538,0.5435854237337012
5.911031845476362,0.6135775612887033
6.64074484928479,0.6808486634353158
7.4605404447366075,0.7432621229878553
8.381539268677866,0.799125436791838
9.416234793278331,0.8473352019854729
10.578662801651687,0.8874303481831686
11.884591785129816,0.9195528232573958
13.351736844955687,0.9443338174313105
15.0,0.9627360527377985
