SA(1.0s) [g],Loss_ratio
0.05000000000000001,9.978806669863617e-11
0.056172467201025755,4.2483162543405235e-10
0.06310692142900626,1.7105426630692477e-09
0.07089742948257126,6.516229056341417e-09
0.07964967064493539,2.349610674912128e-08
0.08948237023750269,8.023303016413408e-08
0.10052891014472326,2.5961001461904945e-07
0.11293913815718663,7.965085738748101e-07
0.1268814006769336,2.318944558576952e-06
0.14254482635890514,6.4120195261419e-06
0.16014189166643014,1.6854784360514908e-05
0.17991130314285533,4.2163908091669144e-05
0.2021212354977168,0.00010049793312551515
0.2270729694325259,0.00022851765344533148
0.2551049785537617,0.000496369790664819
0.28659752081259104,0.0010313485494653385
0.3219777967548112,0.0020526209697784075
0.36172574455336326,0.003918143565685723
0.4063805504338082,0.007181922403013491
0.45654796280755766,0.012654566784114885
0.5129085093300529,0.021452699037546683
0.5762267283493882,0.035014454132298825
0.6473615399712076,0.05505210421003319
0.7272778974247632,0.08341366270862616
0.8170598767824696,0.12183845751804612
0.9179253825967483,0.17161971980361362
1.0312426689380967,0.23322632763300347
1.1585488999444697,0.3059735526953152
1.3015710016583038,0.387850586997012
1.4622490880091454,0.4755943999192957
1.6427627787184707,0.5650411725145718
1.8455607661325835,0.6517032613577336
2.0733940320616497,0.731442302997331
2.329353165215711,0.8010710423520782
2.6169102854537,0.8587363275157421
2.9399661435534976,0.9040065347919446
3.3029030354176987,0.9376789105190115
3.710644248503383,0.9613988317538911
4.168720846874621,0.9772173772028855
4.683346700825936,0.9872009748979734
5.261502778863538,0.9931623100856112
5.911031845476362,0.9965291145806603
6.64074484928479,0.9983271719165067
7.4605404447366075,0.9992350004258562
8.381539268677866,0.9996682427057068
9.416234793278331,0.9998636336218025
10.578662801651687,0.9999468964276662
11.884591785129816,0.9999804163933933
13.351736844955687,0.9999931631630188
15.0,0.9999977412485787
