SA(0.3s) [g],Loss_ratio
0.05000000000000001,6.541522671266176e-07
0.056172467201025755,1.5068285842578799e-06
0.06310692142900626,3.351246058491686e-06
0.07089742948257126,7.197748090709278e-06
0.07964967064493539,1.4932801719846901e-05
0.08948237023750269,2.9934124202374295e-05
0.10052891014472326,5.799935493047692e-05
0.11293913815718663,0.00010866561806352482
0.1268814006769336,0.00019696635147146147
0.14254482635890514,0.0003456110238946431
0.16014189166643014,0.0005874898173151011
0.17991130314285533,0.0009683245098407011
0.2021212354977168,0.0015492543677356916
0.2270729694325259,0.0024092188672221572
0.2551049785537617,0.003647222865952388
0.28659752081259104,0.005384943611344906
0.3219777967548112,0.007770581073609256
0.36172574455336326,0.010985185277169674
0.4063805504338082,0.015252664836228221
0.45654796280755766,0.0208540369527966
0.5129085093300529,0.028145078837025234
0.5762267283493882,0.03757447142610064
0.6473615399712076,0.04969718111225178
0.7272778974247632,0.06517588696297832
0.8170598767824696,0.08476257219420892
0.9179253825967483,0.10925372670744872
1.0312426689380967,0.13941635748146267
1.1585488999444697,0.17588796232972076
1.3015710016583038,0.2190608268606239
1.4622490880091454,0.26896781536687947
1.6427627787184707,0.32519124806953803
1.8455607661325835,0.38681667035599326
2.0733940320616497,0.4524483078292529
2.329353165215711,0.5202930690753409
2.6169102854537,0.5883069178077822
2.9399661435534976,0.6543843005484425
3.3029030354176987,0.7165615113415509
3.710644248503383,0.7732011853606624
4.168720846874621,0.823128730583306
4.683346700825936,0.8657015652142883
5.261502778863538,0.9008058387718489
5.911031845476362,0.9287892320368107
6.64074484928479,0.9503490297000154
7.4605404447366075,0.9663997636703178
8.381539268677866,0.9779439271146112
9.416234793278331,0.9859637913490216
10.578662801651687,0.9913444483997816
11.884591785129816,0.9948302318139475
13.351736844955687,0.9970104545802468
15.0,0.9983268314610816
