SA(1.0s) [g],Loss_ratio
0.05000000000000001,2.537649645972806e-10
0.056172467201025755,9.696476399589926e-10
0.06310692142900626,3.5310039558922316e-09
0.07089742948257126,1.2258879589222006e-08
0.07964967064493539,4.0593327071958294e-08
0.08948237023750269,1.282655724021975e-07
0.10052891014472326,3.869323719374318e-07
0.11293913815718663,1.1149743687766114e-06
0.1268814006769336,3.0707999010393115e-06
0.14254482635890514,8.088387627691595e-06
0.16014189166643014,2.0388053900122218e-05
0.17991130314285533,4.9213220108335066e-05
0.2021212354977168,0.00011383448128568509
0.2270729694325259,0.00025249100073582165
0.2551049785537617,0.0005373865684093537
0.28659752081259104,0.0010981835508940717
0.3219777967548112,0.002156123325231518
0.36172574455336326,0.004069373963967565
0.4063805504338082,0.0073868902822302575
0.45654796280755766,0.012902714953560856
0.5129085093300529,0.021695790747483946
0.5762267283493882,0.03513377460224374
0.6473615399712076,0.0548161769982269
0.7272778974247632,0.08243624947088701
0.8170598767824696,0.11955540721271866
0.9179253825967483,0.16730852456034528
1.0312426689380967,0.22608817158883293
1.1585488999444697,0.29528078884770886
1.3015710016583038,0.37313578813999837
1.4622490880091454,0.4568306617833896
1.6427627787184707,0.5427512341664241
1.8455607661325835,0.6269474968500474
2.0733940320616497,0.7056719514623366
2.329353165215711,0.7758796284374114
2.6169102854537,0.8355787071216347
2.9399661435534976,0.8839648951097622
3.3029030354176987,0.9213346820631042
3.710644248503383,0.9488295169658675
4.168720846874621,0.96809629015149
4.683346700825936,0.980952105644674
5.261502778863538,0.9891186223838802
5.911031845476362,0.9940565191380802
6.64074484928479,0.9968979897547278
7.4605404447366075,0.9984538639458097
8.381539268677866,0.9992644058040989
9.416234793278331,0.9996660952567352
10.578662801651687,0.9998554464689362
11.884591785129816,0.9999403373398731
13.351736844955687,0.9999765303901994
15.0,0.9999912034236993
