SA(1.0s) [g],Loss_ratio
0.05000000000000001,1.8144274416265204e-10
0.056172467201025755,8.966226427986612e-10
0.06310692142900626,4.130347680542102e-09
0.07089742948257126,1.77468929773994e-08
0.07964967064493539,7.117246503818286e-08
0.08948237023750269,2.6662492095264053e-07
0.10052891014472326,9.338792890334347e-07
0.11293913815718663,3.0615997850924617e-06
0.1268814006769336,9.406120039934242e-06
0.14254482635890514,2.7119913442658076e-05
0.16014189166643014,7.349674856037547e-05
0.17991130314285533,0.000187545499577485
0.2021212354977168,0.00045145938886563265
0.2270729694325259,0.0010272034725674895
0.2551049785537617,0.0022135026020653203
0.28659752081259104,0.004526064050489043
0.3219777967548112,0.00879715470980313
0.36172574455336326,0.01627820020046659
0.4063805504338082,0.02871114750410413
0.45654796280755766,0.04831523941024176
0.5129085093300529,0.07762595696224298
0.5762267283493882,0.11913753761136939
0.6473615399712076,0.17475264946365818
0.7272778974247632,0.24512999843065086
0.8170598767824696,0.3291137563008608
0.9179253825967483,0.42347565652207575
1.0312426689380967,0.5231521316934877
1.1585488999444697,0.6220060842234024
1.3015710016583038,0.7139394790678313
1.4622490880091454,0.7940269932794521
1.6427627787184707,0.8593191318327644
1.8455607661325835,0.9090935134358666
2.0733940320616497,0.9445494981444265
2.329353165215711,0.9681347639796866
2.6169102854537,0.9827774790576331
2.9399661435534976,0.9912579950146218
3.3029030354176987,0.995837903991568
3.710644248503383,0.9981433752363699
4.168720846874621,0.9992247659367441
4.683346700825936,0.9996972556563611
5.261502778863538,0.9998895066965229
5.911031845476362,0.9999623354459195
6.64074484928479,0.9999880155126231
7.4605404447366075,0.9999964422391832
8.381539268677866,0.9999990150597382
9.416234793278331,0.999999745817742
10.578662801651687,0.999999938873775
11.884591785129816,0.9999999863063919
13.351736844955687,0.9999999971431238
15.0,0.9999999994450729
