SA(1.0s) [g],Loss_ratio
0.05000000000000001,1.435648930228628e-05
0.056172467201025755,3.235192865539416e-05
0.06310692142900626,6.962120877506695e-05
0.07089742948257126,0.0001431837661340585
0.07964967064493539,0.00028167825200279834
0.08948237023750269,0.0005306523280248888
0.10052891014472326,0.0009586691028362682
0.11293913815718663,0.0016636888844737407
0.1268814006769336,0.00277922846982579
0.14254482635890514,0.0044803146614871845
0.16014189166643014,0.0069902632618534305
0.17991130314285533,0.010590501639077692
0.2021212354977168,0.015636263750917784
0.2270729694325259,0.022580037770922334
0.2551049785537617,0.03200138390199545
0.28659752081259104,0.04463623523249768
0.3219777967548112,0.06139237570043207
0.36172574455336326,0.08333299309073476
0.4063805504338082,0.11161010308600564
0.45654796280755766,0.1473366621567048
0.5129085093300529,0.19140080717440672
0.5762267283493882,0.24424544861524478
0.6473615399712076,0.30565598267212163
0.7272778974247632,0.3746109049687136
0.8170598767824696,0.44924786204705286
0.9179253825967483,0.5269779916986075
1.0312426689380967,0.6047471348730713
1.1585488999444697,0.6794029148773617
1.3015710016583038,0.7480948461895736
1.4622490880091454,0.8086224207186681
1.6427627787184707,0.8596589008917653
1.8455607661325835,0.9008124066265878
2.0733940320616497,0.9325289683096747
2.329353165215711,0.9558797965541757
2.6169102854537,0.9722956562675479
2.9399661435534976,0.9833110234657338
3.3029030354176987,0.9903637130389474
3.710644248503383,0.9946708887241925
4.168720846874621,0.9971792332443586
4.683346700825936,0.9985718283851353
5.261502778863538,0.9993087175798767
5.911031845476362,0.9996802740182646
6.64074484928479,0.9998587610085049
7.4605404447366075,0.9999404321901378
8.381539268677866,0.9999760231513396
9.416234793278331,0.9999907922337635
10.578662801651687,0.9999966273598204
11.884591785129816,0.9999988220597865
13.351736844955687,0.999999607798842
15.0,0.9999998755394989
