SA(1.0s) [g],Loss_ratio
0.05000000000000001,8.959499808725014e-15
0.056172467201025755,7.54618589837719e-14
0.06310692142900626,5.850930850925806e-13
0.07089742948257126,4.183936530566256e-12
0.07964967064493539,2.7604196706221277e-11
0.08948237023750269,1.6812193304183154e-10
0.10052891014472326,9.457970018278417e-10
0.11293913815718663,4.918132806563946e-09
0.1268814006769336,2.365781118229826e-08
0.14254482635890514,1.0536726408605367e-07
0.16014189166643014,4.3493212842915526e-07
0.17991130314285533,1.6656828796479673e-06
0.2021212354977168,5.925547261514952e-06
0.2270729694325259,1.960534270871728e-05
0.2551049785537617,6.0408791273280915e-05
0.28659752081259104,0.00017357568786651736
0.3219777967548112,0.00046571796544637165
0.36172574455336326,0.0011683379167537979
0.4063805504338082,0.0027438556398941714
0.45654796280755766,0.006039452722893001
0.5129085093300529,0.012471870181338413
0.5762267283493882,0.024187023049915563
0.6473615399712076,0.04409125131646536
0.7272778974247632,0.07562341747235674
0.8170598767824696,0.12216882816090521
0.9179253825967483,0.18613593365900072
1.0312426689380967,0.2679065792641868
1.1585488999444697,0.36504398134729577
1.3015710016583038,0.4721742864470051
1.4622490880091454,0.5817660269687523
1.6427627787184707,0.685664479145702
1.8455607661325835,0.7768783182164244
2.0733940320616497,0.850978297432589
2.329353165215711,0.9066452035287352
2.6169102854537,0.9452946194172693
2.9399661435534976,0.9700818417730627
3.3029030354176987,0.9847592205078054
3.710644248503383,0.9927801222522314
4.168720846874621,0.9968239199653431
4.683346700825936,0.9987041085117836
5.261502778863538,0.9995100954304937
5.911031845476362,0.9998285524532677
6.64074484928479,0.9999445003136775
7.4605404447366075,0.9999833928590892
8.381539268677866,0.9999954092218923
9.416234793278331,0.9999988282426174
10.578662801651687,0.9999997239750894
11.884591785129816,0.9999999400153885
13.351736844955687,0.9999999879786371
15.0,0.9999999977790027
