SA(0.6s) [g],Loss_ratio
0.05000000000000001,0.0009047284413143564
0.056172467201025755,0.0015144591120329124
0.06310692142900626,0.0024355141832419326
0.07089742948257126,0.003767600873345756
0.07964967064493539,0.005615350204450914
0.08948237023750269,0.008080085336454912
0.10052891014472326,0.011254203948777948
0.11293913815718663,0.015223011876098848
0.1268814006769336,0.0200786521434574
0.14254482635890514,0.02594868158187798
0.16014189166643014,0.033037947718061275
0.17991130314285533,0.0416775362031426
0.2021212354977168,0.05237003481211399
0.2270729694325259,0.06581757599674165
0.2551049785537617,0.08291901206435173
0.28659752081259104,0.10472541103218411
0.3219777967548112,0.13234856956107485
0.36172574455336326,0.16682493778068616
0.4063805504338082,0.20894667999784083
0.45654796280755766,0.2590816497469332
0.5129085093300529,0.31701304965559607
0.5762267283493882,0.3818345488256534
0.6473615399712076,0.45193418717697165
0.7272778974247632,0.5250881187636096
0.8170598767824696,0.59866373149041
0.9179253825967483,0.6699055518928567
1.0312426689380967,0.7362543981646524
1.1585488999444697,0.7956386634680608
1.3015710016583038,0.8466813919785573
1.4622490880091454,0.8887872455554509
1.6427627787184707,0.92210309319916
1.8455607661325835,0.9473751547490108
2.0733940320616497,0.9657455152345066
2.329353165215711,0.97853663415476
2.6169102854537,0.9870648432687702
2.9399661435534976,0.9925076844475585
3.3029030354176987,0.9958318716296255
3.710644248503383,0.9977741989836432
4.168720846874621,0.9988597043598619
4.683346700825936,0.9994398255459781
5.261502778863538,0.9997362373433198
5.911031845476362,0.9998810086573855
6.64074484928479,0.9999485868981799
7.4605404447366075,0.9999787309678851
8.381539268677866,0.9999915781117201
9.416234793278331,0.9999968088785839
10.578662801651687,0.9999988432372157
11.884591785129816,0.9999995989328104
13.351736844955687,0.9999998670233808
15.0,0.9999999578458674
