SA(0.6s) [g],Loss_ratio
0.05000000000000001,1.154047409246406e-07
0.056172467201025755,3.5554697770390224e-07
0.06310692142900626,1.0360229188655093e-06
0.07089742948257126,2.8558885624419e-06
0.07964967064493539,7.449519004143479e-06
0.08948237023750269,1.8393494706125943e-05
0.10052891014472326,4.300372335091507e-05
0.11293913815718663,9.524430162939912e-05
0.1268814006769336,0.00019993317607946428
0.14254482635890514,0.00039802700672585405
0.16014189166643014,0.0007520602651197474
0.17991130314285533,0.001349949800532302
0.2021212354977168,0.0023047792377398958
0.2270729694325259,0.0037484917719976083
0.2551049785537617,0.005819221424877841
0.28659752081259104,0.008645310046409938
0.3219777967548112,0.012332952649561314
0.36172574455336326,0.016967010116802347
0.4063805504338082,0.022633730915586712
0.45654796280755766,0.029468844311200622
0.5129085093300529,0.03772567908706911
0.5762267283493882,0.047848623347157004
0.6473615399712076,0.060531083941647516
0.7272778974247632,0.0767365353819782
0.8170598767824696,0.09766605751402638
0.9179253825967483,0.12466363653865299
1.0312426689380967,0.159059174400731
1.1585488999444697,0.20195845003825638
1.3015710016583038,0.2540010601639299
1.4622490880091454,0.31512272770984845
1.6427627787184707,0.3843740442372161
1.8455607661325835,0.4598551143156632
2.0733940320616497,0.5388145319221089
2.329353165215711,0.6179270452188629
2.6169102854537,0.6937139547657067
2.9399661435534976,0.7630215991758311
3.3029030354176987,0.8234474330520065
3.710644248503383,0.8736136395475422
4.168720846874621,0.913232758326566
4.683346700825936,0.9429710791948566
5.261502778863538,0.9641696043104052
5.911031845476362,0.9785103169896737
6.64074484928479,0.9877114816760763
7.4605404447366075,0.9933075245430049
8.381539268677866,0.9965320743811613
9.416234793278331,0.9982916681142826
10.578662801651687,0.9992006097264313
11.884591785129816,0.9996449162534785
13.351736844955687,0.9998503688983906
15.0,0.9999402146059012
