SA(0.6s) [g],Loss_ratio
0.05000000000000001,2.07137308416705e-09
0.056172467201025755,6.861051349282832e-09
0.06310692142900626,2.1682433459790932e-08
0.07089742948257126,6.538450161297504e-08
0.07964967064493539,1.8817660399350625e-07
0.08948237023750269,5.169724528852893e-07
0.10052891014472326,1.3560706188076033e-06
0.11293913815718663,3.397279466382797e-06
0.1268814006769336,8.131272409539483e-06
0.14254482635890514,1.8601037355508996e-05
0.16014189166643014,4.068894773071042e-05
0.17991130314285533,8.51590088840115e-05
0.2021212354977168,0.00017065138014152326
0.2270729694325259,0.000327713069617247
0.2551049785537617,0.0006037367824958895
0.28659752081259104,0.001068416268323147
0.3219777967548112,0.0018191364909380227
0.36172574455336326,0.0029857849548135256
0.4063805504338082,0.004734957411219126
0.45654796280755766,0.007274438037138376
0.5129085093300529,0.010859873358713606
0.5762267283493882,0.015806130728242745
0.6473615399712076,0.02250518829208869
0.7272778974247632,0.03144999684378857
0.8170598767824696,0.04325964349834683
0.9179253825967483,0.0586962531954568
1.0312426689380967,0.07866009737850907
1.1585488999444697,0.10414840153506831
1.3015710016583038,0.1361670788988019
1.4622490880091454,0.17559372218065128
1.6427627787184707,0.22300367539226662
1.8455607661325835,0.2784860297678386
2.0733940320616497,0.34148851442622924
2.329353165215711,0.41073449030627585
2.6169102854537,0.4842477561279117
2.9399661435534976,0.5595009136284497
3.3029030354176987,0.6336743591809274
3.710644248503383,0.7039834767565096
4.168720846874621,0.7680109972819406
4.683346700825936,0.8239774796208197
5.261502778863538,0.8708977285226718
5.911031845476362,0.9086001660623351
6.64074484928479,0.9376200322835823
7.4605404447366075,0.959004918911721
8.381539268677866,0.9740847723234776
9.416234793278331,0.9842561511819977
10.578662801651687,0.9908158982622421
11.884591785129816,0.9948594850286983
13.351736844955687,0.9972411503347046
15.0,0.9985811460681457
