SA(0.3s) [g],Loss_ratio
0.05000000000000001,2.1126802776105794e-07
0.056172467201025755,4.5145350692221696e-07
0.06310692142900626,9.396606276468321e-07
0.07089742948257126,1.9052133132413384e-06
0.07964967064493539,3.7633166394102083e-06
0.08948237023750269,7.242648064514912e-06
0.10052891014472326,1.3582326402500346e-05
0.11293913815718663,2.482325358091342e-05
0.1268814006769336,4.421981309028489e-05
0.14254482635890514,7.679353845049253e-05
0.16014189166643014,0.00013003795596490674
0.17991130314285533,0.0002147614111822349
0.2021212354977168,0.00034602243911545654
0.2270729694325259,0.0005440738963986502
0.2551049785537617,0.0008351962735183794
0.28659752081259104,0.0012522810332764034
0.3219777967548112,0.0018350385381718294
0.36172574455336326,0.0026297685323600105
0.4063805504338082,0.0036887537684452353
0.45654796280755766,0.005069514718877544
0.5129085093300529,0.006834370912864175
0.5762267283493882,0.009050945864885772
0.6473615399712076,0.011794363825404471
0.7272778974247632,0.015151847914418514
0.8170598767824696,0.019230182903603302
0.9179253825967483,0.024166026656373914
1.0312426689380967,0.030138366303505228
1.1585488999444697,0.03738160123246502
1.3015710016583038,0.046196932005419626
1.4622490880091454,0.056959116621662545
1.6427627787184707,0.07011540573331823
1.8455607661325835,0.08617374210071085
2.0733940320616497,0.10567819886140961
2.329353165215711,0.12917113300973287
2.6169102854537,0.15714352489207
2.9399661435534976,0.18997721853294677
3.3029030354176987,0.22788492033842206
3.710644248503383,0.2708554379112458
4.168720846874621,0.3186123319989363
4.683346700825936,0.3705935924379796
5.261502778863538,0.4259580025450729
5.911031845476362,0.4836206595771089
6.64074484928479,0.5423160948845416
7.4605404447366075,0.6006832518668653
8.381539268677866,0.6573630190772217
9.416234793278331,0.7110968121726016
10.578662801651687,0.7608143472837768
11.884591785129816,0.8057003708267999
13.351736844955687,0.845233407014115
15.0,0.8791938977117015
