SA(0.3s) [g],Loss_ratio
0.05000000000000001,4.5334396194807167e-07
0.056172467201025755,1.0423548638227587e-06
0.06310692142900626,2.3164675309550465e-06
0.07089742948257126,4.976402767054023e-06
0.07964967064493539,1.033585459978559e-05
0.08948237023750269,2.075821866384664e-05
0.10052891014472326,4.032068642080278e-05
0.11293913815718663,7.576234387476899e-05
0.1268814006769336,0.0001377447158160461
0.14254482635890514,0.0002423925976031638
0.16014189166643014,0.0004129869310395107
0.17991130314285533,0.0006815601890625578
0.2021212354977168,0.0010900281318450445
0.2270729694325259,0.0016904306386242853
0.2551049785537617,0.002543911970304763
0.28659752081259104,0.003718303179487015
0.3219777967548112,0.005284595636699125
0.36172574455336326,0.007313167981273294
0.4063805504338082,0.009871221385355455
0.45654796280755766,0.013023293962696494
0.5129085093300529,0.01683674747548879
0.5762267283493882,0.02139358233526112
0.6473615399712076,0.026808799470963325
0.7272778974247632,0.033253919014610875
0.8170598767824696,0.04098247647155889
0.9179253825967483,0.05035273432703106
1.0312426689380967,0.0618418562516851
1.1585488999444697,0.07604568294050633
1.3015710016583038,0.09365916825518303
1.4622490880091454,0.11543448271785633
1.6427627787184707,0.14211665643177754
1.8455607661325835,0.1743602072456883
2.0733940320616497,0.2126341493491185
2.329353165215711,0.25712657783373694
2.6169102854537,0.3076629168458064
2.9399661435534976,0.3636529739885995
3.3029030354176987,0.4240802899008007
3.710644248503383,0.4875424519695519
4.168720846874621,0.5523433684663976
4.683346700825936,0.6166292289331868
5.261502778863538,0.678551039393203
5.911031845476362,0.7364305036510467
6.64074484928479,0.7889044414503692
7.4605404447366075,0.8350265794296645
8.381539268677866,0.8743136693938793
9.416234793278331,0.9067334697878522
10.578662801651687,0.9326425266770878
11.884591785129816,0.9526894631869469
13.351736844955687,0.9677031012051761
15.0,0.9785839396351593
