SA(0.6s) [g],Loss_ratio
0.05000000000000001,1.1538802258126425e-08
0.056172467201025755,3.850546826389412e-08
0.06310692142900626,1.218020338755732e-07
0.07089742948257126,3.652962308198227e-07
0.07964967064493539,1.038956965571103e-06
0.08948237023750269,2.803068635909289e-06
0.10052891014472326,7.176283232590564e-06
0.11293913815718663,1.7440987559347313e-05
0.1268814006769336,4.025897013807401e-05
0.14254482635890514,8.83157148679148e-05
0.16014189166643014,0.00018425696777095158
0.17991130314285533,0.0003659556716128998
0.2021212354977168,0.0006927292597245837
0.2270729694325259,0.0012516203950730942
0.2551049785537617,0.002162538764631483
0.28659752081259104,0.003581343986809554
0.3219777967548112,0.005701154789668073
0.36172574455336326,0.008754213150547835
0.4063805504338082,0.013018753165497094
0.45654796280755766,0.018836135560435792
0.5129085093300529,0.026641522695175064
0.5762267283493882,0.037005870153122344
0.6473615399712076,0.05067882795862165
0.7272778974247632,0.06861380899535377
0.8170598767824696,0.09195156221458674
0.9179253825967483,0.1219404546271266
1.0312426689380967,0.15978222385892915
1.1585488999444697,0.20641073420617656
1.3015710016583038,0.26223490153676066
1.4622490880091454,0.32689920060410416
1.6427627787184707,0.399127750469135
1.8455607661325835,0.476712910361608
2.0733940320616497,0.5566827021538971
2.329353165215711,0.6356370619634155
2.6169102854537,0.7101935346332281
2.9399661435534976,0.7774463330225321
3.3029030354176987,0.8353340704090828
3.710644248503383,0.8828361407038309
4.168720846874621,0.9199672799166891
4.683346700825936,0.9475957220124147
5.261502778863538,0.9671524022998829
5.911031845476362,0.9803141267583809
6.64074484928479,0.9887318243810694
7.4605404447366075,0.9938456129666946
8.381539268677866,0.996795371502129
9.416234793278331,0.9984103499798157
10.578662801651687,0.9992493096275087
11.884591785129816,0.9996627192662718
13.351736844955687,0.9998559022281475
15.0,0.9999414877936821
