SA(1.0s) [g],Loss_ratio
0.05000000000000001,1.1575282499176611e-08
0.056172467201025755,4.355151945745206e-08
0.06310692142900626,1.5400586811931127e-07
0.07089742948257126,5.121743178737592e-07
0.07964967064493539,1.6031785346592998e-06
0.08948237023750269,4.7274638272809534e-06
0.10052891014472326,1.314699917214779e-05
0.11293913815718663,3.4524508527894466e-05
0.1268814006769336,8.573724739219246e-05
0.14254482635890514,0.0002016900279927958
0.16014189166643014,0.0004502935806335207
0.17991130314285533,0.0009561130612776637
0.2021212354977168,0.0019350473146639735
0.2270729694325259,0.0037414164975655972
0.2551049785537617,0.00692653269890352
0.28659752081259104,0.012303532452375665
0.3219777967548112,0.021006247007611008
0.36172574455336326,0.03452015863636248
0.4063805504338082,0.054653155978556946
0.45654796280755766,0.08340848955103733
0.5129085093300529,0.12273074195128758
0.5762267283493882,0.17412553771022934
0.6473615399712076,0.2382048083354667
0.7272778974247632,0.31426702648827354
0.8170598767824696,0.40005785738896055
0.9179253825967483,0.4918416643648946
1.0312426689380967,0.5848364836212927
1.1585488999444697,0.6739447304473969
1.3015710016583038,0.7545981740790735
1.4622490880091454,0.8234832867537818
1.6427627787184707,0.8789508782744102
1.8455607661325835,0.9210266091610086
2.0733940320616497,0.9510744785316266
2.329353165215711,0.9712643453694644
2.6169102854537,0.984021969632725
2.9399661435534976,0.9915994925967928
3.3029030354176987,0.9958284371346845
3.710644248503383,0.9980452476441822
4.168720846874621,0.9991363798936723
4.683346700825936,0.9996405215037086
5.261502778863538,0.9998591164579503
5.911031845476362,0.9999480441221612
6.64074484928479,0.9999819792113691
7.4605404447366075,0.999994124033471
8.381539268677866,0.9999981995789234
9.416234793278331,0.9999994817975241
10.578662801651687,0.9999998599403029
11.884591785129816,0.9999999644624662
13.351736844955687,0.9999999915373443
15.0,0.9999999981091042
