SA(1.0s) [g],Loss_ratio
0.05000000000000001,1.0043133084669531e-05
0.056172467201025755,2.231023212230232e-05
0.06310692142900626,4.748974024457731e-05
0.07089742948257126,9.691829196158408e-05
0.07964967064493539,0.00018976997660064002
0.08948237023750269,0.0003568129739520809
0.10052891014472326,0.0006449224074224325
0.11293913815718663,0.0011220088536520513
0.1268814006769336,0.0018819246260984802
0.14254482635890514,0.003049071065189546
0.16014189166643014,0.004782964916977762
0.17991130314285533,0.007283885748505321
0.2021212354977168,0.01080160929168916
0.2270729694325259,0.01564955042925266
0.2551049785537617,0.022225697321755028
0.28659752081259104,0.031039031606027633
0.3219777967548112,0.042735819261016814
0.36172574455336326,0.05811521313255473
0.4063805504338082,0.07811984512798723
0.45654796280755766,0.10378669327691314
0.5129085093300529,0.1361482746015661
0.5762267283493882,0.17608464515296862
0.6473615399712076,0.22414133627863897
0.7272778974247632,0.2803436810973305
0.8170598767824696,0.3440489860277676
0.9179253825967483,0.4138796576768608
1.0312426689380967,0.4877696193224364
1.1585488999444697,0.5631337801020516
1.3015710016583038,0.6371410292676574
1.4622490880091454,0.7070436842973079
1.6427627787184707,0.7704995989519334
1.8455607661325835,0.8258233714033754
2.0733940320616497,0.8721207736141859
2.329353165215711,0.9092900280448644
2.6169102854537,0.9379052956507015
2.9399661435534976,0.9590219589924743
3.3029030354176987,0.9739537509832689
3.710644248503383,0.9840676671624031
4.168720846874621,0.9906279552840916
4.683346700825936,0.9947018505613301
5.261502778863538,0.9971233132879715
5.911031845476362,0.9985006286566098
6.64074484928479,0.9992501628182382
7.4605404447366075,0.9996403507601097
8.381539268677866,0.9998346222311623
9.416234793278331,0.9999271199923273
10.578662801651687,0.9999692294810523
11.884591785129816,0.9999875568311283
13.351736844955687,0.9999951818199033
15.0,0.9999982139759339
