SA(1.0s) [g],Loss_ratio
0.05000000000000001,4.172750596664888e-06
0.056172467201025755,1.0904720746679476e-05
0.06310692142900626,2.697267283235938e-05
0.07089742948257126,6.320480711532462e-05
0.07964967064493539,0.00014047047055923412
0.08948237023750269,0.0002965066423666174
0.10052891014472326,0.0005954432961950084
0.11293913815718663,0.0011399991680642709
0.1268814006769336,0.0020859634570251973
0.14254482635890514,0.0036585870182208216
0.16014189166643014,0.0061711467721553
0.17991130314285533,0.010047025395509973
0.2021212354977168,0.015847172833922417
0.2270729694325259,0.024303104681738637
0.2551049785537617,0.03635011901134418
0.28659752081259104,0.05314624079287798
0.3219777967548112,0.07605245068756455
0.36172574455336326,0.106544825020764
0.4063805504338082,0.1460360417309193
0.45654796280755766,0.1956062995276948
0.5129085093300529,0.25567945653180546
0.5762267283493882,0.32571813303811165
0.6473615399712076,0.40403461489046477
0.7272778974247632,0.487806454024732
0.8170598767824696,0.5733404229687321
0.9179253825967483,0.6565560804293862
1.0312426689380967,0.7335861600616247
1.1585488999444697,0.801346087388454
1.3015710016583038,0.8579301743403167
1.4622490880091454,0.9027470682702798
1.6427627787184707,0.9363893187871508
1.8455607661325835,0.9603079556395155
2.0733940320616497,0.9764048827542365
2.329353165215711,0.9866538642983821
2.6169102854537,0.9928247860013171
2.9399661435534976,0.9963369291343187
3.3029030354176987,0.9982257314818969
3.710644248503383,0.9991852382522852
4.168720846874621,0.9996455222355766
4.683346700825936,0.9998539720577841
5.261502778863538,0.9999430700345963
5.911031845476362,0.9999790058730793
6.64074484928479,0.9999926798103681
7.4605404447366075,0.9999975875997418
8.381539268677866,0.9999992488426808
9.416234793278331,0.9999997790804711
10.578662801651687,0.9999999386464539
11.884591785129816,0.9999999839142864
13.351736844955687,0.9999999960194819
15.0,0.9999999990704973
