SA(1.0s) [g],Loss_ratio
0.05000000000000001,0.00023197550303190597
0.056172467201025755,0.00040680129803918885
0.06310692142900626,0.0006950998398962904
0.07089742948257126,0.0011584363157208179
0.07964967064493539,0.0018850380741896045
0.08948237023750269,0.002998272281819403
0.10052891014472326,0.004666679378788313
0.11293913815718663,0.007115398594858497
0.1268814006769336,0.010638468423352004
0.14254482635890514,0.01561089783031821
0.16014189166643014,0.02249855622802946
0.17991130314285533,0.031862893441471515
0.2021212354977168,0.04435649609291966
0.2270729694325259,0.06070489791567518
0.2551049785537617,0.08167037864607825
0.28659752081259104,0.10799516457226893
0.3219777967548112,0.14032469858072466
0.36172574455336326,0.179116246932183
0.4063805504338082,0.22454326037179642
0.45654796280755766,0.27641031802872024
0.5129085093300529,0.3340956521064046
0.5762267283493882,0.3965369275297725
0.6473615399712076,0.46227063085233444
0.7272778974247632,0.529526700907394
0.8170598767824696,0.5963696233088711
0.9179253825967483,0.6608675711253345
1.0312426689380967,0.721264820250387
1.1585488999444697,0.7761313869041588
1.3015710016583038,0.8244680872967523
1.4622490880091454,0.865753962084868
1.6427627787184707,0.8999340089470413
1.8455607661325835,0.9273557037109199
2.0733940320616497,0.9486704756709475
2.329353165215711,0.9647197360340757
2.6169102854537,0.9764241060017607
2.9399661435534976,0.9846901364377367
3.3029030354176987,0.9903426910307701
3.710644248503383,0.9940849951876407
4.168720846874621,0.9964834523359689
4.683346700825936,0.9979713709821443
5.261502778863538,0.9988647584625878
5.911031845476362,0.9993838884072828
6.64074484928479,0.9996758008480545
7.4605404447366075,0.9998346323369744
8.381539268677866,0.9999182498897806
9.416234793278331,0.9999608397781836
10.578662801651687,0.9999818261296627
11.884591785129816,0.9999918298983905
13.351736844955687,0.9999964426814154
15.0,0.9999985000540303
