SA(1.0s) [g],Loss_ratio
0.05000000000000001,0.00017099244643674076
0.056172467201025755,0.0003131018217452375
0.06310692142900626,0.0005561841158624848
0.07089742948257126,0.0009595987971970533
0.07964967064493539,0.001610148048372112
0.08948237023750269,0.0026312276580505167
0.10052891014472326,0.00419381007713987
0.11293913815718663,0.006529288132708594
0.1268814006769336,0.00994393366157863
0.14254482635890514,0.01483411681806205
0.16014189166643014,0.02170035616725454
0.17991130314285533,0.03115672551471129
0.2021212354977168,0.043930383994167016
0.2270729694325259,0.06084460135735958
0.2551049785537617,0.08277847224130477
0.28659752081259104,0.11059844189668237
0.3219777967548112,0.14506134341941157
0.36172574455336326,0.1866956420436954
0.4063805504338082,0.23567572389189279
0.45654796280755766,0.29171112802508364
0.5129085093300529,0.3539759565006036
0.5762267283493882,0.4211011412846615
0.6473615399712076,0.4912430769137701
0.7272778974247632,0.5622276867588906
0.8170598767824696,0.6317526133224517
0.9179253825967483,0.6976163603935793
1.0312426689380967,0.7579359992534604
1.1585488999444697,0.8113168285812777
1.3015710016583038,0.8569478107505537
1.4622490880091454,0.8946127416720977
1.6427627787184707,0.9246244006288487
1.8455607661325835,0.9477027962852822
2.0733940320616497,0.9648259454917104
2.329353165215711,0.9770815319440437
2.6169102854537,0.9855416384892738
2.9399661435534976,0.9911732834050847
3.3029030354176987,0.9947877595097053
3.710644248503383,0.9970241353184787
4.168720846874621,0.9983578939140583
4.683346700825936,0.9991245327467041
5.261502778863538,0.9995491890794633
5.911031845476362,0.999775848211192
6.64074484928479,0.999892410072943
7.4605404447366075,0.999950159686824
8.381539268677866,0.9999777219839944
9.416234793278331,0.9999903933151216
10.578662801651687,0.9999960042934297
11.884591785129816,0.9999983972539727
13.351736844955687,0.9999993801013225
15.0,0.999999768846443
