PGA [g],Loss_ratio
0.05000000000000001,2.7200464103316337e-16
0.056172467201025755,3.758104938356155e-15
0.06310692142900626,4.6129766673175254e-14
0.07089742948257126,5.048461648726743e-13
0.07964967064493539,4.929473496062543e-12
0.08948237023750269,4.295468980508588e-11
0.10052891014472326,3.3411839961416945e-10
0.11293913815718663,2.320598135874264e-09
0.1268814006769336,1.4396620418022366e-08
0.14254482635890514,7.981059346184872e-08
0.16014189166643014,3.9556012584318626e-07
0.17991130314285533,1.7537736905881563e-06
0.2021212354977168,6.960812477879719e-06
0.2270729694325259,2.4755338676307752e-05
0.2551049785537617,7.897902679804836e-05
0.28659752081259104,0.00022639465478140888
0.3219777967548112,0.000584329803290895
0.36172574455336326,0.0013620505389562055
0.4063805504338082,0.002879812693234968
0.45654796280755766,0.005558555524523673
0.5129085093300529,0.00988776998521029
0.5762267283493882,0.016430442999472366
0.6473615399712076,0.025965136879917014
0.7272778974247632,0.039829227211360355
0.8170598767824696,0.060374565424214446
0.9179253825967483,0.09123328578779802
1.0312426689380967,0.136973849742397
1.1585488999444697,0.2018741996861217
1.3015710016583038,0.28799290111065906
1.4622490880091454,0.39329629421548085
1.6427627787184707,0.510913567372123
1.8455607661325835,0.6302752530371787
2.0733940320616497,0.7399479862178723
2.329353165215711,0.8309545676056117
2.6169102854537,0.8990213225156185
2.9399661435534976,0.9448349449354179
3.3029030354176987,0.9725476130367348
3.710644248503383,0.9875965016834668
4.168720846874621,0.9949258358477288
4.683346700825936,0.9981248023322826
5.261502778863538,0.9993751745450408
5.911031845476362,0.9998125880639782
6.64074484928479,0.9999494679284453
7.4605404447366075,0.9999877662340717
8.381539268677866,0.9999973433125499
9.416234793278331,0.9999994829506614
10.578662801651687,0.9999999098825341
11.884591785129816,0.999999985943148
13.351736844955687,0.9999999980387995
15.0,0.9999999997553787
