SA(0.6s) [g],Loss_ratio
0.05000000000000001,7.731671539112916e-08
0.056172467201025755,2.3141839731732895e-07
0.06310692142900626,6.582565465818036e-07
0.07089742948257126,1.7797863629764875e-06
0.07964967064493539,4.575484752356029e-06
0.08948237023750269,1.118787152898926e-05
0.10052891014472326,2.60299409134801e-05
0.11293913815718663,5.7653584364475434e-05
0.1268814006769336,0.00012163748049588974
0.14254482635890514,0.00024463543336751824
0.16014189166643014,0.00046944542954117094
0.17991130314285533,0.0008605383702049608
0.2021212354977168,0.001509074271429861
0.2270729694325259,0.0025363265083473033
0.2551049785537617,0.004094979611300964
0.28659752081259104,0.006369151277258983
0.3219777967548112,0.009575970981157079
0.36172574455336326,0.01397329262055507
0.4063805504338082,0.019878355198684732
0.45654796280755766,0.027699752857539416
0.5129085093300529,0.037979575735576976
0.5762267283493882,0.05143504914112393
0.6473615399712076,0.06898180491402005
0.7272778974247632,0.09171714152842472
0.8170598767824696,0.12084400302538612
0.9179253825967483,0.15752632506048836
1.0312426689380967,0.20268323027315596
1.1585488999444697,0.2567503164493123
1.3015710016583038,0.31945565599748976
1.4622490880091454,0.38966919376831755
1.6427627787184707,0.46538033647371724
1.8455607661325835,0.5438362772126601
2.0733940320616497,0.6218358512469098
2.329353165215711,0.696130561918921
2.6169102854537,0.7638505443949843
2.9399661435534976,0.822862080289581
3.3029030354176987,0.8719805546584974
3.710644248503383,0.9110030799284102
4.168720846874621,0.9405738609933662
4.683346700825936,0.9619355089719303
5.261502778863538,0.9766385419115016
5.911031845476362,0.9862763643275023
6.64074484928479,0.9922904672204967
7.4605404447366075,0.9958617206324635
8.381539268677866,0.9978790736090495
9.416234793278331,0.9989628055237941
10.578662801651687,0.99951630886862
11.884591785129816,0.9997850089837554
13.351736844955687,0.9999089644194331
15.0,0.9999632923985584
