SA(0.3s) [g],Loss_ratio
0.05000000000000001,8.45356797563035e-07
0.056172467201025755,1.9403568942200077e-06
0.06310692142900626,4.296865237585212e-06
0.07089742948257126,9.181876052033468e-06
0.07964967064493539,1.8937177764033476e-05
0.08948237023750269,3.770635128060307e-05
0.10052891014472326,7.250388550056886e-05
0.11293913815718663,0.00013468328302578824
0.1268814006769336,0.00024180348161469413
0.14254482635890514,0.00041979742332719504
0.16014189166643014,0.0007052271137189038
0.17991130314285533,0.0011473046902853888
0.2021212354977168,0.0018093323964975096
0.2270729694325259,0.0027693404716001794
0.2551049785537617,0.004120035605925965
0.28659752081259104,0.005968706443839949
0.3219777967548112,0.0084383587268558
0.36172574455336326,0.01167185071131096
0.4063805504338082,0.015840871957412288
0.45654796280755766,0.02116096894163721
0.5129085093300529,0.027912316506503443
0.5762267283493882,0.03646366267404539
0.6473615399712076,0.0472942442956597
0.7272778974247632,0.06100616785707877
0.8170598767824696,0.07831860023330146
0.9179253825967483,0.1000358748693507
1.0312426689380967,0.12698473881348074
1.1585488999444697,0.15992137998373349
1.3015710016583038,0.19941587832132832
1.4622490880091454,0.24572898259776577
1.6427627787184707,0.2987018343323202
1.8455607661325835,0.35768156358298464
2.0733940320616497,0.42150313577841964
2.329353165215711,0.4885400195201788
2.6169102854537,0.5568241832614611
2.9399661435534976,0.6242220670339064
3.3029030354176987,0.6886409027245715
3.710644248503383,0.7482324387821995
4.168720846874621,0.8015609950399962
4.683346700825936,0.8477100960714123
5.261502778863538,0.886314818633826
5.911031845476362,0.9175219766837052
6.64074484928479,0.9418934563150699
7.4605404447366075,0.9602763184640297
8.381539268677866,0.9736653229868643
9.416234793278331,0.9830798188807901
10.578662801651687,0.9894694732285872
11.884591785129816,0.9936546545169035
13.351736844955687,0.9962997373479744
15.0,0.9979125707247963
