PGA [g],Loss_ratio
0.05000000000000001,1.665334536937735e-17
0.056172467201025755,2.3869795029440865e-16
0.06310692142900626,2.819966482547898e-15
0.07089742948257126,3.0081492852218615e-14
0.07964967064493539,2.900069073774603e-13
0.08948237023750269,2.528960374448275e-12
0.10052891014472326,1.9951007512730713e-11
0.11293913815718663,1.424200424260391e-10
0.1268814006769336,9.20154291650377e-10
0.14254482635890514,5.382066786685513e-09
0.16014189166643014,2.8508252014614045e-08
0.17991130314285533,1.3679873451799553e-07
0.2021212354977168,5.949342024025306e-07
0.2270729694325259,2.346134414349388e-06
0.2551049785537617,8.394659776195245e-06
0.28659752081259104,2.7274209771604997e-05
0.3219777967548112,8.054153882308125e-05
0.36172574455336326,0.00021644586400196842
0.4063805504338082,0.0005302268962733059
0.45654796280755766,0.0011867063127135203
0.5129085093300529,0.0024343161275721505
0.5762267283493882,0.004597727542989167
0.6473615399712076,0.008048255848493441
0.7272778974247632,0.01318067372491013
0.8170598767824696,0.020457390573944027
0.9179253825967483,0.0305827249949809
1.0312426689380967,0.044810308406122025
1.1585488999444697,0.0652706081522155
1.3015710016583038,0.0950902828213683
1.4622490880091454,0.13804747679869542
1.6427627787184707,0.19763376372200914
1.8455607661325835,0.27567075495919835
2.0733940320616497,0.3709553676577338
2.329353165215711,0.47859457846239273
2.6169102854537,0.590550456219487
2.9399661435534976,0.6974153345996768
3.3029030354176987,0.7908036937779476
3.710644248503383,0.8653800878601714
4.168720846874621,0.9197165229506907
4.683346700825936,0.9557912046736146
5.261502778863538,0.9775915265605877
5.911031845476362,0.9895718985376438
6.64074484928479,0.9955543663937908
7.4605404447366075,0.998267030841971
8.381539268677866,0.9993832749199624
9.416234793278331,0.9997998980971999
10.578662801651687,0.9999408754313284
11.884591785129816,0.9999841068716295
13.351736844955687,0.9999961167011446
15.0,0.9999991381802591
