PGA [g],Loss_ratio
0.05000000000000001,0.0
0.056172467201025755,0.0
0.06310692142900626,5.551115123125783e-18
0.07089742948257126,7.771561172376097e-17
0.07964967064493539,1.2378986724570496e-15
0.08948237023750269,1.7397194795876205e-14
0.10052891014472326,2.164213253053049e-13
0.11293913815718663,2.3825996731119402e-12
0.1268814006769336,2.3217899824956593e-11
0.14254482635890514,2.0032456249374775e-10
0.16014189166643014,1.5308258327628722e-09
0.17991130314285533,1.036486708683171e-08
0.2021212354977168,6.220799707024048e-08
0.2270729694325259,3.31141610743213e-07
0.2551049785537617,1.56445724910359e-06
0.28659752081259104,6.565560474580679e-06
0.3219777967548112,2.450333500932933e-05
0.36172574455336326,8.144672794314079e-05
0.4063805504338082,0.00024160746888583496
0.45654796280755766,0.0006415043632246987
0.5129085093300529,0.0015310000780195013
0.5762267283493882,0.0033047256820549213
0.6473615399712076,0.006510846007405541
0.7272778974247632,0.011860551844863444
0.8170598767824696,0.020321400598898857
0.9179253825967483,0.03339474828384399
1.0312426689380967,0.05356254403033524
1.1585488999444697,0.08463437653910659
1.3015710016583038,0.13149552932400424
1.4622490880091454,0.1988270854517759
1.6427627787184707,0.2889006461619095
1.8455607661325835,0.3993444039782501
2.0733940320616497,0.5222616594578121
2.329353165215711,0.6456821667209666
2.6169102854537,0.7570477719076912
2.9399661435534976,0.8471004779377489
3.3029030354176987,0.9122200583761036
3.710644248503383,0.9542607753125736
4.168720846874621,0.9784586865994124
4.683346700825936,0.9908620305129542
5.261502778863538,0.9965183460530421
5.911031845476362,0.9988113488179257
6.64074484928479,0.9996370887801916
7.4605404447366075,0.999901075296716
8.381539268677866,0.9999759585936028
9.416234793278331,0.9999947970607911
10.578662801651687,0.9999989983201364
11.884591785129816,0.9999998285964724
13.351736844955687,0.9999999739509363
15.0,0.9999999964863343
