SA(0.6s) [g],Loss_ratio
0.05000000000000001,2.0275254646318076e-07
0.056172467201025755,6.23686251804978e-07
0.06310692142900626,1.809825505161289e-06
0.07089742948257126,4.955629201902623e-06
0.07964967064493539,1.2808373835576647e-05
0.08948237023750269,3.1260057828075284e-05
0.10052891014472326,7.207535501576602e-05
0.11293913815718663,0.00015708276625960862
0.1268814006769336,0.00032382820968871465
0.14254482635890514,0.0006320030486449469
0.16014189166643014,0.0011690016811664317
0.17991130314285533,0.0020521468661543864
0.2021212354977168,0.0034251722798140315
0.2270729694325259,0.005448229797909033
0.2551049785537617,0.00828420161094025
0.28659752081259104,0.0120885079699102
0.3219777967548112,0.01701273288306321
0.36172574455336326,0.023231631503801115
0.4063805504338082,0.03099693741164138
0.45654796280755766,0.04071086553446145
0.5129085093300529,0.05300091634210638
0.5762267283493882,0.0687700935863293
0.6473615399712076,0.08919601878610446
0.7272778974247632,0.11565880361931583
0.8170598767824696,0.14958895784749848
0.9179253825967483,0.1922412843681513
1.0312426689380967,0.2444184020929609
1.1585488999444697,0.30618800044657823
1.3015710016583038,0.37665736096298713
1.4622490880091454,0.45387779734606803
1.6427627787184707,0.5349389496392916
1.8455607661325835,0.6162725833173712
2.0733940320616497,0.694125275739065
2.329353165215711,0.7651005216628641
2.6169102854537,0.8266395269661241
2.9399661435534976,0.8773231022131871
3.3029030354176987,0.9169317450711829
3.710644248503383,0.9462751201423713
4.168720846874621,0.9668656771711325
4.683346700825936,0.9805412586030788
5.261502778863538,0.9891325772425161
5.911031845476362,0.9942347697467885
6.64074484928479,0.9970976934169333
7.4605404447366075,0.9986147958506189
8.381539268677866,0.9993737046744972
9.416234793278331,0.9997319416230709
10.578662801651687,0.9998914601966095
11.884591785129816,0.9999584459268513
13.351736844955687,0.9999849656009009
15.0,0.9999948617658253
