SA(1.0s) [g],Loss_ratio
0.05000000000000001,4.5264813145484697e-07
0.056172467201025755,1.1480264686669628e-06
0.06310692142900626,2.7956468543588462e-06
0.07089742948257126,6.539607808758729e-06
0.07964967064493539,1.4702617869177814e-05
0.08948237023750269,3.178970498468603e-05
0.10052891014472326,6.615299645275074e-05
0.11293913815718663,0.00013260492730840512
0.1268814006769336,0.0002563023945035714
0.14254482635890514,0.00047822160370513127
0.16014189166643014,0.000862497080556457
0.17991130314285533,0.0015058199790916273
0.2021212354977168,0.002549003907013753
0.2270729694325259,0.004190741572390006
0.2551049785537617,0.006703447351700237
0.28659752081259104,0.01045076841647456
0.3219777967548112,0.01590561684229988
0.36172574455336326,0.02366618900186162
0.4063805504338082,0.03446533745691848
0.45654796280755766,0.049166192232937916
0.5129085093300529,0.06873499608619463
0.5762267283493882,0.0941820964049844
0.6473615399712076,0.12646534993307912
0.7272778974247632,0.1663576132107255
0.8170598767824696,0.21429086961470067
0.9179253825967483,0.27020142855045814
1.0312426689380967,0.33340957620515066
1.1585488999444697,0.40256879341695184
1.3015710016583038,0.4757113419791702
1.4622490880091454,0.5503988648239684
1.6427627787184707,0.6239625839375624
1.8455607661325835,0.6937945383893313
2.0733940320616497,0.7576365397191869
2.329353165215711,0.813812369358576
2.6169102854537,0.8613620276957101
2.9399661435534976,0.900060503074757
3.3029030354176987,0.9303301319813355
3.710644248503383,0.9530772284146821
4.168720846874621,0.969494715295742
4.683346700825936,0.9808715164392291
5.261502778863538,0.9884389739162727
5.911031845476362,0.9932694571971942
6.64074484928479,0.996227782099721
7.4605404447366075,0.9979656953683722
8.381539268677866,0.9989448626815378
9.416234793278331,0.9994738661567913
10.578662801651687,0.999747875340415
11.884591785129816,0.9998839302540942
13.351736844955687,0.9999486815259191
15.0,0.9999782149811506
