SA(1.0s) [g],Loss_ratio
0.05000000000000001,6.263628116176534e-10
0.056172467201025755,2.33457656539926e-09
0.06310692142900626,8.276754714930946e-09
0.07089742948257126,2.7922782108724677e-08
0.07964967064493539,8.96819134676985e-08
0.08948237023750269,2.743635120594501e-07
0.10052891014472326,7.999820869297737e-07
0.11293913815718663,2.2246175483520146e-06
0.1268814006769336,5.904372353171539e-06
0.14254482635890514,1.4968956471778097e-05
0.16014189166643014,3.628257950215042e-05
0.17991130314285533,8.416155459693986e-05
0.2021212354977168,0.00018701831486687138
0.2270729694325259,0.00039854121391433295
0.2551049785537617,0.0008153662118037197
0.28659752081259104,0.0016032059887284011
0.3219777967548112,0.0030327103221770295
0.36172574455336326,0.005524493054181185
0.4063805504338082,0.009699374031725693
0.45654796280755766,0.016424847546491712
0.5129085093300529,0.026842688274569995
0.5762267283493882,0.04235712072428634
0.6473615399712076,0.0645610155836271
0.7272778974247632,0.09508272476399035
0.8170598767824696,0.1353511891871311
0.9179253825967483,0.18630155973987086
1.0312426689380967,0.24807250561439903
1.1585488999444697,0.3197693874741343
1.3015710016583038,0.399372311002663
1.4622490880091454,0.4838462256048466
1.6427627787184707,0.5694627377402455
1.8455607661325835,0.6522831669592333
2.0733940320616497,0.7287009065691968
2.329353165215711,0.7959190663172397
2.6169102854537,0.8522567805860909
2.9399661435534976,0.8972285230810555
3.3029030354176987,0.9314057361630926
3.710644248503383,0.9561250829850552
4.168720846874621,0.9731350661218671
4.683346700825936,0.984268126288049
5.261502778863538,0.9911969342028026
5.911031845476362,0.9952964822840813
6.64074484928479,0.9976019363785219
7.4605404447366075,0.9988340129773017
8.381539268677866,0.9994596242407096
9.416234793278331,0.9997614027170387
10.578662801651687,0.9998996719926844
11.884591785129816,0.9999598390469103
13.351736844955687,0.9999847009222839
15.0,0.9999944553462344
