SA(1.0s) [g],Loss_ratio
0.05000000000000001,0.00015324255276650823
0.056172467201025755,0.00028823610736435356
0.06310692142900626,0.0005237814345444569
0.07089742948257126,0.0009207828988474056
0.07964967064493539,0.0015682906846046008
0.08948237023750269,0.002592370036055336
0.10052891014472326,0.0041665767016959175
0.11293913815718663,0.006524317005112723
0.1268814006769336,0.009973363310596867
0.14254482635890514,0.014912376794423449
0.16014189166643014,0.021848147390574304
0.17991130314285533,0.0314102344978576
0.2021212354977168,0.04435700158095136
0.2270729694325259,0.061564452808751266
0.2551049785537617,0.0839880869197141
0.28659752081259104,0.11258965354956893
0.3219777967548112,0.14822627362793
0.36172574455336326,0.1915087762151995
0.4063805504338082,0.24264759646583622
0.45654796280755766,0.3013149105718061
0.5129085093300529,0.36655684877198597
0.5762267283493882,0.43678629656196005
0.6473615399712076,0.5098738607248061
0.7272778974247632,0.5833341532547841
0.8170598767824696,0.6545818063280682
0.9179253825967483,0.7212133273680537
1.0312426689380967,0.7812629998767608
1.1585488999444697,0.83338640327114
1.3015710016583038,0.876942318776648
1.4622490880091454,0.9119675141832603
1.6427627787184707,0.9390619987888588
1.8455607661325835,0.9592184206597448
2.0733940320616497,0.9736348625328323
2.329353165215711,0.9835456237706547
2.6169102854537,0.9900929336277
2.9399661435534976,0.9942485689596519
3.3029030354176987,0.9967822396586387
3.710644248503383,0.9982658762652115
4.168720846874621,0.9991001374765556
4.683346700825936,0.999550551208024
5.261502778863538,0.9997840039731208
5.911031845476362,0.9999001518833596
6.64074484928479,0.9999556144390106
7.4605404447366075,0.9999810311412082
8.381539268677866,0.9999922081975188
9.416234793278331,0.9999969243270198
10.578662801651687,0.9999988335559375
11.884591785129816,0.9999995750554249
13.351736844955687,0.999999851312415
15.0,0.9999999500395477
