SA(0.3s) [g],Loss_ratio
0.05000000000000001,6.535796413725815e-06
0.056172467201025755,1.3604707862063804e-05
0.06310692142900626,2.7349397985382275e-05
0.07089742948257126,5.3109846343685214e-05
0.07964967064493539,9.965280946299671e-05
0.08948237023750269,0.00018073066505758798
0.10052891014472326,0.0003169350988344144
0.11293913815718663,0.0005376612226799859
0.1268814006769336,0.0008828677462311751
0.14254482635890514,0.0014042266427920004
0.16014189166643014,0.0021652725212076788
0.17991130314285533,0.0032403614367792545
0.2021212354977168,0.0047126737605986905
0.2270729694325259,0.0066721168180569725
0.2551049785537617,0.009214668749707
0.28659752081259104,0.012445221350270097
0.3219777967548112,0.016486034947062272
0.36172574455336326,0.021492252550885705
0.4063805504338082,0.027674414945417534
0.45654796280755766,0.035325688629711985
0.5129085093300529,0.044848949599130015
0.5762267283493882,0.05677656732182266
0.6473615399712076,0.07177441857684809
0.7272778974247632,0.09062198186640152
0.8170598767824696,0.1141627373376661
0.9179253825967483,0.14322356093494698
1.0312426689380967,0.17850791022503906
1.1585488999444697,0.22047439388676138
1.3015710016583038,0.26921838918673807
1.4622490880091454,0.32437807263286067
1.6427627787184707,0.38508604125199863
1.8455607661325835,0.4499827357470291
2.0733940320616497,0.5172983464073466
2.329353165215711,0.5849973527458864
2.6169102854537,0.650967055576831
2.9399661435534976,0.7132216558745403
3.3029030354176987,0.7700893973185816
3.710644248503383,0.8203533627593196
4.168720846874621,0.8633260602852926
4.683346700825936,0.8988514603884827
5.261502778863538,0.927242097456338
5.911031845476362,0.9491697617473152
6.64074484928479,0.9655338724866067
7.4605404447366075,0.977331268754813
8.381539268677866,0.9855459874776898
9.416234793278331,0.9910697914160485
10.578662801651687,0.9946561646690032
11.884591785129816,0.9969040943075027
13.351736844955687,0.9982641707014163
15.0,0.999058398566824
