SA(0.6s) [g],Loss_ratio
0.05000000000000001,0.0002189987464650489
0.056172467201025755,0.00039428469952926265
0.06310692142900626,0.0006828750367909642
0.07089742948257126,0.001138281533853841
0.07964967064493539,0.001827219795174967
0.08948237023750269,0.0028266571814451412
0.10052891014472326,0.004217685884481448
0.11293913815718663,0.006076615272153307
0.1268814006769336,0.008464901366439643
0.14254482635890514,0.011420801769603861
0.16014189166643014,0.014956499737735197
0.17991130314285533,0.019064406526604377
0.2021212354977168,0.02373513883637818
0.2270729694325259,0.028987347744745925
0.2551049785537617,0.03490661972161599
0.28659752081259104,0.04168782736032478
0.3219777967548112,0.04967333448007287
0.36172574455336326,0.05937883454812481
0.4063805504338082,0.07149935632815106
0.45654796280755766,0.08688975604296816
0.5129085093300529,0.1065163678510609
0.5762267283493882,0.13137916524631638
0.6473615399712076,0.16240696762633083
0.7272778974247632,0.2003323516545747
0.8170598767824696,0.2455582301419082
0.9179253825967483,0.29803397006254373
1.0312426689380967,0.35716373198593476
1.1585488999444697,0.4217708906274706
1.3015710016583038,0.49013757681910397
1.4622490880091454,0.5601267236456675
1.6427627787184707,0.6293771997922966
1.8455607661325835,0.6955449099457294
2.0733940320616497,0.7565496643182066
2.329353165215711,0.8107838853647534
2.6169102854537,0.85724671760425
2.9399661435534976,0.8955839407384579
3.3029030354176987,0.9260351968642181
3.710644248503383,0.9493091343514808
4.168720846874621,0.9664189646511306
4.683346700825936,0.9785132891556436
5.261502778863538,0.9867308288779102
5.911031845476362,0.9920962483123152
6.64074484928479,0.9954617980336865
7.4605404447366075,0.9974894692998126
8.381539268677866,0.9986625712809571
9.416234793278331,0.9993141785775784
10.578662801651687,0.9996616109794747
11.884591785129816,0.9998394051513102
13.351736844955687,0.9999267147460655
15.0,0.9999678527732789
