SA(0.3s) [g],Loss_ratio
0.05000000000000001,4.402954404292281e-07
0.056172467201025755,1.113592772145067e-06
0.06310692142900626,2.699677831857761e-06
0.07089742948257126,6.274439830566969e-06
0.07964967064493539,1.3982952584412623e-05
0.08948237023750269,2.9886701687881212e-05
0.10052891014472326,6.12800811612524e-05
0.11293913815718663,0.00012057164920958875
0.1268814006769336,0.00022771738939234565
0.14254482635890514,0.00041298587874881725
0.16014189166643014,0.0007195360988904997
0.17991130314285533,0.0012049613066160314
0.2021212354977168,0.0019407301368869535
0.2270729694325259,0.003008523460216434
0.2551049785537617,0.004492996017272161
0.28659752081259104,0.006471550192110104
0.3219777967548112,0.00900315486984457
0.36172574455336326,0.012119691843606607
0.4063805504338082,0.015824210674241498
0.45654796280755766,0.020100278082782974
0.5129085093300529,0.024935028132383318
0.5762267283493882,0.03035569384528147
0.6473615399712076,0.03647591717198162
0.7272778974247632,0.043544847206912596
0.8170598767824696,0.051989758320038326
0.9179253825967483,0.06244213394080571
1.0312426689380967,0.07573791710135411
1.1585488999444697,0.09288467898609414
1.3015710016583038,0.11499156096845978
1.4622490880091454,0.14316202558785776
1.6427627787184707,0.178354975354373
1.8455607661325835,0.2212267904074957
2.0733940320616497,0.2719746634773703
2.329353165215711,0.3302084223045443
2.6169102854537,0.39488090738600945
2.9399661435534976,0.46430291632123527
3.3029030354176987,0.5362562211642116
3.710644248503383,0.6081985980923506
4.168720846874621,0.6775328294066418
4.683346700825936,0.7418939586290824
5.261502778863538,0.7994019902375795
5.911031845476362,0.8488338950376136
6.64074484928479,0.8896876813329287
7.4605404447366075,0.9221366019802952
8.381539268677866,0.9468954418447164
9.416234793278331,0.9650364447216223
10.578662801651687,0.9777964087075279
11.884591785129816,0.9864096377984227
13.351736844955687,0.991987852125012
15.0,0.9954530859471105
