SA(0.6s) [g],Loss_ratio
0.05000000000000001,6.716190840471704e-05
0.056172467201025755,0.00012887392733852422
0.06310692142900626,0.0002380482256048977
0.07089742948257126,0.00042346769222523234
0.07964967064493539,0.0007258904087151408
0.08948237023750269,0.0011998078871779895
0.10052891014472326,0.0019138450467382274
0.11293913815718663,0.002949245371728138
0.1268814006769336,0.004396367906242881
0.14254482635890514,0.006349968252674582
0.16014189166643014,0.008905096127688212
0.17991130314285533,0.012156387781303308
0.2021212354977168,0.016203913885288142
0.2270729694325259,0.021168142793453942
0.2551049785537617,0.027214794710603514
0.28659752081259104,0.03458756063197956
0.3219777967548112,0.04364339924976917
0.36172574455336326,0.0548822262482794
0.4063805504338082,0.06896112064299946
0.45654796280755766,0.08668332895998365
0.5129085093300529,0.10895464239339608
0.5762267283493882,0.13670409750730134
0.6473615399712076,0.17077205622036087
0.7272778974247632,0.21177591330379364
0.8170598767824696,0.25997092807440947
0.9179253825967483,0.3151294552109361
1.0312426689380967,0.37646423164134135
1.1585488999444697,0.4426185116453055
1.3015710016583038,0.5117367785513802
1.4622490880091454,0.5816152887609123
1.6427627787184707,0.6499147142712391
1.8455607661325835,0.7144021167336099
2.0733940320616497,0.7731810681488963
2.329353165215711,0.8248700044267232
2.6169102854537,0.8686999976706633
2.9399661435534976,0.904521017994706
3.3029030354176987,0.9327252363723417
3.710644248503383,0.9541115480053716
4.168720846874621,0.9697234707463359
4.683346700825936,0.9806918691771819
5.261502778863538,0.9881062823224931
5.911031845476362,0.9929274101724651
6.64074484928479,0.9959422214891053
7.4605404447366075,0.9977549015302559
8.381539268677866,0.9988026311243211
9.416234793278331,0.999384692282621
10.578662801651687,0.9996954413253675
11.884591785129816,0.9998548488142491
13.351736844955687,0.9999334097081856
15.0,0.9999706016262861
