SA(0.3s) [g],Loss_ratio
0.05000000000000001,7.1514349997414685e-12
0.056172467201025755,3.181166996490959e-11
0.06310692142900626,1.3405966337032283e-10
0.07089742948257126,5.352648213552414e-10
0.07964967064493539,2.0250855714554206e-09
0.08948237023750269,7.2606015921738995e-09
0.10052891014472326,2.4672485698928886e-08
0.11293913815718663,7.947452471679385e-08
0.1268814006769336,2.427112251734975e-07
0.14254482635890514,7.028797247787821e-07
0.16014189166643014,1.930616881368197e-06
0.17991130314285533,5.030891930990489e-06
0.2021212354977168,1.24410323177504e-05
0.2270729694325259,2.920672461630969e-05
0.2551049785537617,6.51188902040356e-05
0.28659752081259104,0.0001379591276491066
0.3219777967548112,0.0002778980289357136
0.36172574455336326,0.0005326608279317247
0.4063805504338082,0.0009724619075870245
0.45654796280755766,0.0016931403184870576
0.5129085093300529,0.0028158276482389446
0.5762267283493882,0.004482337452925467
0.6473615399712076,0.006847531973122256
0.7272778974247632,0.010072838900132292
0.8170598767824696,0.014327709282082463
0.9179253825967483,0.019806447987996568
1.0312426689380967,0.026765057219492037
1.1585488999444697,0.03557622290903132
1.3015710016583038,0.04679176609087858
1.4622490880091454,0.06119360451971832
1.6427627787184707,0.07980966481684494
1.8455607661325835,0.10387247050312079
2.0733940320616497,0.1347059820568
2.329353165215711,0.17354001479594283
2.6169102854537,0.22126963414485412
2.9399661435534976,0.27819670027135035
3.3029030354176987,0.3438077533201501
3.710644248503383,0.4166501326065987
4.168720846874621,0.4943596230028253
4.683346700825936,0.5738645188051386
5.261502778863538,0.6517469240162728
5.911031845476362,0.7246952551890322
6.64074484928479,0.7899498792840398
7.4605404447366075,0.845640891299667
8.381539268677866,0.8909464929646415
9.416234793278331,0.9260519754525772
10.578662801651687,0.951943541304926
11.884591785129816,0.970108760567155
13.351736844955687,0.9822256145747437
15.0,0.9899062811937938
