SA(0.6s) [g],Loss_ratio
0.05000000000000001,4.3380959126210204e-05
0.056172467201025755,9.055656093589493e-05
0.06310692142900626,0.0001805970764159892
0.07089742948257126,0.0003442681870929832
0.07964967064493539,0.0006277027805779711
0.08948237023750269,0.0010955276771107746
0.10052891014472326,0.0018320272753137635
0.11293913815718663,0.0029391369768707876
0.1268814006769336,0.004530797667269099
0.14254482635890514,0.006724730443765581
0.16014189166643014,0.009634741478977204
0.17991130314285533,0.013368523059993831
0.2021212354977168,0.018036570130353535
0.2270729694325259,0.023776392431497914
0.2551049785537617,0.030792404797819507
0.28659752081259104,0.039406401499441863
0.3219777967548112,0.0501078824320567
0.36172574455336326,0.0635895047739431
0.4063805504338082,0.08075196170449538
0.45654796280755766,0.10266513967562421
0.5129085093300529,0.13047817596366462
0.5762267283493882,0.16527938834843678
0.6473615399712076,0.2079173502878448
0.7272778974247632,0.2588058019505064
0.8170598767824696,0.31774583685622804
0.9179253825967483,0.3838055899043036
1.0312426689380967,0.45529618332308075
1.1585488999444697,0.5298696112126381
1.3015710016583038,0.6047397345130961
1.4622490880091454,0.6769969054689148
1.6427627787184707,0.7439594597421472
1.8455607661325835,0.8034916052557853
2.0733940320616497,0.8542233273603739
2.329353165215711,0.8956327940459512
2.6169102854537,0.9279871277962722
2.9399661435534976,0.9521712924454157
3.3029030354176987,0.9694565604139198
3.710644248503383,0.9812644345419456
4.168720846874621,0.9889706699949911
4.683346700825936,0.9937738581558886
5.261502778863538,0.9966320451543894
5.911031845476362,0.9982553333945337
6.64074484928479,0.9991350173781413
7.4605404447366075,0.9995897713151422
8.381539268677866,0.9998139773662278
9.416234793278331,0.9999193797457407
10.578662801651687,0.9999666192092264
11.884591785129816,0.9999867999745611
13.351736844955687,0.9999950163824312
15.0,0.9999982040858364
