SA(0.6s) [g],Loss_ratio
0.05000000000000001,0.0005905581527621995
0.056172467201025755,0.0010148061333565884
0.06310692142900626,0.0016762220639208569
0.07089742948257126,0.0026643731620989044
0.07964967064493539,0.004081212146402014
0.08948237023750269,0.006035234654113153
0.10052891014472326,0.008635681899290893
0.11293913815718663,0.011990378360082005
0.1268814006769336,0.01621154421799277
0.14254482635890514,0.02143327690721683
0.16014189166643014,0.02784198944184853
0.17991130314285533,0.035717151260818196
0.2021212354977168,0.04547507163957973
0.2270729694325259,0.057704481781298195
0.2551049785537617,0.07318058631629588
0.28659752081259104,0.09284493706465966
0.3219777967548112,0.11774221451353331
0.36172574455336326,0.14891155435326864
0.4063805504338082,0.18723882944927953
0.45654796280755766,0.23328631103227318
0.5129085093300529,0.28712578069459427
0.5762267283493882,0.34820799827347537
0.6473615399712076,0.4153024159637788
0.7272778974247632,0.48653356690600535
0.8170598767824696,0.5595240289177028
0.9179253825967483,0.6316309012687342
1.0312426689380967,0.7002392362060303
1.1585488999444697,0.7630593224065186
1.3015710016583038,0.8183712866201894
1.4622490880091454,0.8651722102544316
1.6427627787184707,0.9032045781508874
1.8455607661325835,0.9328729129043956
2.0733940320616497,0.9550791890080719
2.329353165215711,0.9710205078199946
2.6169102854537,0.9819923683758467
2.9399661435534976,0.9892300802150875
3.3029030354176987,0.9938047367610907
3.710644248503383,0.9965744519123583
4.168720846874621,0.9981803754397692
4.683346700825936,0.9990718948583129
5.261502778863538,0.999545661331716
5.911031845476362,0.9997866209677159
6.64074484928479,0.99990389353761
7.4605404447366075,0.9999585010903591
8.381539268677866,0.9999828259765136
9.416234793278331,0.9999931901280609
10.578662801651687,0.9999974134038051
11.884591785129816,0.9999990591024613
13.351736844955687,0.9999996722895935
15.0,0.9999998907325897
