SA(0.3s) [g],Loss_ratio
0.05000000000000001,9.491551806239952e-07
0.056172467201025755,2.2101446207956065e-06
0.06310692142900626,4.956505389636101e-06
0.07089742948257126,1.0707479674382236e-05
0.07964967064493539,2.2287193230929872e-05
0.08948237023750269,4.470924537516297e-05
0.10052891014472326,8.646746393261574e-05
0.11293913815718663,0.0001612831565791617
0.1268814006769336,0.0002902745826228459
0.14254482635890514,0.0005043828087962054
0.16014189166643014,0.0008467344679874423
0.17991130314285533,0.0013745050239142742
0.2021212354977168,0.0021598549497525545
0.2270729694325259,0.003289740368023664
0.2551049785537617,0.004864902784780712
0.28659752081259104,0.00699907508601716
0.3219777967548112,0.009820218180398526
0.36172574455336326,0.013476103900704368
0.4063805504338082,0.01814640120442934
0.45654796280755766,0.024062293492383403
0.5129085093300529,0.03153247708948776
0.5762267283493882,0.04097144006407628
0.6473615399712076,0.05292284571352552
0.7272778974247632,0.06806856126540048
0.8170598767824696,0.08721334434343947
0.9179253825967483,0.1112371735601122
1.0312426689380967,0.14101195854137757
1.1585488999444697,0.17728650299351537
1.3015710016583038,0.22055199796453767
1.4622490880091454,0.270908198783513
1.6427627787184707,0.32795559874873625
1.8455607661325835,0.3907392729503972
2.0733940320616497,0.4577643353099278
2.329353165215711,0.5270913063059177
2.6169102854537,0.5965041355078161
2.9399661435534976,0.6637277705998021
3.3029030354176987,0.7266603031988756
3.710644248503383,0.7835804436858131
4.168720846874621,0.8332959497085872
4.683346700825936,0.8752115041897359
5.261502778863538,0.9093118327090319
5.911031845476362,0.9360727779331928
6.64074484928479,0.9563252453690223
7.4605404447366075,0.9711018506303867
8.381539268677866,0.9814936130039315
9.416234793278331,0.9885361428523392
10.578662801651687,0.9931345635159915
11.884591785129816,0.9960269224075448
13.351736844955687,0.997779142509803
15.0,0.9988013838824664
