SA(0.6s) [g],Loss_ratio
0.05000000000000001,5.569966778101732e-06
0.056172467201025755,1.3391758451336555e-05
0.06310692142900626,3.064346815535024e-05
0.07089742948257126,6.675861100011727e-05
0.07964967064493539,0.00013852505855910802
0.08948237023750269,0.00027391797861817113
0.10052891014472326,0.0005164770393812579
0.11293913815718663,0.0009292855900271625
0.1268814006769336,0.0015970793774146399
0.14254482635890514,0.002624839457471107
0.16014189166643014,0.004131816539079692
0.17991130314285533,0.006241549021752629
0.2021212354977168,0.009070898436955195
0.2270729694325259,0.012723649883430499
0.2551049785537617,0.01729554554369549
0.28659752081259104,0.02289649143996739
0.3219777967548112,0.029691585882615397
0.36172574455336326,0.03795629540401382
0.4063805504338082,0.04813445512489303
0.45654796280755766,0.060883104399256927
0.5129085093300529,0.07708712232056641
0.5762267283493882,0.09782947286168127
0.6473615399712076,0.12430871311089337
0.7272778974247632,0.1577031608033718
0.8170598767824696,0.19899034842928806
0.9179253825967483,0.24874128783099217
1.0312426689380967,0.306921091946314
1.1585488999444697,0.3727378291357646
1.3015710016583038,0.4445847941415051
1.4622490880091454,0.5201119578595124
1.6427627787184707,0.5964379105253593
1.8455607661325835,0.6704784330584035
2.0733940320616497,0.739332818886789
2.329353165215711,0.8006477124640581
2.6169102854537,0.8528802733706182
2.9399661435534976,0.8954087348866463
3.3029030354176987,0.9284798591882493
3.710644248503383,0.9530244746536225
4.168720846874621,0.9704001516470675
4.683346700825936,0.9821267992318367
5.261502778863538,0.9896680797527138
5.911031845476362,0.9942872990850327
6.64074484928479,0.9969811629910205
7.4605404447366075,0.9984764125744919
8.381539268677866,0.9992660805752
9.416234793278331,0.9996627631808763
10.578662801651687,0.9998522576330694
11.884591785129816,0.9999383178720722
13.351736844955687,0.9999754687796241
15.0,0.9999907098193633
