SA(1.0s) [g],Loss_ratio
0.05000000000000001,0.000644860260549135
0.056172467201025755,0.0011380931425027496
0.06310692142900626,0.0019287552462058102
0.07089742948257126,0.00314498368523371
0.07964967064493539,0.004945985548847703
0.08948237023750269,0.007524034740110868
0.10052891014472326,0.011109815147494373
0.11293913815718663,0.015984991736500555
0.1268814006769336,0.022505058977437785
0.14254482635890514,0.031132283726662914
0.16014189166643014,0.042473053054251746
0.17991130314285533,0.057307434243688886
0.2021212354977168,0.07659353528432518
0.2270729694325259,0.1014279731892366
0.2551049785537617,0.132948527121956
0.28659752081259104,0.17217654576654842
0.3219777967548112,0.21981348719953378
0.36172574455336326,0.27602440944824996
0.4063805504338082,0.3402557652803936
0.45654796280755766,0.4111393738665768
0.5129085093300529,0.48652439391804947
0.5762267283493882,0.5636539793912073
0.6473615399712076,0.6394681610222999
0.7272778974247632,0.710979532116834
0.8170598767824696,0.77564552063745
0.9179253825967483,0.8316593315530928
1.0312426689380967,0.8781026723025744
1.1585488999444697,0.9149402429922547
1.3015710016583038,0.94287598701343
1.4622490880091454,0.9631211340859885
1.6427627787184707,0.9771358969993974
1.8455607661325835,0.9863996508888487
2.0733940320616497,0.9922445076847607
2.329353165215711,0.9957634338740373
2.6169102854537,0.9977844623962675
2.9399661435534976,0.9988914648686568
3.3029030354176987,0.9994696094931079
3.710644248503383,0.9997574441171403
4.168720846874621,0.9998940229014961
4.683346700825936,0.9999557789561693
5.261502778863538,0.999982383825545
5.911031845476362,0.9999933023365557
6.64074484928479,0.9999975703671693
7.4605404447366075,0.9999991592791948
8.381539268677866,0.9999997225686729
9.416234793278331,0.9999999127109096
10.578662801651687,0.9999999738192586
11.884591785129816,0.9999999925157921
13.351736844955687,0.9999999979611605
15.0,0.9999999994707861
