SA(0.3s) [g],Loss_ratio
0.05000000000000001,1.1586096342758313e-05
0.056172467201025755,2.2017636259502593e-05
0.06310692142900626,4.0659207823978694e-05
0.07089742948257126,7.297515126430398e-05
0.07964967064493539,0.0001273217986432651
0.08948237023750269,0.00021599260649962095
0.10052891014472326,0.0003563656854032704
0.11293913815718663,0.000572012943668554
0.1268814006769336,0.0008935634022144147
0.14254482635890514,0.0013590695113409879
0.16014189166643014,0.0020136346269309046
0.17991130314285533,0.0029081524044483774
0.2021212354977168,0.0040972038739826465
0.2270729694325259,0.005636450397793263
0.2551049785537617,0.007580211066830394
0.28659752081259104,0.009980244699357477
0.3219777967548112,0.012886965045469222
0.36172574455336326,0.016354293077728777
0.4063805504338082,0.0204490077133007
0.45654796280755766,0.025264767977490346
0.5129085093300529,0.030939995631633733
0.5762267283493882,0.03767765947309032
0.6473615399712076,0.04576388744583158
0.7272778974247632,0.05558147867714162
0.8170598767824696,0.06761401473872727
0.9179253825967483,0.08243655278755901
1.0312426689380967,0.1006899236986184
1.1585488999444697,0.12303746123624061
1.3015710016583038,0.15010544484077123
1.4622490880091454,0.18241140759448715
1.6427627787184707,0.22028735834975
1.8455607661325835,0.26380737957331324
2.0733940320616497,0.3127304062989738
2.329353165215711,0.36646872721545165
2.6169102854537,0.42409054052812756
2.9399661435534976,0.4843607742770418
3.3029030354176987,0.5458188390665765
3.710644248503383,0.6068859627478238
4.168720846874621,0.6659894803583088
4.683346700825936,0.7216881211250662
5.261502778863538,0.7727817980137884
5.911031845476362,0.818391894984132
6.64074484928479,0.8580030738342698
7.4605404447366075,0.89146409000433
8.381539268677866,0.9189516064212678
9.416234793278331,0.9409061873907234
10.578662801651687,0.9579526146867403
11.884591785129816,0.970817081606655
13.351736844955687,0.9802519922304792
15.0,0.986975778322742
