SA(1.0s) [g],Loss_ratio
0.05000000000000001,2.0671403307515045e-05
0.056172467201025755,4.144013554776006e-05
0.06310692142900626,8.027180658102263e-05
0.07089742948257126,0.00015033677577374062
0.07964967064493539,0.0002724271369464182
0.08948237023750269,0.00047808323140322576
0.10052891014472326,0.0008133586076851829
0.11293913815718663,0.00134315161979926
0.1268814006769336,0.002156056440888271
0.14254482635890514,0.0033698164582737114
0.16014189166643014,0.005137696954746818
0.17991130314285533,0.0076563531263392605
0.2021212354977168,0.011175880158442408
0.2270729694325259,0.016012449307891176
0.2551049785537617,0.02256302289623865
0.28659752081259104,0.03132000767020035
0.3219777967548112,0.04288153595311455
0.36172574455336326,0.057950905421926956
0.4063805504338082,0.07731742832008144
0.45654796280755766,0.1018115193528374
0.5129085093300529,0.13223003364177147
0.5762267283493882,0.16923376745979282
0.6473615399712076,0.21322684644005452
0.7272778974247632,0.2642356798449956
0.8170598767824696,0.32181085171729823
0.9179253825967483,0.3849763834025472
1.0312426689380967,0.45224575823334806
1.1585488999444697,0.521713094818238
1.3015710016583038,0.591212957954221
1.4622490880091454,0.6585271270086
1.6427627787184707,0.7216053651738782
1.8455607661325835,0.7787632065004431
2.0733940320616497,0.8288243602999006
2.329353165215711,0.8711873448383529
2.6169102854537,0.9058120457549464
2.9399661435534976,0.9331376507054207
3.3029030354176987,0.9539548673930488
3.710644248503383,0.9692601569791487
4.168720846874621,0.9801177497757606
4.683346700825936,0.9875481894748009
5.261502778863538,0.9924528378678739
5.911031845476362,0.9955749154971035
6.64074484928479,0.9974911905444812
7.4605404447366075,0.9986251338771586
8.381539268677866,0.9992719634203309
9.416234793278331,0.9996275972625234
10.578662801651687,0.9998160422202728
11.884591785129816,0.9999122679034661
13.351736844955687,0.9999596138097993
15.0,0.9999820589092664
