SA(0.3s) [g],Loss_ratio
0.05000000000000001,8.155777142526688e-09
0.056172467201025755,2.153715608632645e-08
0.06310692142900626,5.500443682193712e-08
0.07089742948257126,1.3587776421242203e-07
0.07964967064493539,3.247160348607281e-07
0.08948237023750269,7.508223907826129e-07
0.10052891014472326,1.6800972288177897e-06
0.11293913815718663,3.6391125537271754e-06
0.1268814006769336,7.631995809059822e-06
0.14254482635890514,1.55024776061774e-05
0.16014189166643014,3.0510448956888594e-05
0.17991130314285533,5.820698088908061e-05
0.2021212354977168,0.00010769887555479584
0.2270729694325259,0.00019338829002680803
0.2551049785537617,0.00033725245268098614
0.28659752081259104,0.0005716971533222316
0.3219777967548112,0.0009429891431062043
0.36172574455336326,0.0015152691899499695
0.4063805504338082,0.002375193159409467
0.45654796280755766,0.0036373533817945615
0.5129085093300529,0.005450773087733473
0.5762267283493882,0.008006867973628113
0.6473615399712076,0.011549202997601265
0.7272778974247632,0.01638498426947472
0.8170598767824696,0.022897392594636697
0.9179253825967483,0.03155657941018455
1.0312426689380967,0.0429255951757931
1.1585488999444697,0.057656123972171264
1.3015710016583038,0.07646826087920673
1.4622490880091454,0.1001093334983425
1.6427627787184707,0.12928938621005145
1.8455607661325835,0.16459542224803297
2.0733940320616497,0.20639222036248125
2.329353165215711,0.25472326910564547
2.6169102854537,0.30922945078751796
2.9399661435534976,0.36910395586944367
3.3029030354176987,0.4330984984717632
3.710644248503383,0.4995882709617991
4.168720846874621,0.5666925098227703
4.683346700825936,0.6324363862771571
5.261502778863538,0.6949309760561063
5.911031845476362,0.7525437210186039
6.64074484928479,0.8040333369622965
7.4605404447366075,0.8486302233255252
8.381539268677866,0.8860542561153884
9.416234793278331,0.9164736234255907
10.578662801651687,0.9404182479556779
11.884591785129816,0.9586672492938185
13.351736844955687,0.9721310274518465
15.0,0.9817454327840847
