SA(0.6s) [g],Loss_ratio
0.05000000000000001,2.703830325023749e-07
0.056172467201025755,7.72958131278756e-07
0.06310692142900626,2.0976664880101303e-06
0.07089742948257126,5.405533865715518e-06
0.07964967064493539,1.3231284302600567e-05
0.08948237023750269,3.0774706294101066e-05
0.10052891014472326,6.804825641170132e-05
0.11293913815718663,0.0001431263419235995
0.1268814006769336,0.0002865557531249119
0.14254482635890514,0.00054660069784781
0.16014189166643014,0.000994460093225802
0.17991130314285533,0.0017281242750606608
0.2021212354977168,0.0028735147934285444
0.2270729694325259,0.004582388822175643
0.2551049785537617,0.007028355449891322
0.28659752081259104,0.010404846905613436
0.3219777967548112,0.014930923965887011
0.36172574455336326,0.020870869382683906
0.4063805504338082,0.02857042433974124
0.45654796280755766,0.03850615294091064
0.5129085093300529,0.05133623591666243
0.5762267283493882,0.0679337012269168
0.6473615399712076,0.08937968259329368
0.7272778974247632,0.11689694617347668
0.8170598767824696,0.1517134009609467
0.9179253825967483,0.19486085590250646
1.0312426689380967,0.24693367410854716
1.1585488999444697,0.307851264026257
1.3015710016583038,0.3766817173617283
1.4622490880091454,0.45158452398234294
1.6427627787184707,0.5299129897960824
1.8455607661325835,0.6084819696270907
2.0733940320616497,0.683961893072498
2.329353165215711,0.7533204921108996
2.6169102854537,0.814214794781175
2.9399661435534976,0.8652469290668958
3.3029030354176987,0.9060354455118799
3.710644248503383,0.9371053588162378
4.168720846874621,0.9596461111117105
4.683346700825936,0.9752119651755754
5.261502778863538,0.9854385492153428
5.911031845476362,0.991827673741809
6.64074484928479,0.9956219182854927
7.4605404447366075,0.9977629354209265
8.381539268677866,0.9989105051199056
9.416234793278331,0.9994945810783331
10.578662801651687,0.999776790032478
11.884591785129816,0.9999062021197709
13.351736844955687,0.9999625118464789
15.0,0.9999857556991175
