SA(1.0s) [g],Loss_ratio
0.05000000000000001,2.2204460492503132e-17
0.056172467201025755,2.7200464103316337e-16
0.06310692142900626,3.091971123581061e-15
0.07089742948257126,3.284594818353526e-14
0.07964967064493539,3.1569191705216326e-13
0.08948237023750269,2.752970074126893e-12
0.10052891014472326,2.1803631122807587e-11
0.11293913815718663,1.569510077459313e-10
0.1268814006769336,1.0276522965924073e-09
0.14254482635890514,6.125835416703751e-09
0.16014189166643014,3.3279115829731866e-08
0.17991130314285533,1.6496106625130125e-07
0.2021212354977168,7.471020596672151e-07
0.2270729694325259,3.0961625278713714e-06
0.2551049785537617,1.1760813247763125e-05
0.28659752081259104,4.102081493823073e-05
0.3219777967548112,0.00013162897089414872
0.36172574455336326,0.0003893379082853477
0.4063805504338082,0.0010635807135704945
0.45654796280755766,0.0026883545054501357
0.5129085093300529,0.006298199106992969
0.5762267283493882,0.013696970233248928
0.6473615399712076,0.027688613653388962
0.7272778974247632,0.05209389442546468
0.8170598767824696,0.09133105052026518
0.9179253825967483,0.14941584423383494
1.0312426689380967,0.22848997544180183
1.1585488999444697,0.3273490302238935
1.3015710016583038,0.440692667107815
1.4622490880091454,0.5597018245434247
1.6427627787184707,0.6739910595549427
1.8455607661325835,0.7742580063134471
2.0733940320616497,0.8545319909630881
2.329353165215711,0.9131248332969397
2.6169102854537,0.9520834236112247
2.9399661435534976,0.9756627038516993
3.3029030354176987,0.9886447945382791
3.710644248503383,0.9951430541224198
4.168720846874621,0.9980988068741742
4.683346700825936,0.9993199393129538
5.261502778863538,0.9997779833379252
5.911031845476362,0.9999339191476082
6.64074484928479,0.9999820849540144
7.4605404447366075,0.9999955795541251
8.381539268677866,0.9999990079841734
9.416234793278331,0.99999979764598
10.578662801651687,0.9999999625014736
11.884591785129816,0.9999999936901145
13.351736844955687,0.9999999990362753
15.0,0.9999999998664487
