SA(0.3s) [g],Loss_ratio
0.05000000000000001,0.00020818674662999027
0.056172467201025755,0.0003448352738363026
0.06310692142900626,0.0005559209080067906
0.07089742948257126,0.0008727097891795877
0.07964967064493539,0.0013348737995142635
0.08948237023750269,0.0019908475082468127
0.10052891014472326,0.002897647898999556
0.11293913815718663,0.004120294031709188
0.1268814006769336,0.005731241911378127
0.14254482635890514,0.007810557998493334
0.16014189166643014,0.010447804336627243
0.17991130314285533,0.013746684171284801
0.2021212354977168,0.01783328460114671
0.2270729694325259,0.022868175292143824
0.2551049785537617,0.02906167850933635
0.28659752081259104,0.03669041743743186
0.3219777967548112,0.0461119862019721
0.36172574455336326,0.05777355910049268
0.4063805504338082,0.07220979393500425
0.45654796280755766,0.09002577323918297
0.5129085093300529,0.11186214198783437
0.5762267283493882,0.1383420333050229
0.6473615399712076,0.17000258960926518
0.7272778974247632,0.20721741532128957
0.8170598767824696,0.2501194764845079
0.9179253825967483,0.29853604021284436
1.0312426689380967,0.351947537547362
1.1585488999444697,0.4094803067408656
1.3015710016583038,0.469939027498898
1.4622490880091454,0.5318788123329169
1.6427627787184707,0.5937103927105847
1.8455607661325835,0.6538259447081095
2.0733940320616497,0.7107291565191629
2.329353165215711,0.7631521057895143
2.6169102854537,0.8101437026672849
2.9399661435534976,0.8511194200675712
3.3029030354176987,0.8858686750657085
3.710644248503383,0.9145230831121699
4.168720846874621,0.9374944524939502
4.683346700825936,0.9553947927465458
5.261502778863538,0.9689513749292407
5.911031845476362,0.9789282525500186
6.64074484928479,0.9860623724613243
7.4605404447366075,0.991018444784391
8.381539268677866,0.9943630153922549
9.416234793278331,0.9965553464392266
10.578662801651687,0.9979510577910659
11.884591785129816,0.9988139813392924
13.351736844955687,0.9993320679334079
15.0,0.9996341007491087
