SA(0.3s) [g],Loss_ratio
0.05000000000000001,1.675503388642863e-07
0.056172467201025755,4.3666202873549056e-07
0.06310692142900626,1.0918494136480385e-06
0.07089742948257126,2.619763195182978e-06
0.07964967064493539,6.032762164964734e-06
0.08948237023750269,1.3335452378687719e-05
0.10052891014472326,2.8302881029557138e-05
0.11293913815718663,5.768895415896869e-05
0.1268814006769336,0.00011295838087678202
0.14254482635890514,0.00021254627760844413
0.16014189166643014,0.00038447609549248086
0.17991130314285533,0.0006689143947026188
0.2021212354977168,0.0011199638311796768
0.2270729694325259,0.0018058074734910391
0.2551049785537617,0.002806378452421854
0.28659752081259104,0.004208193316920883
0.3219777967548112,0.006096918287493919
0.36172574455336326,0.008549517316784367
0.4063805504338082,0.01162911863347707
0.45654796280755766,0.0153865194624061
0.5129085093300529,0.019872001229253103
0.5762267283493882,0.025159533910440113
0.6473615399712076,0.03138259275142214
0.7272778974247632,0.03877723241796271
0.8170598767824696,0.047724623545175676
0.9179253825967483,0.05878286274414889
1.0312426689380967,0.07269719029984349
1.1585488999444697,0.09037907415541256
1.3015710016583038,0.11284789059891775
1.4622490880091454,0.14113393139887098
1.6427627787184707,0.1761479213893236
1.8455607661325835,0.21852970970734312
2.0733940320616497,0.26849639856047247
2.329353165215711,0.3257162252627378
2.6169102854537,0.3892366654320557
2.9399661435534976,0.4574911469536156
3.3029030354176987,0.5283973322901091
3.710644248503383,0.5995423559908689
4.168720846874621,0.6684306008108878
4.683346700825936,0.7327532623006596
5.261502778863538,0.7906315988190824
5.911031845476362,0.8407904392173126
6.64074484928479,0.8826343478989803
7.4605404447366075,0.9162211579174971
8.381539268677866,0.9421496488758092
9.416234793278331,0.9613937273612927
10.578662801651687,0.9751210120798918
11.884591785129816,0.9845293026973732
13.351736844955687,0.9907231291039894
15.0,0.9946389632883479
