SA(0.6s) [g],Loss_ratio
0.05000000000000001,3.4013611599492677e-07
0.056172467201025755,9.829008194628396e-07
0.06310692142900626,2.690617792666661e-06
0.07089742948257126,6.979462289247174e-06
0.07964967064493539,1.7162907159079534e-05
0.08948237023750269,4.0028295861543886e-05
0.10052891014472326,8.859454190690563e-05
0.11293913815718663,0.0001862209668446635
0.1268814006769336,0.0003720747707861516
0.14254482635890514,0.0007074795609014751
0.16014189166643014,0.0012820793943689234
0.17991130314285533,0.0022183899424051247
0.2021212354977168,0.0036736496316977234
0.2270729694325259,0.005839313124381646
0.2551049785537617,0.008940948992571297
0.28659752081259104,0.013243819446088656
0.3219777967548112,0.019070416199033633
0.36172574455336326,0.026834002488251046
0.4063805504338082,0.037086005594648586
0.45654796280755766,0.050565949647861555
0.5129085093300529,0.06823342604683015
0.5762267283493882,0.09125628507896695
0.6473615399712076,0.12093130314896504
0.7272778974247632,0.15852485466116562
0.8170598767824696,0.2050409739662965
0.9179253825967483,0.2609492132033549
1.0312426689380967,0.32592856518205426
1.1585488999444697,0.3986977869453187
1.3015710016583038,0.4769979754983673
1.4622490880091454,0.5577654326903956
1.6427627787184707,0.6374853014544396
1.8455607661325835,0.7126626929295914
2.0733940320616497,0.7803077498950342
2.329353165215711,0.8383216339729881
2.6169102854537,0.8856977169885961
2.9399661435534976,0.9225068395156919
3.3029030354176987,0.9496964524591474
3.710644248503383,0.9687783305270773
4.168720846874621,0.9814946192038461
4.683346700825936,0.989537250652888
5.261502778863538,0.9943626675841425
5.911031845476362,0.9971079738603451
6.64074484928479,0.9985884591817465
7.4605404447366075,0.9993449933720807
8.381539268677866,0.9997112050148231
9.416234793278331,0.9998790837559158
10.578662801651687,0.9999519475498507
11.884591785129816,0.9999818828514867
13.351736844955687,0.9999935220837645
15.0,0.9999978041747084
