PGA [g],Loss_ratio
0.05000000000000001,5.273559366969494e-16
0.056172467201025755,7.216449660063518e-15
0.06310692142900626,8.797407247129741e-14
0.07089742948257126,9.545919610332022e-13
0.07964967064493539,9.222178576351325e-12
0.08948237023750269,7.934367607376203e-11
0.10052891014472326,6.080957126730624e-10
0.11293913815718663,4.152886184938254e-09
0.1268814006769336,2.5281722204617556e-08
0.14254482635890514,1.372553856349157e-07
0.16014189166643014,6.648744782455918e-07
0.17991130314285533,2.8754182910706307e-06
0.2021212354977168,1.1110414643106248e-05
0.2270729694325259,3.838949267170322e-05
0.2551049785537617,0.00011874674220354598
0.28659752081259104,0.00032927042604848913
0.3219777967548112,0.0008199109114176485
0.36172574455336326,0.0018376603709182983
0.4063805504338082,0.0037188739223799894
0.45654796280755766,0.00682545480139194
0.5129085093300529,0.011435425218517493
0.5762267283493882,0.017661853051320082
0.6473615399712076,0.02552251541594429
0.7272778974247632,0.035254584193519935
0.8170598767824696,0.0478417898684195
0.9179253825967483,0.06554937460643433
1.0312426689380967,0.0921422560669932
1.1585488999444697,0.13246943407830206
1.3015710016583038,0.19126096397650905
1.4622490880091454,0.27130311931322676
1.6427627787184707,0.37157872725010255
1.8455607661325835,0.48628346449499926
2.0733940320616497,0.6055238924696521
2.329353165215711,0.7177861544518243
2.6169102854537,0.8132448517182924
2.9399661435534976,0.8863873073455483
3.3029030354176987,0.9367903890044116
3.710644248503383,0.9679775592815012
4.168720846874621,0.9852812582869225
4.683346700825936,0.9938803620282985
5.261502778863538,0.9977042210027236
5.911031845476362,0.9992245196628265
6.64074484928479,0.9997645608865863
7.4605404447366075,0.9999358492730339
8.381539268677866,0.9999843330651134
9.416234793278331,0.9999965742946567
10.578662801651687,0.9999993299766107
11.884591785129816,0.9999998828748227
13.351736844955687,0.9999999817137546
15.0,0.9999999974517224
