SA(1.0s) [g],Loss_ratio
0.05000000000000001,1.4168294615313217e-08
0.056172467201025755,4.487407928022158e-08
0.06310692142900626,1.3555409982268786e-07
0.07089742948257126,3.907135297354092e-07
0.07964967064493539,1.075110770748511e-06
0.08948237023750269,2.8258728758889796e-06
0.10052891014472326,7.09990748634648e-06
0.11293913815718663,1.706454655004963e-05
0.1268814006769336,3.927082850981312e-05
0.14254482635890514,8.66210447871718e-05
0.16014189166643014,0.00018333902958053152
0.17991130314285533,0.0003728369149365696
0.2021212354977168,0.0007294887733310385
0.2270729694325259,0.0013752946182085057
0.2551049785537617,0.002502152949198566
0.28659752081259104,0.004399828790223953
0.3219777967548112,0.007488525974460475
0.36172574455336326,0.012353020190730358
0.4063805504338082,0.01977240937752134
0.45654796280755766,0.0307358163570187
0.5129085093300529,0.046430617845588634
0.5762267283493882,0.06818768453911399
0.6473615399712076,0.09737018451870058
0.7272778974247632,0.1352011179597041
0.8170598767824696,0.18254067265141136
0.9179253825967483,0.2396452459447947
1.0312426689380967,0.3059592884998793
1.1585488999444697,0.3800003035943475
1.3015710016583038,0.45938877681064333
1.4622490880091454,0.5410462751666532
1.6427627787184707,0.6215423654547361
1.8455607661325835,0.697527653199786
2.0733940320616497,0.76616199074173
2.329353165215711,0.8254452437467076
2.6169102854537,0.8743845365032057
2.9399661435534976,0.912977213016101
3.3029030354176987,0.942036549097231
3.710644248503383,0.9629215153232078
4.168720846874621,0.9772434371551857
4.683346700825936,0.9866116349202191
5.261502778863538,0.9924552180223865
5.911031845476362,0.9959302879160433
6.64074484928479,0.9979000406980919
7.4605404447366075,0.9989640249582075
8.381539268677866,0.9995116119399008
9.416234793278331,0.9997800792457797
10.578662801651687,0.999905445923541
11.884591785129816,0.9999611982228106
13.351736844955687,0.9999848071307934
15.0,0.9999943256302024
