SA(1.0s) [g],Loss_ratio
0.05000000000000001,3.6497571344051856e-05
0.056172467201025755,7.751756463020289e-05
0.06310692142900626,0.0001573742805736522
0.07089742948257126,0.0003056474124065012
0.07964967064493539,0.0005684633163217712
0.08948237023750269,0.0010137418814997357
0.10052891014472326,0.0017361049843509669
0.11293913815718663,0.002860800842206729
0.1268814006769336,0.00454659770022085
0.14254482635890514,0.006988762221488487
0.16014189166643014,0.010424643439006266
0.17991130314285533,0.015145300967705722
0.2021212354977168,0.02151608383779197
0.2270729694325259,0.030006320408114157
0.2551049785537617,0.041223287294210556
0.28659752081259104,0.05593944585925084
0.3219777967548112,0.07509666774738658
0.36172574455336326,0.09976941354025563
0.4063805504338082,0.13107279768545302
0.45654796280755766,0.17001206921054485
0.5129085093300529,0.2172861288856125
0.5762267283493882,0.27307584360778525
0.6473615399712076,0.3368627209733423
0.7272778974247632,0.40732887814489516
0.8170598767824696,0.4823804811775788
0.9179253825967483,0.5593130873947325
1.0312426689380967,0.6351032370220246
1.1585488999444697,0.7067759383435663
1.3015710016583038,0.7717741551828043
1.4622490880091454,0.8282531367939413
1.6427627787184707,0.8752415984523755
1.8455607661325835,0.9126471765652491
2.0733940320616497,0.9411230843007934
2.329353165215711,0.9618434822753107
2.6169102854537,0.9762482010635848
2.9399661435534976,0.9858118727395185
3.3029030354176987,0.9918736789071106
3.710644248503383,0.9955405556580683
4.168720846874621,0.9976568691421992
4.683346700825936,0.9988218996125331
5.261502778863538,0.9994334929337958
5.911031845476362,0.9997395907685427
6.64074484928479,0.9998856208163227
7.4605404447366075,0.9999520148008119
8.381539268677866,0.9999807786450237
9.416234793278331,0.9999926508245879
10.578662801651687,0.9999973186965309
11.884591785129816,0.9999990667610983
13.351736844955687,0.999999690203361
15.0,0.9999999019371008
