SA(0.3s) [g],Loss_ratio
0.05000000000000001,6.154187320861482e-09
0.056172467201025755,1.860701110412144e-08
0.06310692142900626,5.3884585710095585e-08
0.07089742948257126,1.4947994666503206e-07
0.07964967064493539,3.972699306131755e-07
0.08948237023750269,1.0116566162288176e-06
0.10052891014472326,2.4688402263439716e-06
0.11293913815718663,5.7748648932653974e-06
0.1268814006769336,1.2949908479248375e-05
0.14254482635890514,2.7846285585270138e-05
0.16014189166643014,5.743261841604231e-05
0.17991130314285533,0.00011365140066262881
0.2021212354977168,0.0002158607119725264
0.2270729694325259,0.00039367961473144036
0.2551049785537617,0.0006897777504316416
0.28659752081259104,0.0011618465738763074
0.3219777967548112,0.0018827972764985104
0.36172574455336326,0.002938336356495908
0.4063805504338082,0.004421649300842335
0.45654796280755766,0.006426033881262472
0.5129085093300529,0.009037801239849924
0.5762267283493882,0.012333170673155177
0.6473615399712076,0.016383594054145596
0.7272778974247632,0.021273340609060987
0.8170598767824696,0.027130920578344892
0.9179253825967483,0.034172203678939826
1.0312426689380967,0.04274862803955788
1.1585488999444697,0.0533898129959502
1.3015710016583038,0.06682735825284969
1.4622490880091454,0.08398654197009045
1.6427627787184707,0.10593548921269186
1.8455607661325835,0.1337871870884912
2.0733940320616497,0.16855808434303327
2.329353165215711,0.21099707262001785
2.6169102854537,0.26140886793943574
2.9399661435534976,0.3195038160634939
3.3029030354176987,0.384308942404443
3.710644248503383,0.45416992266931544
4.168720846874621,0.5268594671473456
4.683346700825936,0.5997861889148433
5.261502778863538,0.6702743616682176
5.911031845476362,0.7358660595764388
6.64074484928479,0.7945895124524862
7.4605404447366075,0.845144377385945
8.381539268677866,0.8869744275839627
9.416234793278331,0.920224812048708
10.578662801651687,0.9456063070165848
11.884591785129816,0.9642056455934271
13.351736844955687,0.9772854440036872
15.0,0.9861102521442037
