PGA [g],Loss_ratio
0.05000000000000001,5.727529561738721e-13
0.056172467201025755,4.497258121460846e-12
0.06310692142900626,3.217301980384946e-11
0.07089742948257126,2.0974193493117354e-10
0.07964967064493539,1.2463289622566268e-09
0.08948237023750269,6.7523937274938114e-09
0.10052891014472326,3.336634560313634e-08
0.11293913815718663,1.5044090748705943e-07
0.1268814006769336,6.192322591636046e-07
0.14254482635890514,2.3283816813768347e-06
0.16014189166643014,8.004444928394471e-06
0.17991130314285533,2.518609043259956e-05
0.2021212354977168,7.264017029437465e-05
0.2270729694325259,0.0001924136469333815
0.2551049785537617,0.00046935865805629035
0.28659752081259104,0.0010582211229637874
0.3219777967548112,0.0022161724409238636
0.36172574455336326,0.004339338735990451
0.4063805504338082,0.008009438094138888
0.45654796280755766,0.014069549068148564
0.5129085093300529,0.023752394025943816
0.5762267283493882,0.038856689696393824
0.6473615399712076,0.06189413685381411
0.7272778974247632,0.09603872862838646
0.8170598767824696,0.14467766701758275
0.9179253825967483,0.21047442865401259
1.0312426689380967,0.29412202645402186
1.1585488999444697,0.393267636568217
1.3015710016583038,0.5022109760826907
1.4622490880091454,0.6127521350039093
1.6427627787184707,0.7160397781253777
1.8455607661325835,0.8047381651020413
2.0733940320616497,0.8746395188053109
2.329353165215711,0.925135863386365
2.6169102854537,0.9585428566516528
2.9399661435534976,0.9787676996565587
3.3029030354176987,0.9899652125737948
3.710644248503383,0.9956315779971865
4.168720846874621,0.9982511107133298
4.683346700825936,0.9993569572913326
5.261502778863538,0.9997830997488123
5.911031845476362,0.9999329504380084
6.64074484928479,0.9999810207724502
7.4605404447366075,0.9999950842769957
8.381539268677866,0.9999988357589574
9.416234793278331,0.9999997480004114
10.578662801651687,0.9999999501755794
11.884591785129816,0.9999999910054528
13.351736844955687,0.9999999985180223
15.0,0.9999999997772188
