SA(0.3s) [g],Loss_ratio
0.05000000000000001,1.2358280065960516e-09
0.056172467201025755,4.087672705876954e-09
0.06310692142900626,1.2919079056539218e-08
0.07089742948257126,3.901867742794885e-08
0.07964967064493539,1.1262979621173841e-07
0.08948237023750269,3.1076724628653636e-07
0.10052891014472326,8.197632496653729e-07
0.11293913815718663,2.0677284247982984e-06
0.1268814006769336,4.988200094180329e-06
0.14254482635890514,1.151195205391087e-05
0.16014189166643014,2.5423666881785326e-05
0.17991130314285533,5.3748464978220506e-05
0.2021212354977168,0.00010882261763641155
0.2270729694325259,0.00021111790601305305
0.2551049785537617,0.0003927028997155968
0.28659752081259104,0.0007009462074868523
0.3219777967548112,0.0012017744226453463
0.36172574455336326,0.001981652647834503
0.4063805504338082,0.003147673083510155
0.45654796280755766,0.004825891615085442
0.5129085093300529,0.007159335283802022
0.5762267283493882,0.010308595457028126
0.6473615399712076,0.014458970918736576
0.7272778974247632,0.019837910351551673
0.8170598767824696,0.02674437079756735
0.9179253825967483,0.03558756537976308
1.0312426689380967,0.04692714673083573
1.1585488999444697,0.0615016666178009
1.3015710016583038,0.0802290797122976
1.4622490880091454,0.10416387277170681
1.6427627787184707,0.13440112662031423
1.8455607661325835,0.17192834403420468
2.0733940320616497,0.21743972457699942
2.329353165215711,0.2711418713451247
2.6169102854537,0.33259069683340137
2.9399661435534976,0.40060225137557687
3.3029030354176987,0.47327208968455514
3.710644248503383,0.5481181499579741
4.168720846874621,0.6223344697282246
4.683346700825936,0.6931147152853916
5.261502778863538,0.757984466606828
5.911031845476362,0.8150767661421894
6.64074484928479,0.8632989386333354
7.4605404447366075,0.9023661350177052
8.381539268677866,0.9327095305042226
9.416234793278331,0.9552943396915178
10.578662801651687,0.9713972010027059
11.884591785129816,0.9823917012683986
13.351736844955687,0.9895779159649698
15.0,0.9940731941991583
