SA(0.3s) [g],Loss_ratio
0.05000000000000001,8.566583932817507e-06
0.056172467201025755,1.6956068093076925e-05
0.06310692142900626,3.2540997590091436e-05
0.07089742948257126,6.056719118544551e-05
0.07964967064493539,0.0001093650622870257
0.08948237023750269,0.00019165239793546564
0.10052891014472326,0.00032608939725564673
0.11293913815718663,0.0005389869872037934
0.1268814006769336,0.0008660061824563249
0.14254482635890514,0.001353653198321858
0.16014189166643014,0.002060409886429032
0.17991130314285533,0.0030574766281748823
0.2021212354977168,0.004429358605749739
0.2270729694325259,0.006274867995689754
0.2551049785537617,0.008709459337404198
0.28659752081259104,0.011870023782281126
0.3219777967548112,0.015923171930750483
0.36172574455336326,0.02107748742831642
0.4063805504338082,0.027599172678408775
0.45654796280755766,0.03582901664620837
0.5129085093300529,0.046196950437345286
0.5762267283493882,0.05922903442034178
0.6473615399712076,0.07554104144953183
0.7272778974247632,0.09581333033418105
0.8170598767824696,0.12074373146697659
0.9179253825967483,0.15097867311205398
1.0312426689380967,0.18702735024792733
1.1585488999444697,0.22916857256188017
1.3015710016583038,0.27736393203381
1.4622490880091454,0.33119294301531543
1.6427627787184707,0.389824901105561
1.8455607661325835,0.4520380027450975
2.0733940320616497,0.5162891673393012
2.329353165215711,0.5808292348053639
2.6169102854537,0.6438496182895915
2.9399661435534976,0.7036400949625098
3.3029030354176987,0.7587348500747807
3.710644248503383,0.8080258912644466
4.168720846874621,0.8508291079322774
4.683346700825936,0.8868970880261416
5.261502778863538,0.9163822088183715
5.911031845476362,0.9397613565109921
6.64074484928479,0.9577383427167406
7.4605404447366075,0.9711410612018712
8.381539268677866,0.9808280472944416
9.416234793278331,0.9876144874729094
10.578662801651687,0.9922223117019844
11.884591785129816,0.9952540929975792
13.351736844955687,0.9971869493589749
15.0,0.9983808175340854
