SA(1.0s) [g],Loss_ratio
0.05000000000000001,0.0
0.056172467201025755,0.0
0.06310692142900626,0.0
0.07089742948257126,0.0
0.07964967064493539,1.665334536937735e-17
0.08948237023750269,2.997602166487923e-16
0.10052891014472326,4.174438572590589e-15
0.11293913815718663,4.976574707882264e-14
0.1268814006769336,5.359823695982869e-13
0.14254482635890514,5.208011799595624e-12
0.16014189166643014,4.566264033556422e-11
0.17991130314285533,3.614840260457442e-10
0.2021212354977168,2.5854539453806777e-09
0.2270729694325259,1.671853300799775e-08
0.2551049785537617,9.780873184150885e-08
0.28659752081259104,5.180693199213771e-07
0.3219777967548112,2.486267235940476e-06
0.36172574455336326,1.0818854958938307e-05
0.4063805504338082,4.2718633178473465e-05
0.45654796280755766,0.0001531765917983041
0.5129085093300529,0.0004991782701446679
0.5762267283493882,0.0014797159864820887
0.6473615399712076,0.0039936295688008825
0.7272778974247632,0.009823975147264758
0.8170598767824696,0.022053784380137543
0.9179253825967483,0.045250130753721876
1.0312426689380967,0.08502068666228664
1.1585488999444697,0.1466367156202177
1.3015710016583038,0.23286491653250352
1.4622490880091454,0.341821470894301
1.6427627787184707,0.4660801563982762
1.8455607661325835,0.5939272014901948
2.0733940320616497,0.7125504853780753
2.329353165215711,0.8117696028923324
2.6169102854537,0.8865530842315792
2.9399661435534976,0.9373279308261722
3.3029030354176987,0.9683722024172563
3.710644248503383,0.9854594163887118
4.168720846874621,0.9939237847516547
4.683346700825936,0.9976963533084249
5.261502778863538,0.9992088466013072
5.911031845476362,0.9997541849221443
6.64074484928479,0.9999309777983074
7.4605404447366075,0.9999825014256621
8.381539268677866,0.999995997701494
9.416234793278331,0.9999991746913813
10.578662801651687,0.999999846654891
11.884591785129816,0.9999999743404273
13.351736844955687,0.9999999961348928
15.0,0.9999999994761148
