SA(0.6s) [g],Loss_ratio
0.05000000000000001,1.8777796523816725e-06
0.056172467201025755,4.663978728774998e-06
0.06310692142900626,1.1058531072882793e-05
0.07089742948257126,2.504066985422604e-05
0.07964967064493539,5.417754923344176e-05
0.08948237023750269,0.00011206856464131
0.10052891014472326,0.00022180286297134868
0.11293913815718663,0.00042041185577567643
0.1268814006769336,0.0007640293514513175
0.14254482635890514,0.0013331999437644184
0.16014189166643014,0.0022376844150936324
0.17991130314285533,0.003620421976076443
0.2021212354977168,0.005661156634048553
0.2270729694325259,0.008581488477489452
0.2551049785537617,0.012654252410056016
0.28659752081259104,0.018220303904027447
0.3219777967548112,0.02571411751850373
0.36172574455336326,0.035695653105134215
0.4063805504338082,0.04888022686379697
0.45654796280755766,0.06615227298942314
0.5129085093300529,0.0885453648182403
0.5762267283493882,0.11717223619643038
0.6473615399712076,0.15309644757788984
0.7272778974247632,0.19715157886026313
0.8170598767824696,0.24973181063643718
0.9179253825967483,0.3105946015418024
1.0312426689380967,0.37872571934712684
1.1585488999444697,0.45231361468308945
1.3015710016583038,0.5288616131833085
1.4622490880091454,0.6054353356061818
1.6427627787184707,0.679007269249982
1.8455607661325835,0.7468319076909666
2.0733940320616497,0.806773756952668
2.329353165215711,0.8575216284354726
2.6169102854537,0.8986527806263813
2.9399661435534976,0.9305493720657869
3.3029030354176987,0.9542043075501703
3.710644248503383,0.9709734629383014
4.168720846874621,0.9823324815910138
4.683346700825936,0.9896819580999042
5.261502778863538,0.994222616627926
5.911031845476362,0.9969005647239236
6.64074484928479,0.998407837794198
7.4605404447366075,0.9992172766441151
8.381539268677866,0.9996319283773167
9.416234793278331,0.9998345116272155
10.578662801651687,0.9999288883645312
11.884591785129816,0.999970805863861
13.351736844955687,0.9999885530140344
15.0,0.9999957145200786
