SA(1.0s) [g],Loss_ratio
0.05000000000000001,1.181810309992537e-05
0.056172467201025755,2.6588565925961262e-05
0.06310692142900626,5.7224043773551617e-05
0.07089742948257126,0.00011790122862473384
0.07964967064493539,0.00023275858644128403
0.08948237023750269,0.0004407781173898673
0.10052891014472326,0.0008017641803913123
0.11293913815718663,0.0014031236094947219
0.1268814006769336,0.002367121152901286
0.14254482635890514,0.0038585718066872277
0.16014189166643014,0.006093591306485957
0.17991130314285533,0.0093508577579222
0.2021212354977168,0.013987302940457618
0.2270729694325259,0.020459468759173236
0.2551049785537617,0.02934923693153862
0.28659752081259104,0.04138815822275987
0.3219777967548112,0.057469096181724744
0.36172574455336326,0.07862942713957762
0.4063805504338082,0.10598936287295568
0.45654796280755766,0.14063452597442228
0.5129085093300529,0.1834445441565878
0.5762267283493882,0.23488730401918534
0.6473615399712076,0.29481686150152014
0.7272778974247632,0.3623251434317276
0.8170598767824696,0.4356970553572934
0.9179253825967483,0.5125021096256138
1.0312426689380967,0.5898252987277073
1.1585488999444697,0.6646036170710024
1.3015710016583038,0.7340040125652327
1.4622490880091454,0.7957646141852757
1.6427627787184707,0.84842949142422
1.8455607661325835,0.891435554936444
2.0733940320616497,0.9250488003187788
2.329353165215711,0.9501829454627632
2.6169102854537,0.9681556894924982
2.9399661435534976,0.9804415087173382
3.3029030354176987,0.9884673846909183
3.710644248503383,0.9934764008137066
4.168720846874621,0.9964622592279673
4.683346700825936,0.9981618268664184
5.261502778863538,0.9990853868439711
5.911031845476362,0.9995644164462818
6.64074484928479,0.9998015269320201
7.4605404447366075,0.9999135113361529
8.381539268677866,0.9999639676999794
9.416234793278331,0.9999856529647574
10.578662801651687,0.9999945418576881
11.884591785129816,0.9999980165248841
13.351736844955687,0.9999993116569176
15.0,0.9999997719207075
