SA(1.0s) [g],Loss_ratio
0.05000000000000001,0.00020496770484166872
0.056172467201025755,0.0003578197026149477
0.06310692142900626,0.0006091582615804613
0.07089742948257126,0.0010122438553538116
0.07964967064493539,0.0016434532143280334
0.08948237023750269,0.002609709566348389
0.10052891014472326,0.004057331429105438
0.11293913815718663,0.006182205376997713
0.1268814006769336,0.009240921651432277
0.14254482635890514,0.013562061786426084
0.16014189166643014,0.01955615967484138
0.17991130314285533,0.02772200288681583
0.2021212354977168,0.03864604095200684
0.2270729694325259,0.05299099637904355
0.2551049785537617,0.07146971629696271
0.28659752081259104,0.09480126215059165
0.3219777967548112,0.1236484880817738
0.36172574455336326,0.15853988119466436
0.4063805504338082,0.19978277260568714
0.45654796280755766,0.24737927207073646
0.5129085093300529,0.30095922684441767
0.5762267283493882,0.3597449665699197
0.6473615399712076,0.42255979546954325
0.7272778974247632,0.4878861303636186
0.8170598767824696,0.5539707985602572
0.9179253825967483,0.6189660566153121
1.0312426689380967,0.681087508635418
1.1585488999444697,0.7387662060397069
1.3015710016583038,0.7907728962487457
1.4622490880091454,0.8362975704202149
1.6427627787184707,0.8749758778439791
1.8455607661325835,0.9068635661135896
2.0733940320616497,0.9323686304528056
2.329353165215711,0.9521565303851084
2.6169102854537,0.9670457804727854
2.9399661435534976,0.9779095977825084
3.3029030354176987,0.9855950789191977
3.710644248503383,0.9908659954182029
4.168720846874621,0.9943701200896453
4.683346700825936,0.9966280321062075
5.261502778863538,0.9980380598078116
5.911031845476362,0.9988913633959992
6.64074484928479,0.9993917430348982
7.4605404447366075,0.9996760471075135
8.381539268677866,0.9998325503670651
9.416234793278331,0.9999160129854936
10.578662801651687,0.9999591313437246
11.884591785129816,0.9999807092335998
13.351736844955687,0.9999911686816041
15.0,0.999996079337582
