SA(0.6s) [g],Loss_ratio
0.05000000000000001,0.00022362741455229652
0.056172467201025755,0.00039558570675308775
0.06310692142900626,0.000674839471976535
0.07089742948257126,0.0011108069478654337
0.07964967064493539,0.0017653876125999614
0.08948237023750269,0.0027111674563525426
0.10052891014472326,0.004027398499169354
0.11293913815718663,0.005794192863654907
0.1268814006769336,0.008086330721628265
0.14254482635890514,0.010969055605091543
0.16014189166643014,0.014498856458625758
0.17991130314285533,0.018732131204837996
0.2021212354977168,0.02374354094723825
0.2270729694325259,0.02965381561717432
0.2551049785537617,0.03666410294797055
0.28659752081259104,0.045091259618356166
0.3219777967548112,0.05539644077488661
0.36172574455336326,0.06819849763861276
0.4063805504338082,0.08426432166481877
0.45654796280755766,0.10447038444178688
0.5129085093300529,0.1297331546382779
0.5762267283493882,0.16091061290970393
0.6473615399712076,0.1986824660835877
0.7272778974247632,0.24342240389074626
0.8170598767824696,0.2950809248154612
0.9179253825967483,0.3531004341441432
1.0312426689380967,0.41638377179092523
1.1585488999444697,0.4833317296447559
1.3015710016583038,0.5519543476763764
1.4622490880091454,0.6200464999148906
1.6427627787184707,0.6854038548400562
1.8455607661325835,0.7460448650925465
2.0733940320616497,0.8004014817937731
2.329353165215711,0.8474471965904431
2.6169102854537,0.8867444199730569
2.9399661435534976,0.9184103542254123
3.3029030354176987,0.9430166022646842
3.710644248503383,0.9614485962593988
4.168720846874621,0.9747543444641265
4.683346700825936,0.9840082636494173
5.261502778863538,0.9902072737198173
5.911031845476362,0.9942060769186223
6.64074484928479,0.9966895435942483
7.4605404447366075,0.9981741951569001
8.381539268677866,0.9990283817739751
9.416234793278331,0.9995012860603412
10.578662801651687,0.9997531823482557
11.884591785129816,0.999882256446036
13.351736844955687,0.9999458730703786
15.0,0.9999760285295205
