SA(0.3s) [g],Loss_ratio
0.05000000000000001,7.845958531566e-06
0.056172467201025755,1.6040473257283862e-05
0.06310692142900626,3.1699643187260704e-05
0.07089742948257126,6.0569212526884196e-05
0.07964967064493539,0.00011192312444115449
0.08948237023750269,0.00020007257705516592
0.10052891014472326,0.00034610604424940015
0.11293913815718663,0.0005796553045034568
0.1268814006769336,0.0009403602715199133
0.14254482635890514,0.0014786255264533478
0.16014189166643014,0.0022552901395982484
0.17991130314285533,0.003340035877150022
0.2021212354977168,0.004808773158800061
0.2270729694325259,0.006740839784325381
0.2551049785537617,0.00921750442258768
0.28659752081259104,0.012323775590513725
0.3219777967548112,0.016155617477246073
0.36172574455336326,0.020834131641445226
0.4063805504338082,0.02652696107594958
0.45654796280755766,0.03347518927786521
0.5129085093300529,0.0420216495323086
0.5762267283493882,0.05263433393302537
0.6473615399712076,0.06591710888791333
0.7272778974247632,0.08259979144847755
0.8170598767824696,0.10350124448388191
0.9179253825967483,0.1294626490569361
1.0312426689380967,0.16125326897552295
1.1585488999444697,0.19945715822201898
1.3015710016583038,0.24435527265299872
1.4622490880091454,0.29582191955913106
1.6427627787184707,0.35325595316236796
1.8455607661325835,0.4155644983929856
2.0733940320616497,0.48120996696110674
2.329353165215711,0.5483205732034233
2.6169102854537,0.614852493127441
2.9399661435534976,0.6787810528948784
3.3029030354176987,0.7382917148860375
3.710644248503383,0.7919410946125244
4.168720846874621,0.8387641421422157
4.683346700825936,0.8783145168048742
5.261502778863538,0.9106382573616916
5.911031845476362,0.9361928026124637
6.64074484928479,0.9557314981694003
7.4605404447366075,0.9701765099547217
8.381539268677866,0.9805007236801513
9.416234793278331,0.9876332202759428
10.578662801651687,0.9923954088347651
11.884591785129816,0.9954679129149157
13.351736844955687,0.9973832471560126
15.0,0.9985367340026529
