SA(0.6s) [g],Loss_ratio
0.05000000000000001,1.3103435026085021e-06
0.056172467201025755,3.3419804641887657e-06
0.06310692142900626,8.123464766729426e-06
0.07089742948257126,1.8823661780709157e-05
0.07964967064493539,4.1592476019225445e-05
0.08948237023750269,8.766267591175381e-05
0.10052891014472326,0.000176306647584934
0.11293913815718663,0.0003385091158765175
0.1268814006769336,0.0006207975483376926
0.14254482635890514,0.0010881392881601061
0.16014189166643014,0.001824363219586167
0.17991130314285533,0.0029285133756864925
0.2021212354977168,0.004506234948628762
0.2270729694325259,0.006656898780451787
0.2551049785537617,0.009459464478316077
0.28659752081259104,0.012962342820656182
0.3219777967548112,0.017183672775761737
0.36172574455336326,0.022127484247184845
0.4063805504338082,0.02781782044611802
0.45654796280755766,0.03434771483929332
0.5129085093300529,0.04193457136001708
0.5762267283493882,0.05096990868082863
0.6473615399712076,0.06205090990805177
0.7272778974247632,0.0759837520821645
0.8170598767824696,0.09375293039523687
0.9179253825967483,0.1164549041949309
1.0312426689380967,0.14519731743109943
1.1585488999444697,0.18096738624106673
1.3015710016583038,0.22447679653122715
1.4622490880091454,0.27599746386017887
1.6427627787184707,0.3352124493697019
1.8455607661325835,0.4011155765103557
2.0733940320616497,0.471995881902928
2.329353165215711,0.5455336385060806
2.6169102854537,0.619012236364525
2.9399661435534976,0.68961986193541
3.3029030354176987,0.7547868969028872
3.710644248503383,0.8124903284185406
4.168720846874621,0.8614619593846932
4.683346700825936,0.9012618204048356
5.261502778863538,0.9322133949307736
5.911031845476362,0.9552308111112416
6.64074484928479,0.9715893169630284
7.4605404447366075,0.9826941418632863
8.381539268677866,0.9898911469939968
9.416234793278331,0.9943423264236358
10.578662801651687,0.9969684225111148
11.884591785129816,0.99844584069519
13.351736844955687,0.9992381838639973
15.0,0.9996431450904955
