PGA [g],Loss_ratio
0.05000000000000001,8.39183866840898e-10
0.056172467201025755,4.120689817144196e-09
0.06310692142900626,1.8686536013001745e-08
0.07089742948257126,7.828020602840269e-08
0.07964967064493539,3.03025716918981e-07
0.08948237023750269,1.0843757425549328e-06
0.10052891014472326,3.5888772507819413e-06
0.11293913815718663,1.0991873752297377e-05
0.1268814006769336,3.1177651248670554e-05
0.14254482635890514,8.19771240477163e-05
0.16014189166643014,0.0002000653053616075
0.17991130314285533,0.00045396349021591955
0.2021212354977168,0.0009599434030751364
0.2270729694325259,0.001897671787018135
0.2551049785537617,0.0035222703411911917
0.28659752081259104,0.006173971860067679
0.3219777967548112,0.010296643487374368
0.36172574455336326,0.016487303655600527
0.4063805504338082,0.025598603677409307
0.45654796280755766,0.03889178834869781
0.5129085093300529,0.058186236549879915
0.5762267283493882,0.08589288587482118
0.6473615399712076,0.12479387728091157
0.7272778974247632,0.17748258006585588
0.8170598767824696,0.24551836844038807
0.9179253825967483,0.32853326129527965
1.0312426689380967,0.423655133319066
1.1585488999444697,0.5255835664047491
1.3015710016583038,0.6274366710179113
1.4622490880091454,0.7221615322916151
1.6427627787184707,0.804035116008809
1.8455607661325835,0.8697311862142066
2.0733940320616497,0.9186270167884503
2.329353165215711,0.9523579089506419
2.6169102854537,0.9739126117180703
2.9399661435534976,0.9866648381449298
3.3029030354176987,0.9936465338861293
3.710644248503383,0.9971823713427593
4.168720846874621,0.9988382407976878
4.683346700825936,0.999555086262987
5.261502778863538,0.9998418792520852
5.911031845476362,0.9999478889296718
6.64074484928479,0.999984084693758
7.4605404447366075,0.9999954981149963
8.381539268677866,0.9999988211779789
9.416234793278331,0.9999997143844613
10.578662801651687,0.9999999359937809
11.884591785129816,0.9999999867378168
13.351736844955687,0.999999997460066
15.0,0.9999999995505093
