SA(1.0s) [g],Loss_ratio
0.05000000000000001,8.587566173723361e-08
0.056172467201025755,2.7522820632008836e-07
0.06310692142900626,8.356332113546029e-07
0.07089742948257126,2.4052329107182577e-06
0.07964967064493539,6.568835226200553e-06
0.08948237023750269,1.703880041879491e-05
0.10052891014472326,4.202450224038423e-05
0.11293913815718663,9.868241858045357e-05
0.1268814006769336,0.00022094217160164575
0.14254482635890514,0.00047239938366795415
0.16014189166643014,0.0009662126668429472
0.17991130314285533,0.0018938284533231986
0.2021212354977168,0.0035635932497200262
0.2270729694325259,0.0064485093461567
0.2551049785537617,0.01123907429269362
0.28659752081259104,0.01889193072656986
0.3219777967548112,0.030658119925250284
0.36172574455336326,0.048067597633072404
0.4063805504338082,0.07284285187590174
0.45654796280755766,0.10671917509842335
0.5129085093300529,0.1511672150771807
0.5762267283493882,0.20704554860944197
0.6473615399712076,0.2742500951909599
0.7272778974247632,0.3514578471641975
0.8170598767824696,0.4360660239806182
0.9179253825967483,0.5243922612979368
1.0312426689380967,0.6121308426640673
1.1585488999444697,0.694977121660688
1.3015710016583038,0.7692707300058891
1.4622490880091454,0.8324960491734837
1.6427627787184707,0.8835231457708691
1.8455607661325835,0.9225557672780741
2.0733940320616497,0.9508403841762247
2.329353165215711,0.9702480883330499
2.6169102854537,0.9828526431243862
2.9399661435534976,0.9905982894165939
3.3029030354176987,0.9951005243933517
3.710644248503383,0.9975751893407695
4.168720846874621,0.9988611028377835
4.683346700825936,0.9994926618240821
5.261502778863538,0.9997857725451522
5.911031845476362,0.9999142958670176
6.64074484928479,0.9999675298075699
7.4605404447366075,0.9999883546688809
8.381539268677866,0.9999960477202187
9.416234793278331,0.9999987310842
10.578662801651687,0.9999996147157256
11.884591785129816,0.9999998893938506
13.351736844955687,0.9999999699860138
15.0,0.999999992303009
