SA(1.0s) [g],Loss_ratio
0.05000000000000001,0.0001881888095709383
0.056172467201025755,0.00035827889440315783
0.06310692142900626,0.00065328478052189
0.07089742948257126,0.0011421405266738905
0.07964967064493539,0.0019172437270706
0.08948237023750269,0.00309553254356163
0.10052891014472326,0.004817723270048086
0.11293913815718663,0.007247142141258645
0.1268814006769336,0.010571231538161831
0.14254482635890514,0.015009942657744042
0.16014189166643014,0.02083487748612591
0.17991130314285533,0.02840047403909769
0.2021212354977168,0.038183716046438505
0.2270729694325259,0.05082276754112265
0.2551049785537617,0.06713944611061871
0.28659752081259104,0.08812778740272839
0.3219777967548112,0.11489300722599441
0.36172574455336326,0.148532845704951
0.4063805504338082,0.1899660972957647
0.45654796280755766,0.23972902125081222
0.5129085093300529,0.29777564973353843
0.5762267283493882,0.36332795854798117
0.6473615399712076,0.43482156128626614
0.7272778974247632,0.5099789525796738
0.8170598767824696,0.5860161632561625
0.9179253825967483,0.6599558062724242
1.0312426689380967,0.7289896938743659
1.1585488999444697,0.79081795812779
1.3015710016583038,0.8438955890764496
1.4622490880091454,0.8875410914757771
1.6427627787184707,0.9218977429582719
1.8455607661325835,0.9477736581347531
2.0733940320616497,0.9664112603507532
2.329353165215711,0.9792437690311667
2.6169102854537,0.9876867707403721
2.9399661435534976,0.9929931558684549
3.3029030354176987,0.9961779703464627
3.710644248503383,0.9980028417151771
4.168720846874621,0.9990008480984481
4.683346700825936,0.9995216676429475
5.261502778863538,0.9997809678396956
5.911031845476362,0.9999041071512125
6.64074484928479,0.9999598761491214
7.4605404447366075,0.9999839597712061
8.381539268677866,0.9999938754015434
9.416234793278331,0.9999977670246106
10.578662801651687,0.999999222821152
11.884591785129816,0.9999997418391493
13.351736844955687,0.9999999181717983
15.0,0.9999999752555413
