SA(1.0s) [g],Loss_ratio
0.05000000000000001,7.433157600644781e-06
0.056172467201025755,1.755446903146662e-05
0.06310692142900626,3.955414789590939e-05
0.07089742948257126,8.509806017545918e-05
0.07964967064493539,0.00017497600440694042
0.08948237023750269,0.0003442449148545801
0.10052891014472326,0.0006489260506736983
0.11293913815718663,0.001174081643266145
0.1268814006769336,0.0020429546738251927
0.14254482635890514,0.0034269978335704724
0.16014189166643014,0.0055571664836168155
0.17991130314285533,0.008737669798106324
0.2021212354977168,0.013363923024811547
0.2270729694325259,0.019945823027478077
0.2551049785537617,0.02913478205154343
0.28659752081259104,0.04174793514571855
0.3219777967548112,0.0587765859185183
0.36172574455336326,0.0813607737039295
0.4063805504338082,0.11071130909282892
0.45654796280755766,0.14796784941261862
0.5129085093300529,0.1939975479389357
0.5762267283493882,0.24916088321187607
0.6473615399712076,0.3130929547249173
0.7272778974247632,0.3845609785452737
0.8170598767824696,0.46145402227455634
0.9179253825967483,0.5409361497423932
1.0312426689380967,0.619753718264339
1.1585488999444697,0.6946436059255889
1.3015710016583038,0.7627571122374477
1.4622490880091454,0.8220067097497946
1.6427627787184707,0.8712635033341102
1.8455607661325835,0.9103750573147038
2.0733940320616497,0.9400210949108548
2.329353165215711,0.9614620339485171
2.6169102854537,0.9762515180535793
2.9399661435534976,0.9859774371410354
3.3029030354176987,0.9920732250970725
3.710644248503383,0.9957133665432284
4.168720846874621,0.9977838705481995
4.683346700825936,0.9989053582366431
5.261502778863538,0.9994836866426182
5.911031845476362,0.9997675607441611
6.64074484928479,0.9999001675253505
7.4605404447366075,0.999959108724199
8.381539268677866,0.999984032651301
9.416234793278331,0.9999940578999762
10.578662801651687,0.9999978931820955
11.884591785129816,0.9999992884905764
13.351736844955687,0.9999997711777535
15.0,0.9999999299373429
