SA(1.0s) [g],Loss_ratio
0.05000000000000001,1.554312234475219e-16
0.056172467201025755,1.4432899320127035e-15
0.06310692142900626,1.2706502516834917e-14
0.07089742948257126,1.0240697179142444e-13
0.07964967064493539,7.659983758401268e-13
0.08948237023750269,5.309996886637691e-12
0.10052891014472326,3.4129205017663365e-11
0.11293913815718663,2.034778845416696e-10
0.1268814006769336,1.1258179000162019e-09
0.14254482635890514,5.7834842304149704e-09
0.16014189166643014,2.7599543711565035e-08
0.17991130314285533,1.2241467964302366e-07
0.2021212354977168,5.04915712484788e-07
0.2270729694325259,1.9377464872183395e-06
0.2551049785537617,6.9232375867367414e-06
0.28659752081259104,2.3040848729555254e-05
0.3219777967548112,7.146739894796085e-05
0.36172574455336326,0.00020671976316770648
0.4063805504338082,0.0005579144614667019
0.45654796280755766,0.0014057837917195281
0.5129085093300529,0.003309033510657078
0.5762267283493882,0.007281209334004268
0.6473615399712076,0.014988117877678725
0.7272778974247632,0.028886995180393393
0.8170598767824696,0.05218047200817436
0.9179253825967483,0.08844929905802214
1.0312426689380967,0.140900198590892
1.1585488999444697,0.21133029839265152
1.3015710016583038,0.2991130305915094
1.4622490880091454,0.4006354556321329
1.6427627787184707,0.5095469535431292
1.8455607661325835,0.6178906314657432
2.0733940320616497,0.7178020412323591
2.329353165215711,0.8031862473507465
2.6169102854537,0.8707893839466049
2.9399661435534976,0.9203647644824574
3.3029030354176987,0.9540287585810181
3.710644248503383,0.9751910879765873
4.168720846874621,0.9875041091764737
4.683346700825936,0.994133614378807
5.261502778863538,0.9974360280044421
5.911031845476362,0.9989577675015602
6.64074484928479,0.9996063092387892
7.4605404447366075,0.9998619086186215
8.381539268677866,0.9999550507441125
9.416234793278331,0.9999864299217486
10.578662801651687,0.9999962021719433
11.884591785129816,0.9999990150917388
13.351736844955687,0.9999997634082011
15.0,0.9999999473738943
