SA(1.0s) [g],Loss_ratio
0.05000000000000001,2.5514481194477414e-09
0.056172467201025755,9.741411272079504e-09
0.06310692142900626,3.509403472823358e-08
0.07089742948257126,1.1934937149682412e-07
0.07964967064493539,3.8336977253305985e-07
0.08948237023750269,1.1638717736406345e-06
0.10052891014472326,3.3420385258775556e-06
0.11293913815718663,9.085015222454196e-06
0.1268814006769336,2.3404791610531772e-05
0.14254482635890514,5.721139280845944e-05
0.16014189166643014,0.0001328851046134172
0.17991130314285533,0.00029375890577322815
0.2021212354977168,0.0006191807339649303
0.2270729694325259,0.0012468725020480132
0.2551049785537617,0.002403957018516506
0.28659752081259104,0.004447087660277633
0.3219777967548112,0.007910277852455998
0.36172574455336326,0.013555789686749392
0.4063805504338082,0.022418253399998724
0.45654796280755766,0.03582504627748399
0.5129085093300529,0.055368446992296566
0.5762267283493882,0.08280127350706573
0.6473615399712076,0.11983374665925345
0.7272778974247632,0.16783064726253308
0.8170598767824696,0.22744452001059812
0.9179253825967483,0.29826329601395724
1.0312426689380967,0.37858061127123765
1.1585488999444697,0.4653935005686507
1.3015710016583038,0.5546840964900234
1.4622490880091454,0.6419585951833562
1.6427627787184707,0.7229279041267961
1.8455607661325835,0.7941584306394492
2.0733940320616497,0.8535256202267658
2.329353165215711,0.9003675729839166
2.6169102854537,0.9353337762868097
2.9399661435534976,0.9600134748587
3.3029030354176987,0.9764758347484203
3.710644248503383,0.9868490490582015
4.168720846874621,0.9930211493328144
4.683346700825936,0.9964877060221116
5.261502778863538,0.9983249724225824
5.911031845476362,0.9992435812227063
6.64074484928479,0.999676754400006
7.4605404447366075,0.9998693574530466
8.381539268677866,0.9999500889111474
9.416234793278331,0.9999819834301461
10.578662801651687,0.9999938576751812
11.884591785129816,0.9999980229384694
13.351736844955687,0.9999993993914378
15.0,0.9999998278455771
