SA(0.3s) [g],Loss_ratio
0.05000000000000001,8.77218836625726e-08
0.056172467201025755,2.319900726910351e-07
0.06310692142900626,5.892549233943445e-07
0.07089742948257126,1.4377264921705547e-06
0.07964967064493539,3.37027673282253e-06
0.08948237023750269,7.592074828871587e-06
0.10052891014472326,1.643863514187993e-05
0.11293913815718663,3.4221986389426644e-05
0.1268814006769336,6.852146483179445e-05
0.14254482635890514,0.00013201037742959775
0.16014189166643014,0.000244830744275798
0.17991130314285533,0.00043738669811488887
0.2021212354977168,0.0007532418033344147
0.2270729694325259,0.0012516384939771808
0.2551049785537617,0.0020091156811968772
0.28659752081259104,0.003119909470103827
0.3219777967548112,0.004695369439409786
0.36172574455336326,0.0068634792670826785
0.4063805504338082,0.009770522515581364
0.45654796280755766,0.013587579489501884
0.5129085093300529,0.01852437716537446
0.5762267283493882,0.024851624529237448
0.6473615399712076,0.032930243920518895
0.7272778974247632,0.043242230913916074
0.8170598767824696,0.05641412524974477
0.9179253825967483,0.07322148581221838
1.0312426689380967,0.09456259765606181
1.1585488999444697,0.121392809011831
1.3015710016583038,0.15461760488494614
1.4622490880091454,0.19495202794849095
1.6427627787184707,0.24276459993583394
1.8455607661325835,0.2979328820716758
2.0733940320616497,0.35974229543502656
2.329353165215711,0.42685732070058174
2.6169102854537,0.49738369138056837
2.9399661435534976,0.5690229484644872
3.3029030354176987,0.6393004679123571
3.710644248503383,0.7058302232314556
4.168720846874621,0.7665695355842369
4.683346700825936,0.8200183463513258
5.261502778863538,0.8653301392426279
5.911031845476362,0.9023219298242213
6.64074484928479,0.931392736112544
7.4605404447366075,0.9533774463129815
8.381539268677866,0.9693717665811722
9.416234793278331,0.9805629159668842
10.578662801651687,0.9880919853688478
11.884591785129816,0.9929613171215993
13.351736844955687,0.9959880307286281
15.0,0.9977959010957052
