SA(0.3s) [g],Loss_ratio
0.05000000000000001,6.823119932941601e-08
0.056172467201025755,1.8590227102710524e-07
0.06310692142900626,4.856394662466901e-07
0.07089742948257126,1.2165717555467916e-06
0.07964967064493539,2.923026380174942e-06
0.08948237023750269,6.7373303850259966e-06
0.10052891014472326,1.4900705881915055e-05
0.11293913815718663,3.163094196669269e-05
0.1268814006769336,6.446878855815297e-05
0.14254482635890514,0.0001262102154648781
0.16014189166643014,0.00023744364286291676
0.17991130314285533,0.00042954600231625005
0.2021212354977168,0.0007477673629067372
0.2270729694325259,0.0012538222358122963
0.2551049785537617,0.0020273360268887874
0.28659752081259104,0.003165726362768395
0.3219777967548112,0.004782748112736185
0.36172574455336326,0.007006972363755359
0.4063805504338082,0.009982649099795605
0.45654796280755766,0.013876226962522217
0.5129085093300529,0.018891650628902423
0.5762267283493882,0.025295914086929647
0.6473615399712076,0.03345309389701417
0.7272778974247632,0.04386069629863814
0.8170598767824696,0.05717771770963685
0.9179253825967483,0.0742308305769864
1.0312426689380967,0.09598505650901404
1.1585488999444697,0.12346920581975036
1.3015710016583038,0.15765441323214377
1.4622490880091454,0.19929532403844635
1.6427627787184707,0.2487557334889576
1.8455607661325835,0.3058506269062602
2.0733940320616497,0.36974110046211756
2.329353165215711,0.43891468896702646
2.6169102854537,0.5112701941657962
2.9399661435534976,0.5843050778103352
3.3029030354176987,0.6553797432086177
3.710644248503383,0.7220133197162417
4.168720846874621,0.7821562501566908
4.683346700825936,0.8343895522039808
5.261502778863538,0.8780181030311667
5.911031845476362,0.9130503903998302
6.64074484928479,0.9400822244136811
7.4605404447366075,0.9601197712843109
8.381539268677866,0.9743838473464249
9.416234793278331,0.9841327134791876
10.578662801651687,0.9905281294592234
11.884591785129816,0.9945542861101216
13.351736844955687,0.9969861065388715
15.0,0.9983951060691588
