SA(0.3s) [g],Loss_ratio
0.05000000000000001,3.3213290617783995e-09
0.056172467201025755,1.0488925022977825e-08
0.06310692142900626,3.1675772332873114e-08
0.07089742948257126,9.14853438893637e-08
0.07964967064493539,2.5273260972347165e-07
0.08948237023750269,6.67915533308916e-07
0.10052891014472326,1.6889104916650853e-06
0.11293913815718663,4.086976556871846e-06
0.1268814006769336,9.466894524162717e-06
0.14254482635890514,2.0996141420426273e-05
0.16014189166643014,4.4600148391671374e-05
0.17991130314285533,9.077446431740022e-05
0.2021212354977168,0.0001771015709597479
0.2270729694325259,0.0003314044364345181
0.2551049785537617,0.0005952174055595727
0.28659752081259104,0.0010269616027005547
0.3219777967548112,0.0017040090345315894
0.36172574455336326,0.002722904731501374
0.4063805504338082,0.004197583330695914
0.45654796280755766,0.0062565321765772125
0.5129085093300529,0.009041322941100039
0.5762267283493882,0.012710237607899933
0.6473615399712076,0.017451091656554844
0.7272778974247632,0.023506068774411335
0.8170598767824696,0.0312080793055737
0.9179253825967483,0.04102319674674128
1.0312426689380967,0.05358826684307529
1.1585488999444697,0.06972855224757843
1.3015710016583038,0.09043910702815368
1.4622490880091454,0.11681685216313442
1.6427627787184707,0.14993850088638064
1.8455607661325835,0.1906917791267253
2.0733940320616497,0.23958165333213838
2.329353165215711,0.29654611078427967
2.6169102854537,0.36082328063916314
2.9399661435534976,0.43090950006102086
3.3029030354176987,0.5046343474273536
3.710644248503383,0.5793550722108731
4.168720846874621,0.6522445665384151
4.683346700825936,0.7206222106518096
5.261502778863538,0.7822638718649061
5.911031845476362,0.8356310990753605
6.64074484928479,0.8799795652540882
7.4605404447366075,0.9153367810354671
8.381539268677866,0.9423694292886974
9.416234793278331,0.9621822390849675
10.578662801651687,0.9760978987883973
11.884591785129816,0.9854612255523943
13.351736844955687,0.9914952448429916
15.0,0.9952185292434531
