PGA [g],Loss_ratio
0.05000000000000001,2.1649348980190555e-16
0.056172467201025755,2.7033930649622563e-15
0.06310692142900626,3.0053737276602986e-14
0.07089742948257126,3.010647287027268e-13
0.07964967064493539,2.7181867867653864e-12
0.08948237023750269,2.2126389609411492e-11
0.10052891014472326,1.624228918029047e-10
0.11293913815718663,1.0755021706554401e-09
0.1268814006769336,6.42609164214214e-09
0.14254482635890514,3.465999395269037e-08
0.16014189166643014,1.6883826363112144e-07
0.17991130314285533,7.432649942074044e-07
0.2021212354977168,2.959317110967641e-06
0.2270729694325259,1.0667517654328051e-05
0.2551049785537617,3.486222952043261e-05
0.28659752081259104,0.00010348340608470896
0.3219777967548112,0.0002797101564831872
0.36172574455336326,0.0006908407947747053
0.4063805504338082,0.0015665755147714622
0.45654796280755766,0.0032826402043215244
0.5129085093300529,0.006409601974531177
0.5762267283493882,0.011781816407974988
0.6473615399712076,0.020617754536256146
0.7272778974247632,0.034709885646060465
0.8170598767824696,0.05662776672259466
0.9179253825967483,0.08975387958524401
1.0312426689380967,0.13788716640270168
1.1585488999444697,0.20423585146728082
1.3015710016583038,0.2899396760288701
1.4622490880091454,0.39268641943946253
1.6427627787184707,0.5062177045136045
1.8455607661325835,0.621277641029883
2.0733940320616497,0.7278627894798455
2.329353165215711,0.8178836167780581
2.6169102854537,0.8870726656590383
2.9399661435534976,0.935393043136246
3.3029030354176987,0.9660193658027002
3.710644248503383,0.9836185728797391
4.168720846874621,0.9927798257229802
4.683346700825936,0.9970966364640304
5.261502778863538,0.9989367428055557
5.911031845476362,0.9996459199849664
6.64074484928479,0.9998929145598426
7.4605404447366075,0.9999706204568823
8.381539268677866,0.9999926948135418
9.416234793278331,0.9999983551330699
10.578662801651687,0.9999996648558369
11.884591785129816,0.9999999382464735
13.351736844955687,0.9999999897155141
15.0,0.9999999984526642
