PGA [g],Loss_ratio
0.05000000000000001,0.0
0.056172467201025755,0.0
0.06310692142900626,0.0
0.07089742948257126,2.2204460492503132e-17
0.07964967064493539,3.663735981263017e-16
0.08948237023750269,5.007105841059456e-15
0.10052891014472326,6.109002192999925e-14
0.11293913815718663,6.640243910283061e-13
0.1268814006769336,6.436834398826363e-12
0.14254482635890514,5.565633509618806e-11
0.16014189166643014,4.293865374371819e-10
0.17991130314285533,2.9569179438304617e-09
0.2021212354977168,1.818398299713309e-08
0.2270729694325259,9.991964602384939e-08
0.2551049785537617,4.909620498649848e-07
0.28659752081259104,2.1592358568189865e-06
0.3219777967548112,8.510662146005155e-06
0.36172574455336326,3.0115223511772982e-05
0.4063805504338082,9.589350943512986e-05
0.45654796280755766,0.00027566195318718957
0.5129085093300529,0.0007185883811436978
0.5762267283493882,0.001708927694347351
0.6473615399712076,0.003737393193539995
0.7272778974247632,0.007591633836359413
0.8170598767824696,0.014485778668791426
0.9179253825967483,0.026256356905736602
1.0312426689380967,0.04560234028487693
1.1585488999444697,0.07621045510067008
1.3015710016583038,0.12244969939078884
1.4622490880091454,0.18832510100154648
1.6427627787184707,0.27572082303032913
1.8455607661325835,0.38256293935636665
2.0733940320616497,0.5019780821814704
2.329353165215711,0.6233164675253702
2.6169102854537,0.7349578262166738
2.9399661435534976,0.8277013868437606
3.3029030354176987,0.8971130248947784
3.710644248503383,0.9438368525923572
4.168720846874621,0.9720865770572701
4.683346700825936,0.9874106943345783
5.261502778863538,0.9948617092644956
5.911031845476362,0.9981065044616838
6.64074484928479,0.9993712167686337
7.4605404447366075,0.9998121450998906
8.381539268677866,0.9999495768299199
9.416234793278331,0.9999878545697378
10.578662801651687,0.9999973773971881
11.884591785129816,0.9999994927627904
13.351736844955687,0.9999999121945761
15.0,0.9999999864050186
