PGA [g],Loss_ratio
0.05000000000000001,1.418726247592872e-12
0.056172467201025755,1.1117512466185532e-11
0.06310692142900626,7.908916854759697e-11
0.07089742948257126,5.108897638272935e-10
0.07964967064493539,2.997461229226062e-09
0.08948237023750269,1.5978415207618114e-08
0.10052891014472326,7.741645359216065e-08
0.11293913815718663,3.4107902833202527e-07
0.1268814006769336,1.3672610081949531e-06
0.14254482635890514,4.9904881277762495e-06
0.16014189166643014,1.6601403026444973e-05
0.17991130314285533,5.0396988379958203e-05
0.2021212354977168,0.00013984881128283888
0.2270729694325259,0.00035555907252488034
0.2551049785537617,0.000830894671882465
0.28659752081259104,0.0017925237347078905
0.3219777967548112,0.0035913434170154355
0.36172574455336326,0.006734932754311529
0.4063805504338082,0.011938124244696757
0.45654796280755766,0.020223531341632836
0.5129085093300529,0.03309324699893168
0.5762267283493882,0.05273128998489497
0.6473615399712076,0.08209255493129791
0.7272778974247632,0.12465441626038493
0.8170598767824696,0.18365266456952117
0.9179253825967483,0.2608520470919656
1.0312426689380967,0.35524328074244615
1.1585488999444697,0.46230471223284264
1.3015710016583038,0.5743874203226729
1.4622490880091454,0.6823170937571043
1.6427627787184707,0.7776769947763029
1.8455607661325835,0.8548410523343021
2.0733940320616497,0.9119453742630019
2.329353165215711,0.9505490540343362
2.6169102854537,0.9743657488547853
2.9399661435534976,0.9877649563306634
3.3029030354176987,0.994634432175527
3.710644248503383,0.9978418626796246
4.168720846874621,0.9992050490160589
4.683346700825936,0.9997321815546782
5.261502778863538,0.9999175671947439
5.911031845476362,0.9999768417431674
6.64074484928479,0.9999940666527103
7.4605404447366075,0.999998614616344
8.381539268677866,0.9999997053922445
9.416234793278331,0.9999999429726926
10.578662801651687,0.999999989956724
11.884591785129816,0.9999999983914463
13.351736844955687,0.9999999997657938
15.0,0.9999999999690102
