SA(0.6s) [g],Loss_ratio
0.05000000000000001,1.4603997477469213e-05
0.056172467201025755,3.126712743386495e-05
0.06310692142900626,6.420657599882641e-05
0.07089742948257126,0.00012650374645542528
0.07964967064493539,0.00023924780076401976
0.08948237023750269,0.00043455169546961493
0.10052891014472326,0.0007585134623561086
0.11293913815718663,0.0012733822767833525
0.1268814006769336,0.0020580604709604378
0.14254482635890514,0.003206271293687613
0.16014189166643014,0.004822391008896427
0.17991130314285533,0.00701607655677834
0.2021212354977168,0.009898167624637244
0.2270729694325259,0.013581405600348767
0.2551049785537617,0.0181896703129931
0.28659752081259104,0.02387819532767741
0.3219777967548112,0.030864494114121174
0.36172574455336326,0.039465982316386844
0.4063805504338082,0.05013646731484574
0.45654796280755766,0.06349092333362177
0.5129085093300529,0.08030719390323038
0.5762267283493882,0.10149490188500754
0.6473615399712076,0.1280258500725519
0.7272778974247632,0.16082620458905345
0.8170598767824696,0.20063825614949007
0.9179253825967483,0.24786779887494448
1.0312426689380967,0.30244085298551276
1.1585488999444697,0.3636985101171012
1.3015710016583038,0.4303585181425063
1.4622490880091454,0.500564731442739
1.6427627787184707,0.5720304475594108
1.8455607661325835,0.6422614855651584
2.0733940320616497,0.7088248880012091
2.329353165215711,0.7696157224443418
2.6169102854537,0.8230726287568267
2.9399661435534976,0.8683038908981283
3.3029030354176987,0.9051068253491562
3.710644248503383,0.9338876858306916
4.168720846874621,0.9555097156402372
4.683346700825936,0.9711079656451852
5.261502778863538,0.9819092651444815
5.911031845476362,0.9890863315676599
6.64074484928479,0.9936609291603326
7.4605404447366075,0.9964571423576561
8.381539268677866,0.9980957935916641
9.416234793278331,0.9990162407188159
10.578662801651687,0.9995117060740112
11.884591785129816,0.9997672373117573
13.351736844955687,0.9998934818223205
15.0,0.9999532193395471
