SA(0.6s) [g],Loss_ratio
0.05000000000000001,1.3694386203200182e-05
0.056172467201025755,3.083417012105239e-05
0.06310692142900626,6.628978487749904e-05
0.07089742948257126,0.000136164221535523
0.07964967064493539,0.00026743863265158986
0.08948237023750269,0.00050275367865818
0.10052891014472326,0.0009057017727095496
0.11293913815718663,0.0015659262041009816
0.1268814006769336,0.0026033137954915245
0.14254482635890514,0.004171063968352751
0.16014189166643014,0.006458510891669617
0.17991130314285533,0.009696020488648649
0.2021212354977168,0.014165401483078988
0.2270729694325259,0.02021908115429026
0.2551049785537617,0.028308928876559204
0.28659752081259104,0.03902084860415268
0.3219777967548112,0.05310498230465198
0.36172574455336326,0.07148557779817695
0.4063805504338082,0.09523193870325011
0.45654796280755766,0.12547483361246378
0.5129085093300529,0.1632625281149952
0.5762267283493882,0.2093664299743913
0.6473615399712076,0.26406501495056234
0.7272778974247632,0.3269509003575656
0.8170598767824696,0.3968133296880379
0.9179253825967483,0.471641673809802
1.0312426689380967,0.548773223455133
1.1585488999444697,0.6251744913052449
1.3015710016583038,0.6978089135372566
1.4622490880091454,0.7640174100349247
1.6427627787184707,0.8218318164897362
1.8455607661325835,0.87015810022399
2.0733940320616497,0.9088011710006817
2.329353165215711,0.9383439422561991
2.6169102854537,0.9599264282458901
2.9399661435534976,0.9749864597518443
3.3029030354176987,0.9850198725305779
3.710644248503383,0.9913997424527028
4.168720846874621,0.9952702921691793
4.683346700825936,0.9975100545180513
5.261502778863538,0.998745951688356
5.911031845476362,0.9993960919390389
6.64074484928479,0.999722062805119
7.4605404447366075,0.9998778059053604
8.381539268677866,0.9999487010086726
9.416234793278331,0.9999794426681101
10.578662801651687,0.9999921388995088
11.884591785129816,0.9999971323144276
13.351736844955687,0.9999990023083214
15.0,0.9999996690413221
