SA(0.3s) [g],Loss_ratio
0.05000000000000001,5.123980448223931e-06
0.056172467201025755,1.08957487435557e-05
0.06310692142900626,2.2359043073072463e-05
0.07089742948257126,4.429183969886786e-05
0.07964967064493539,8.472697400006558e-05
0.08948237023750269,0.00015657840190481666
0.10052891014472326,0.0002796910624913163
0.11293913815718663,0.0004832101314199533
0.1268814006769336,0.0008080541679162724
0.14254482635890514,0.0013091977901298958
0.16014189166643014,0.002057491454073912
0.17991130314285533,0.0031409390821943166
0.2021212354977168,0.0046657541074815005
0.2270729694325259,0.006758076114634787
0.2551049785537617,0.009567794738763014
0.28659752081259104,0.013276224776221951
0.3219777967548112,0.018109084453906344
0.36172574455336326,0.024355088071098874
0.4063805504338082,0.03238842032610455
0.45654796280755766,0.04269068098284375
0.5129085093300529,0.05586520176788079
0.5762267283493882,0.0726348400801309
0.6473615399712076,0.09381440194901984
0.7272778974247632,0.12025145580910493
0.8170598767824696,0.15273463799697673
0.9179253825967483,0.1918760173155718
1.0312426689380967,0.23798225359054462
1.1585488999444697,0.29093609731338105
1.3015710016583038,0.3501130019801397
1.4622490880091454,0.41435550437174556
1.6427627787184707,0.4820199851105458
1.8455607661325835,0.5510975075526662
2.0733940320616497,0.6193953502727714
2.329353165215711,0.6847523584313435
2.6169102854537,0.7452530769899064
2.9399661435534976,0.7994052664471808
3.3029030354176987,0.8462531386850932
3.710644248503383,0.8854124241680617
4.168720846874621,0.9170294204984742
4.683346700825936,0.9416802512561564
5.261502778863538,0.9602353688146781
5.911031845476362,0.9737164082845025
6.64074484928479,0.9831684523361255
7.4605404447366075,0.98956276208361
8.381539268677866,0.9937358434650254
9.416234793278331,0.99636278830673
10.578662801651687,0.9979576276627005
11.884591785129816,0.9988913129696746
13.351736844955687,0.9994183627224488
15.0,0.9997051922880688
