SA(0.6s) [g],Loss_ratio
0.05000000000000001,4.646601316871113e-06
0.056172467201025755,1.0862957217083746e-05
0.06310692142900626,2.431846850781128e-05
0.07089742948257126,5.216447662591551e-05
0.07964967064493539,0.00010729926632728759
0.08948237023750269,0.00021183835906064542
0.10052891014472326,0.00040186902901130915
0.11293913815718663,0.0007335341566700294
0.1268814006769336,0.0012903479890345128
0.14254482635890514,0.0021915930863592504
0.16014189166643014,0.0036017961124792386
0.17991130314285533,0.005741667092406077
0.2021212354977168,0.008901361309702809
0.2270729694325259,0.01345707725897471
0.2551049785537617,0.019891237711836138
0.28659752081259104,0.028814276021756704
0.3219777967548112,0.04098229512656168
0.36172574455336326,0.05730036548799402
0.4063805504338082,0.07879773962759973
0.45654796280755766,0.10656116195684125
0.5129085093300529,0.14161786160731843
0.5762267283493882,0.1847714261754478
0.6473615399712076,0.2364098512419019
0.7272778974247632,0.2963212915515132
0.8170598767824696,0.36356334432096815
0.9179253825967483,0.4364303712110877
1.0312426689380967,0.5125476520765442
1.1585488999444697,0.589093229171714
1.3015710016583038,0.6631154769097084
1.4622490880091454,0.7318871327985564
1.6427627787184707,0.7932243863791071
1.8455607661325835,0.8457074713083291
2.0733940320616497,0.8887647953796636
2.329353165215711,0.9226173954012413
2.6169102854537,0.9481129970482922
2.9399661435534976,0.9664995099705331
3.3029030354176987,0.9791919504218484
3.710644248503383,0.9875762870401509
4.168720846874621,0.9928747437123112
4.683346700825936,0.9960771604374089
5.261502778863538,0.9979279398860805
5.911031845476362,0.9989505007815336
6.64074484928479,0.9994905066294253
7.4605404447366075,0.9997630317493429
8.381539268677866,0.9998944463715433
9.416234793278331,0.9999549868534533
10.578662801651687,0.9999816280802718
11.884591785129816,0.9999928254135219
13.351736844955687,0.9999973198708093
15.0,0.9999990425183694
