SA(0.3s) [g],Loss_ratio
0.05000000000000001,2.3377084592768327e-05
0.056172467201025755,4.3797327873656984e-05
0.06310692142900626,7.964535486058023e-05
0.07089742948257126,0.00014062151301229566
0.07964967064493539,0.00024113921146585172
0.08948237023750269,0.0004017760060650244
0.10052891014472326,0.0006507463675472225
0.11293913815718663,0.0010251975723325367
0.1268814006769336,0.0015721123426987063
0.14254482635890514,0.0023486606147728297
0.16014189166643014,0.003422007524196041
0.17991130314285533,0.004868860848411222
0.2021212354977168,0.0067753931632429714
0.2270729694325259,0.009238515713185904
0.2551049785537617,0.012369681768693224
0.28659752081259104,0.016302308073974533
0.3219777967548112,0.021203400988563787
0.36172574455336326,0.027289014542489925
0.4063805504338082,0.034841828428065755
0.45654796280755766,0.044227632782720794
0.5129085093300529,0.05590618245469414
0.5762267283493882,0.07043113850091601
0.6473615399712076,0.08843402712394409
0.7272778974247632,0.1105885707101685
0.8170598767824696,0.13755442133422616
0.9179253825967483,0.16990301363881766
1.0312426689380967,0.20803241297140734
1.1585488999444697,0.25208187435338736
1.3015710016583038,0.3018594233183182
1.4622490880091454,0.3567962564900441
1.6427627787184707,0.41593957467538134
1.8455607661325835,0.47799057063304073
2.0733940320616497,0.5413873290483309
2.329353165215711,0.6044246193510477
2.6169102854537,0.6653956249388435
2.9399661435534976,0.722736189531623
3.3029030354176987,0.7751513257037981
3.710644248503383,0.8217068282550877
4.168720846874621,0.8618751961970368
4.683346700825936,0.8955332138978082
5.261502778863538,0.9229166061806084
5.911031845476362,0.9445434326322317
6.64074484928479,0.9611211868551567
7.4605404447366075,0.9734526195374992
8.381539268677866,0.9823526223271549
9.416234793278331,0.9885841552131857
10.578662801651687,0.9928164129084184
11.884591785129816,0.9956042700808461
13.351736844955687,0.997385183647038
15.0,0.9984883609623603
