SA(0.6s) [g],Loss_ratio
0.05000000000000001,1.2426487344968652e-05
0.056172467201025755,2.737616320110381e-05
0.06310692142900626,5.7808004382714494e-05
0.07089742948257126,0.00011708169378967793
0.07964967064493539,0.00022763288856267327
0.08948237023750269,0.00042527011451093947
0.10052891014472326,0.0007643871221282296
0.11293913815718663,0.0013238194753637912
0.1268814006769336,0.0022130407917008046
0.14254482635890514,0.0035786237940772683
0.16014189166643014,0.005611442014155632
0.17991130314285533,0.00855582452079402
0.2021212354977168,0.012722395423027968
0.2270729694325259,0.018506011543873067
0.2551049785537617,0.026408445966294925
0.28659752081259104,0.037062025334173285
0.3219777967548112,0.05124584244683279
0.36172574455336326,0.06988187538075644
0.4063805504338082,0.09399647697028206
0.45654796280755766,0.12463539903606383
0.5129085093300529,0.16272899616089492
0.5762267283493882,0.20891788220866372
0.6473615399712076,0.2633651566679504
0.7272778974247632,0.3255945030734713
0.8170598767824696,0.3943984899036111
0.9179253825967483,0.46785419181519383
1.0312426689380967,0.5434632050701261
1.1585488999444697,0.6184043060454116
1.3015710016583038,0.6898574725093309
1.4622490880091454,0.7553373162263675
1.6427627787184707,0.8129695660271217
1.8455607661325835,0.8616581712523478
2.0733940320616497,0.9011185103818925
2.329353165215711,0.9317849201471012
2.6169102854537,0.9546279899254038
2.9399661435534976,0.9709313099663776
3.3029030354176987,0.982076439376306
3.710644248503383,0.9893719111642156
4.168720846874621,0.9939434763793852
4.683346700825936,0.996685142195443
5.261502778863538,0.9982584234577602
5.911031845476362,0.9991221037078287
6.64074484928479,0.9995756005738535
7.4605404447366075,0.9998033183016969
8.381539268677866,0.9999126517935959
9.416234793278331,0.9999628376637634
10.578662801651687,0.9999848580326777
11.884591785129816,0.9999940928907395
13.351736844955687,0.999997794155827
15.0,0.9999992117117872
