SA(0.6s) [g],Loss_ratio
0.05000000000000001,1.4311918281495474e-06
0.056172467201025755,3.5882469920200946e-06
0.06310692142900626,8.59064062497805e-06
0.07089742948257126,1.9646828321373543e-05
0.07964967064493539,4.29420605143227e-05
0.08948237023750269,8.975130600107352e-05
0.10052891014472326,0.00017950054302112717
0.11293913815718663,0.00034381726363084123
0.1268814006769336,0.000631370622691102
0.14254482635890514,0.0011130199316593313
0.16014189166643014,0.0018866173410688138
0.17991130314285533,0.0030809592409013326
0.2021212354977168,0.004859027083420637
0.2270729694325259,0.00742178239183654
0.2551049785537617,0.01101502114650756
0.28659752081259104,0.01594242697894363
0.3219777967548112,0.022587109739325456
0.36172574455336326,0.0314409536913758
0.4063805504338082,0.043136143587005266
0.45654796280755766,0.05846743633845369
0.5129085093300529,0.0783891812979781
0.5762267283493882,0.10397022329936129
0.6473615399712076,0.13629463255397195
0.7272778974247632,0.17630730186107085
0.8170598767824696,0.2246194027842917
0.9179253825967483,0.28130584166898576
1.0312426689380967,0.3457398373744387
1.1585488999444697,0.41651284953621226
1.3015710016583038,0.4914773782278191
1.4622490880091454,0.5679256723927063
1.6427627787184707,0.6428843737483116
1.8455607661325835,0.7134732157735086
2.0733940320616497,0.777255965686417
2.329353165215711,0.8325115519078269
2.6169102854537,0.8783737115493109
2.9399661435534976,0.91482189017507
3.3029030354176987,0.9425429099437487
3.710644248503383,0.962710306963569
4.168720846874621,0.9767389331769383
4.683346700825936,0.9860659199759516
5.261502778863538,0.9919908201930878
5.911031845476362,0.9955858363073695
6.64074484928479,0.9976687908830738
7.4605404447366075,0.9988209378597815
8.381539268677866,0.9994291916429336
9.416234793278331,0.9997356130394476
10.578662801651687,0.999882887388768
11.884591785129816,0.9999504074062073
13.351736844955687,0.9999799307576813
15.0,0.9999922408920828
