SA(0.3s) [g],Loss_ratio
0.05000000000000001,1.5734158326230486e-08
0.056172467201025755,4.646937820096398e-08
0.06310692142900626,1.3133102055862267e-07
0.07089742948257126,3.552271357010195e-07
0.07964967064493539,9.197151482898125e-07
0.08948237023750269,2.279762824985987e-06
0.10052891014472326,5.411391955539857e-06
0.11293913815718663,1.2303296337212722e-05
0.1268814006769336,2.680141415188908e-05
0.14254482635890514,5.595951617500261e-05
0.16014189166643014,0.00011203640432603802
0.17991130314285533,0.0002152008741159339
0.2021212354977168,0.0003968375414351466
0.2270729694325259,0.0007031017621206781
0.2551049785537617,0.0011981222632022504
0.28659752081259104,0.001966138956753416
0.3219777967548112,0.003112076372871359
0.36172574455336326,0.004760735886128737
0.4063805504338082,0.0070559257991104525
0.45654796280755766,0.010162149207909227
0.5129085093300529,0.014272358255374375
0.5762267283493882,0.019625032146841064
0.6473615399712076,0.0265318583810171
0.7272778974247632,0.03541349459628358
0.8170598767824696,0.04683589790699805
0.9179253825967483,0.06153489123665402
1.0312426689380967,0.08041377620520104
1.1585488999444697,0.10449959170609296
1.3015710016583038,0.13484909321411281
1.4622490880091454,0.17240561119545575
1.6427627787184707,0.21782117679110452
1.8455607661325835,0.2712718306959117
2.0733940320616497,0.33230398362395797
2.329353165215711,0.3997520369088283
2.6169102854537,0.47175935185184525
2.9399661435534976,0.5459159228662821
3.3029030354176987,0.619500261204539
3.710644248503383,0.689786836057432
4.168720846874621,0.7543620970577112
4.683346700825936,0.8113880890912359
5.261502778863538,0.859764975262246
5.911031845476362,0.8991688179679204
6.64074484928479,0.9299707730865336
7.4605404447366075,0.9530692075209041
8.381539268677866,0.969680204389565
9.416234793278331,0.9811321228779365
10.578662801651687,0.9886987910826803
11.884591785129816,0.9934890793378751
13.351736844955687,0.9963940805797635
15.0,0.9980812752245477
