SA(0.3s) [g],Loss_ratio
0.05000000000000001,1.3276521715344105e-09
0.056172467201025755,4.2982759573817475e-09
0.06310692142900626,1.3315984354056453e-08
0.07089742948257126,3.947915689361814e-08
0.07964967064493539,1.1202902878149069e-07
0.08948237023750269,3.0431326828450624e-07
0.10052891014472326,7.914195233549305e-07
0.11293913815718663,1.970908065268562e-06
0.1268814006769336,4.701002204893223e-06
0.14254482635890514,1.074200435959294e-05
0.16014189166643014,2.3522133423964368e-05
0.17991130314285533,4.9375877567597875e-05
0.2021212354977168,9.939876145003135e-05
0.2270729694325259,0.00019199773993401338
0.2551049785537617,0.000356067309092023
0.28659752081259104,0.0006344919454986997
0.3219777967548112,0.001087424503622325
0.36172574455336326,0.0017946462779968532
0.4063805504338082,0.0028564562726516142
0.45654796280755766,0.004393122735057148
0.5129085093300529,0.0065439812381580705
0.5762267283493882,0.00946855166485388
0.6473615399712076,0.013353050875534778
0.7272778974247632,0.01842568946012207
0.8170598767824696,0.02498252296148684
0.9179253825967483,0.03342216015559577
1.0312426689380967,0.04428278842771861
1.1585488999444697,0.05826998694670406
1.3015710016583038,0.07626040556333306
1.4622490880091454,0.09926636846930834
1.6427627787184707,0.12835104929580027
1.8455607661325835,0.1644932325513016
2.0733940320616497,0.20841360956224983
2.329353165215711,0.26038838864564195
2.6169102854537,0.3200869253154048
2.9399661435534976,0.3864739681668172
3.3029030354176987,0.4578108224567346
3.710644248503383,0.531772606698862
4.168720846874621,0.6056737355055714
4.683346700825936,0.6767671580079986
5.261502778863538,0.7425627893288507
5.911031845476362,0.8011038935763257
6.64074484928479,0.8511497559283585
7.4605404447366075,0.8922361594571018
8.381539268677866,0.9246146285762152
9.416234793278331,0.9490979476545016
10.578662801651687,0.9668556327489212
11.884591785129816,0.9792056290296601
13.351736844955687,0.9874391944667789
15.0,0.9926998268579115
