SA(0.3s) [g],Loss_ratio
0.05000000000000001,9.08494773826374e-06
0.056172467201025755,1.892196576672167e-05
0.06310692142900626,3.8008378145804043e-05
0.07089742948257126,7.365307523405918e-05
0.07964967064493539,0.000137738498381057
0.08948237023750269,0.00024869041994085014
0.10052891014472326,0.0004337392962765363
0.11293913815718663,0.0007312107057331652
0.1268814006769336,0.0011924590424775452
0.14254482635890514,0.0018830278093540042
0.16014189166643014,0.0028827700500806243
0.17991130314285533,0.004285058635042088
0.2021212354977168,0.006195849181038233
0.2270729694325259,0.00873410010085388
0.2551049785537617,0.012035644857373207
0.28659752081259104,0.016262703879476172
0.3219777967548112,0.02162048948748393
0.36172574455336326,0.02838063074758205
0.4063805504338082,0.03690855408591555
0.45654796280755766,0.0476889810530376
0.5129085093300529,0.061341131311326624
0.5762267283493882,0.07861397121740984
0.6473615399712076,0.10035275175356234
0.7272778974247632,0.12743160383715338
0.8170598767824696,0.16065300245668737
0.9179253825967483,0.20062267365981823
1.0312426689380967,0.24761650930390156
1.1585488999444697,0.30146228118987295
1.3015710016583038,0.36146132040762524
1.4622490880091454,0.42637226332278455
1.6427627787184707,0.49447003625991476
1.8455607661325835,0.5636796623628643
2.0733940320616497,0.6317690756386606
2.329353165215711,0.6965718018600312
2.6169102854537,0.7562028919985501
2.9399661435534976,0.8092322497193731
3.3029030354176987,0.8547885304064736
3.710644248503383,0.8925816937271845
4.168720846874621,0.9228489623168772
4.683346700825936,0.9462429675946064
5.261502778863538,0.9636889764652213
5.911031845476362,0.9762390805120803
6.64074484928479,0.9849460559364798
7.4605404447366075,0.990770753594872
8.381539268677866,0.9945273122064302
9.416234793278331,0.996862644935709
10.578662801651687,0.9982618649512162
11.884591785129816,0.9990697393120638
13.351736844955687,0.9995191761748454
15.0,0.9997600619520184
