SA(0.3s) [g],Loss_ratio
0.05000000000000001,3.3359462991489067e-06
0.056172467201025755,7.157366442117619e-06
0.06310692142900626,1.483122487789257e-05
0.07089742948257126,2.9688991005005774e-05
0.07964967064493539,5.7429227981664615e-05
0.08948237023750269,0.00010738367943781136
0.10052891014472326,0.00019417362436901508
0.11293913815718663,0.00033970792446746945
0.1268814006769336,0.000575372385405104
0.14254482635890514,0.000944156865354212
0.16014189166643014,0.0015024115606335263
0.17991130314285533,0.0023209824355193034
0.2021212354977168,0.003485707018992767
0.2270729694325259,0.0050976737314152205
0.2551049785537617,0.007274199373636625
0.28659752081259104,0.01015199757660854
0.3219777967548112,0.013894244443974309
0.36172574455336326,0.018702917123001397
0.4063805504338082,0.02483668199177873
0.45654796280755766,0.03263272712354026
0.5129085093300529,0.04252852972884289
0.5762267283493882,0.05507717213955302
0.6473615399712076,0.07094822168035188
0.7272778974247632,0.09090615179197682
0.8170598767824696,0.11576038681278358
0.9179253825967483,0.1462854580501167
1.0312426689380967,0.1831160288956724
1.1585488999444697,0.22662860404339327
1.3015710016583038,0.2768279764792299
1.4622490880091454,0.3332600560343505
1.6427627787184707,0.39497208474264955
1.8455607661325835,0.4605355950547311
2.0733940320616497,0.528137274829084
2.329353165215711,0.5957300321572381
2.6169102854537,0.6612239542082478
2.9399661435534976,0.7226878008326306
3.3029030354176987,0.7785287511270184
3.710644248503383,0.827622329825137
4.168720846874621,0.869374779908569
4.683346700825936,0.9037138851789288
5.261502778863538,0.9310177917643261
5.911031845476362,0.95200143535162
6.64074484928479,0.9675847362938643
7.4605404447366075,0.9787655098550004
8.381539268677866,0.986514365349786
9.416234793278331,0.9917009704032298
10.578662801651687,0.9950532603697761
11.884591785129816,0.9971452098977658
13.351736844955687,0.9984054562643876
15.0,0.9991382844357107
