SA(0.6s) [g],Loss_ratio
0.05000000000000001,4.832756968009556e-06
0.056172467201025755,1.1385610758041232e-05
0.06310692142900626,2.561283789160318e-05
0.07089742948257126,5.503686128616181e-05
0.07964967064493539,0.00011301343649939289
0.08948237023750269,0.00022187731843525404
0.10052891014472326,0.00041675395288597316
0.11293913815718663,0.0007495057759479896
0.1268814006769336,0.0012919025829924659
0.14254482635890514,0.0021369143948396503
0.16014189166643014,0.003397297373425712
0.17991130314285533,0.005201594082086153
0.2021212354977168,0.007689269865850823
0.2270729694325259,0.0110085314048967
0.2551049785537617,0.015321604426422759
0.28659752081259104,0.020821925950003407
0.3219777967548112,0.02776517857981721
0.36172574455336326,0.036511458049851175
0.4063805504338082,0.04757014839593004
0.45654796280755766,0.0616339930753953
0.5129085093300529,0.0795862070274269
0.5762267283493882,0.10246557674827247
0.6473615399712076,0.13137981230346152
0.7272778974247632,0.167366609151256
0.8170598767824696,0.21121393732157728
0.9179253825967483,0.2632642447121827
1.0312426689380967,0.32323875934314517
1.1585488999444697,0.3901240680048649
1.3015710016583038,0.4621595864986443
1.4622490880091454,0.5369490137575781
1.6427627787184707,0.6116927468178671
1.8455607661325835,0.6835076591167781
2.0733940320616497,0.749775189571904
2.329353165215711,0.8084478016318886
2.6169102854537,0.8582525853620225
2.9399661435534976,0.8987570127218856
3.3029030354176987,0.9302969225296656
3.710644248503383,0.9537989992073435
4.168720846874621,0.9705494834186544
4.683346700825936,0.9819633747983129
5.261502778863538,0.9893962105553221
5.911031845476362,0.994020400404767
6.64074484928479,0.9967678995616471
7.4605404447366075,0.9983264957696568
8.381539268677866,0.9991704300276395
9.416234793278331,0.9996065015446245
10.578662801651687,0.9998214753058652
11.884591785129816,0.9999225645428838
13.351736844955687,0.9999678999039819
15.0,0.9999872868833746
