SA(0.6s) [g],Loss_ratio
0.05000000000000001,6.346909642059862e-05
0.056172467201025755,0.00013037323904516174
0.06310692142900626,0.0002558054788099284
0.07089742948257126,0.0004797778072683334
0.07964967064493539,0.0008609364555239586
0.08948237023750269,0.0014797742498589175
0.10052891014472326,0.0024396991808935398
0.11293913815718663,0.0038652914409713413
0.1268814006769336,0.005898319512135004
0.14254482635890514,0.008693948345482152
0.16014189166643014,0.012421442254334903
0.17991130314285533,0.017274532557916875
0.2021212354977168,0.02349545161667968
0.2270729694325259,0.031412920338854386
0.2551049785537617,0.041488581382246065
0.28659752081259104,0.05436000092423564
0.3219777967548112,0.0708635346591627
0.36172574455336326,0.09201907148142588
0.4063805504338082,0.11896218030613248
0.45654796280755766,0.1528177038503061
0.5129085093300529,0.19452155785942157
0.5762267283493882,0.244612581438791
0.6473615399712076,0.3030307352636963
0.7272778974247632,0.3689675047894947
0.8170598767824696,0.44081422580602014
0.9179253825967483,0.5162406793429661
1.0312426689380967,0.5924099112158043
1.1585488999444697,0.6663013997418192
1.3015710016583038,0.7350836271075544
1.4622490880091454,0.7964600783435427
1.6427627787184707,0.848917056591391
1.8455607661325835,0.8918271009868204
2.0733940320616497,0.9253997655667743
2.329353165215711,0.9505090073415312
2.6169102854537,0.9684513879387936
2.9399661435534976,0.9806954868704323
3.3029030354176987,0.9886716862802871
3.710644248503383,0.9936299244591836
4.168720846874621,0.9965701197855635
4.683346700825936,0.9982328092661197
5.261502778863538,0.9991292324314895
5.911031845476362,0.9995898850394621
6.64074484928479,0.9998154615623244
7.4605404447366075,0.9999207024323824
8.381539268677866,0.9999674720219629
9.416234793278331,0.9999872670998187
10.578662801651687,0.9999952451769215
11.884591785129816,0.9999983066172048
13.351736844955687,0.9999994249857362
15.0,0.9999998138751032
