SA(0.3s) [g],Loss_ratio
0.05000000000000001,4.845823626059564e-06
0.056172467201025755,1.023751714178678e-05
0.06310692142900626,2.088590321303041e-05
0.07089742948257126,4.115740381120947e-05
0.07964967064493539,7.836140470265929e-05
0.08948237023750269,0.00014419927407259838
0.10052891014472326,0.0002565708773863584
0.11293913815718663,0.00044162060610607455
0.1268814006769336,0.0007357843438532852
0.14254482635890514,0.001187496142541089
0.16014189166643014,0.0018581912422362126
0.17991130314285533,0.002822372482909491
0.2021212354977168,0.004166842324577214
0.2270729694325259,0.0059897355231371355
0.2551049785537617,0.008400616521821292
0.28659752081259104,0.011523424714782694
0.3219777967548112,0.01550418182304606
0.36172574455336326,0.020524848422872242
0.4063805504338082,0.0268233788107352
0.45654796280755766,0.0347179441025243
0.5129085093300529,0.044630817397182755
0.5762267283493882,0.0571051345832973
0.6473615399712076,0.0728063872947143
0.7272778974247632,0.09250075861506873
0.8170598767824696,0.11700473292098623
0.9179253825967483,0.14710485214567018
1.0312426689380967,0.1834525900263021
1.1585488999444697,0.22644606853817836
1.3015710016583038,0.27611628724621606
1.4622490880091454,0.3320390024051577
1.6427627787184707,0.3932928878083239
1.8455607661325835,0.4584793269617774
2.0733940320616497,0.5258094579755592
2.329353165215711,0.5932515915602465
2.6169102854537,0.6587196360293303
2.9399661435534976,0.7202739011907779
3.3029030354176987,0.7763022649689681
3.710644248503383,0.8256533359938771
4.168720846874621,0.8677031248922046
4.683346700825936,0.9023502591085454
5.261502778863538,0.929948397596111
5.911031845476362,0.9511948690596873
6.64074484928479,0.9669995279018287
7.4605404447366075,0.9783569875485065
8.381539268677866,0.9862399614025422
9.416234793278331,0.9915236153671845
10.578662801651687,0.994942963421415
11.884591785129816,0.9970792135034048
13.351736844955687,0.9983674664700305
15.0,0.9991172495083845
