SA(0.6s) [g],Loss_ratio
0.05000000000000001,0.0001777860219549343
0.056172467201025755,0.0003321972790897132
0.06310692142900626,0.0005957543884735738
0.07089742948257126,0.0010262839786764288
0.07964967064493539,0.0016999752940153937
0.08948237023750269,0.0027111440683184724
0.10052891014472326,0.004169682875698061
0.11293913815718663,0.006196983171200155
0.1268814006769336,0.00892254850145579
0.14254482635890514,0.012484838730935576
0.16014189166643014,0.017040389047269434
0.17991130314285533,0.022784261325552568
0.2021212354977168,0.029982102382298495
0.2270729694325259,0.039009830288187934
0.2551049785537617,0.05039224038217618
0.28659752081259104,0.06482802566761081
0.3219777967548112,0.0831872292237269
0.36172574455336326,0.10646894378873317
0.4063805504338082,0.13571244793479406
0.45654796280755766,0.17186354257789083
0.5129085093300529,0.21560858748231548
0.5762267283493882,0.26719986212032454
0.6473615399712076,0.3263047983491586
0.7272778974247632,0.391915168087865
0.8170598767824696,0.4623475195168595
0.9179253825967483,0.5353517639486505
1.0312426689380967,0.6083225871790839
1.1585488999444697,0.6785835138956584
1.3015710016583038,0.7436934505013566
1.4622490880091454,0.8017173939772734
1.6427627787184707,0.8514102942658657
1.8455607661325835,0.8922840853254366
2.0733940320616497,0.9245560729222974
2.329353165215711,0.9490032953111704
2.6169102854537,0.9667644643399275
2.9399661435534976,0.979134936702719
3.3029030354176987,0.9873919862453512
3.710644248503383,0.9926722178028917
4.168720846874621,0.9959062824867947
4.683346700825936,0.9978029941847038
5.261502778863538,0.9988678966729272
5.911031845476362,0.9994401416703791
6.64074484928479,0.9997344031584086
7.4605404447366075,0.9998791759234151
8.381539268677866,0.9999473111374529
9.416234793278331,0.999977981787951
10.578662801651687,0.999991185066426
11.884591785129816,0.9999966199963848
13.351736844955687,0.9999987589933023
15.0,0.9999995637886245
