SA(0.3s) [g],Loss_ratio
0.05000000000000001,2.9596791001340605e-07
0.056172467201025755,7.112011412013786e-07
0.06310692142900626,1.648305323026511e-06
0.07089742948257126,3.685169606981731e-06
0.07964967064493539,7.949545114199762e-06
0.08948237023750269,1.6550027211265084e-05
0.10052891014472326,3.326240766741706e-05
0.11293913815718663,6.455938064499068e-05
0.1268814006769336,0.00012105968180743943
0.14254482635890514,0.00021943081841887535
0.16014189166643014,0.0003847039404541786
0.17991130314285533,0.0006528618414621935
0.2021212354977168,0.001073476364110132
0.2270729694325259,0.0017121580092391176
0.2551049785537617,0.0026527068638072747
0.28659752081259104,0.003999167879124349
0.3219777967548112,0.005878478359571577
0.36172574455336326,0.008444929375389777
0.4063805504338082,0.011888005730581448
0.45654796280755766,0.016445002471727036
0.5129085093300529,0.022418844064041644
0.5762267283493882,0.030199629404722247
0.6473615399712076,0.04028578051997189
0.7272778974247632,0.05329786577696111
0.8170598767824696,0.06997612228541189
0.9179253825967483,0.09115247723489578
1.0312426689380967,0.11769033067980948
1.1585488999444697,0.1503908081838195
1.3015710016583038,0.18987204534547186
1.4622490880091454,0.2364367905341834
1.6427627787184707,0.28995092557645863
1.8455607661325835,0.34975892405010695
2.0733940320616497,0.41465988137781656
2.329353165215711,0.4829589967349475
2.6169102854537,0.552595535896933
2.9399661435534976,0.6213323942596153
3.3029030354176987,0.6869784886902969
3.710644248503383,0.7476072352144438
4.168720846874621,0.801734731548143
4.683346700825936,0.8484300037177788
5.261502778863538,0.8873443878647692
5.911031845476362,0.9186637345387147
6.64074484928479,0.9430012778819232
7.4605404447366075,0.961257439442962
8.381539268677866,0.9744742695064087
9.416234793278331,0.9837075191748598
10.578662801651687,0.9899308443997374
11.884591785129816,0.9939772395260944
13.351736844955687,0.9965149057005303
15.0,0.9980497642106455
