SA(0.6s) [g],Loss_ratio
0.05000000000000001,2.2069311998895725e-05
0.056172467201025755,4.667438968835036e-05
0.06310692142900626,9.460284165722644e-05
0.07089742948257126,0.0001838518731980876
0.07964967064493539,0.00034278177291251487
0.08948237023750269,0.0006135613993933364
0.10052891014472326,0.0010552796114936926
0.11293913815718663,0.0017458992354539072
0.1268814006769336,0.0027823109014199323
0.14254482635890514,0.00427828631008726
0.16014189166643014,0.006361187341678365
0.17991130314285533,0.009169663480528058
0.2021212354977168,0.012855773493383911
0.2270729694325259,0.017595307957764584
0.2551049785537617,0.02360893479331536
0.28659752081259104,0.03119389678853082
0.3219777967548112,0.040761748662632095
0.36172574455336326,0.05287306434961673
0.4063805504338082,0.06825657918284167
0.45654796280755766,0.08779920313744716
0.5129085093300529,0.11249564247478949
0.5762267283493882,0.14335222690007637
0.6473615399712076,0.18124848621817555
0.7272778974247632,0.22677087623387787
0.8170598767824696,0.28004386220471505
0.9179253825967483,0.34059157949007196
1.0312426689380967,0.407265315255563
1.1585488999444697,0.47826543320525416
1.3015710016583038,0.5512703945066247
1.4622490880091454,0.6236626748842994
1.6427627787184707,0.6928173577649008
1.8455607661325835,0.7564014409495224
2.0733940320616497,0.8126268227476019
2.329353165215711,0.8604100635015238
2.6169102854537,0.8994146266458694
2.9399661435534976,0.9299792732914797
3.3029030354176987,0.952960897077014
3.710644248503383,0.9695344151446892
4.168720846874621,0.9809936509506999
4.683346700825936,0.9885873655493241
5.261502778863538,0.9934087917127001
5.911031845476362,0.9963410137439316
6.64074484928479,0.9980486946336173
7.4605404447366075,0.9990008402258501
8.381539268677866,0.999508992434877
9.416234793278331,0.9997685257333093
10.578662801651687,0.9998953561515233
11.884591785129816,0.9999546505610113
13.351736844955687,0.9999811660171934
15.0,0.9999925062036122
