SA(0.3s) [g],Loss_ratio
0.05000000000000001,0.00016042825399620875
0.056172467201025755,0.0002791222122955184
0.06310692142900626,0.00047108299744390015
0.07089742948257126,0.0007717674744791626
0.07964967064493539,0.0012283521421088018
0.08948237023750269,0.0019012826760178515
0.10052891014472326,0.002865441336525626
0.11293913815718663,0.004211137336224591
0.1268814006769336,0.006045507469274059
0.14254482635890514,0.00849531801555629
0.16014189166643014,0.011712419542546499
0.17991130314285533,0.015883015926190586
0.2021212354977168,0.021241278867781523
0.2270729694325259,0.028086583763609698
0.2551049785537617,0.03680186012016842
0.28659752081259104,0.04786856566433248
0.3219777967548112,0.06187214033838904
0.36172574455336326,0.07949111513637294
0.4063805504338082,0.10146392553282477
0.45654796280755766,0.12853024171776178
0.5129085093300529,0.16134817961443823
0.5762267283493882,0.20039446800476718
0.6473615399712076,0.24586038278574723
0.7272778974247632,0.2975605624496611
0.8170598767824696,0.3548732456284054
0.9179253825967483,0.41672801837805046
1.0312426689380967,0.48165066607490037
1.1585488999444697,0.5478651094000876
1.3015710016583038,0.6134415918971279
1.4622490880091454,0.6764707967036452
1.6427627787184707,0.7352378304979545
1.8455607661325835,0.7883696176596483
2.0733940320616497,0.8349344186980471
2.329353165215711,0.874481655076119
2.6169102854537,0.9070215966045893
2.9399661435534976,0.9329549673953043
3.3029030354176987,0.9529698141257134
3.710644248503383,0.9679257945701366
4.168720846874621,0.9787444322633034
4.683346700825936,0.9863189965912728
5.261502778863538,0.9914512518698102
5.911031845476362,0.9948161165236286
6.64074484928479,0.9969505544034881
7.4605404447366075,0.9982603631734779
8.381539268677866,0.9990378557598726
9.416234793278331,0.9994842385267391
10.578662801651687,0.9997320966469995
11.884591785129816,0.9998651874040092
13.351736844955687,0.9999342922531712
15.0,0.999968986233252
