SA(0.3s) [g],Loss_ratio
0.05000000000000001,5.978900506087293e-06
0.056172467201025755,1.366123331006386e-05
0.06310692142900626,2.989310396864231e-05
0.07089742948257126,6.267336501887823e-05
0.07964967064493539,0.000125978092961776
0.08948237023750269,0.00024296332596168704
0.10052891014472326,0.00045002377342993617
0.11293913815718663,0.0008014879697021748
0.1268814006769336,0.0013745781961756966
0.14254482635890514,0.002274304327199794
0.16014189166643014,0.003638356463830123
0.17991130314285533,0.005642870042866322
0.2021212354977168,0.00851097248731103
0.2270729694325259,0.012526760976393464
0.2551049785537617,0.01805701416905379
0.28659752081259104,0.025580728100593995
0.3219777967548112,0.03572219069512275
0.36172574455336326,0.049277429715247165
0.4063805504338082,0.06721831597054642
0.45654796280755766,0.09065608932977282
0.5129085093300529,0.12074932621675963
0.5762267283493882,0.1585518738551899
0.6473615399712076,0.20481310872835545
0.7272778974247632,0.25976215109926004
0.8170598767824696,0.32292314664579735
0.9179253825967483,0.39301367384101044
1.0312426689380967,0.46796818435554477
1.1585488999444697,0.5451032148295558
1.3015710016583038,0.6214067000371573
1.4622490880091454,0.6939002814955082
1.6427627787184707,0.7600022085295755
1.8455607661325835,0.817816980617527
2.0733940320616497,0.8662971878907741
2.329353165215711,0.9052565946328541
2.6169102854537,0.9352501113567446
2.9399661435534976,0.9573644285458944
3.3029030354176987,0.9729754080586975
3.710644248503383,0.9835238799188615
4.168720846874621,0.9903449886725644
4.683346700825936,0.9945652475203156
5.261502778863538,0.9970630765346824
5.911031845476362,0.9984770906813684
6.64074484928479,0.9992425928345439
7.4605404447366075,0.9996388529812757
8.381539268677866,0.9998349632326242
9.416234793278331,0.9999277433871789
10.578662801651687,0.9999696997347187
11.884591785129816,0.9999878333528792
13.351736844955687,0.9999953232368366
15.0,0.9999982794249962
