SA(0.6s) [g],Loss_ratio
0.05000000000000001,0.0005138414448103202
0.056172467201025755,0.0009182255762677616
0.06310692142900626,0.0015721500564239098
0.07089742948257126,0.0025830205104491635
0.07964967064493539,0.004080299635724893
0.08948237023750269,0.006212189981592076
0.10052891014472326,0.009143245498142287
0.11293913815718663,0.013057397287777862
0.1268814006769336,0.018171462763736674
0.14254482635890514,0.024762592177052126
0.16014189166643014,0.03320887282479678
0.17991130314285533,0.04403607776341863
0.2021212354977168,0.057956999139137114
0.2270729694325259,0.07588523910436917
0.2551049785537617,0.09890489243515549
0.28659752081259104,0.12818256534999892
0.3219777967548112,0.16481874648765793
0.36172574455336326,0.20965045494151216
0.4063805504338082,0.2630337074322381
0.45654796280755766,0.32464861344440255
0.5129085093300529,0.39337673519751026
0.5762267283493882,0.46729494946041417
0.6473615399712076,0.543810197202292
0.7272778974247632,0.6199278189218854
0.8170598767824696,0.6926107906878842
0.9179253825967483,0.7591596961032412
1.0312426689380967,0.8175342272416322
1.1585488999444697,0.8665509511821772
1.3015710016583038,0.9059249513502603
1.4622490880091454,0.9361634558544931
1.6427627787184707,0.9583539765636693
1.8455607661325835,0.9739074485900899
2.0733940320616497,0.9843152221314841
2.329353165215711,0.9909617606193633
2.6169102854537,0.9950111834346008
2.9399661435534976,0.9973641588461076
3.3029030354176987,0.998667768053979
3.710644248503383,0.9993562194641068
4.168720846874621,0.9997027128300048
4.683346700825936,0.999868870774864
5.261502778863538,0.9999447754899037
5.911031845476362,0.9999778019596571
6.64074484928479,0.9999914865694272
7.4605404447366075,0.9999968856140155
8.381539268677866,0.9999989135711902
9.416234793278331,0.999999638685474
10.578662801651687,0.9999998854673645
11.884591785129816,0.9999999654023817
13.351736844955687,0.9999999900423271
15.0,0.9999999972698081
