SA(0.3s) [g],Loss_ratio
0.05000000000000001,1.0656222966798358e-05
0.056172467201025755,2.25642089343725e-05
0.06310692142900626,4.59898439970241e-05
0.07089742948257126,9.02658200091222e-05
0.07964967064493539,0.00017070333326630328
0.08948237023750269,0.00031125046045727973
0.10052891014472326,0.0005476304350486794
0.11293913815718663,0.0009307215268709756
0.1268814006769336,0.0015298734597505139
0.14254482635890514,0.0024359495714882605
0.16014189166643014,0.0037642256386350216
0.17991130314285533,0.005657874327637341
0.2021212354977168,0.008293479425127637
0.2270729694325259,0.011890533666120997
0.2551049785537617,0.016726716784144335
0.28659752081259104,0.023159476331626076
0.3219777967548112,0.03165183755703488
0.36172574455336326,0.04279672844075972
0.4063805504338082,0.057330312463445846
0.45654796280755766,0.07612228845009351
0.5129085093300529,0.1001314273105862
0.5762267283493882,0.13031895983312383
0.6473615399712076,0.1675209910497912
0.7272778974247632,0.2122926359835962
0.8170598767824696,0.2647483223941506
0.9179253825967483,0.3244310260783007
1.0312426689380967,0.3902445531176525
1.1585488999444697,0.4604752660175424
1.3015710016583038,0.5329133360025642
1.4622490880091454,0.6050621105649849
1.6427627787184707,0.6744031845443688
1.8455607661325835,0.7386704628986257
2.0733940320616497,0.7960834771221312
2.329353165215711,0.8454996447459927
2.6169102854537,0.8864642778370327
2.9399661435534976,0.9191602011622149
3.3029030354176987,0.9442791875758009
3.710644248503383,0.9628498467851502
4.168720846874621,0.9760589431202717
4.683346700825936,0.9850965371463817
5.261502778863538,0.9910434012991153
5.911031845476362,0.9948061683306726
6.64074484928479,0.9970951676685345
7.4605404447366075,0.9984337449158088
8.381539268677866,0.9991861399795788
9.416234793278331,0.9995925859299037
10.578662801651687,0.9998035786871721
11.884591785129816,0.9999088226472587
13.351736844955687,0.9999592599489747
15.0,0.9999824816764283
