SA(0.3s) [g],Loss_ratio
0.05000000000000001,9.541278837565946e-08
0.056172467201025755,2.46107297835474e-07
0.06310692142900626,6.107910958230712e-07
0.07089742948257126,1.4587174718916352e-06
0.07964967064493539,3.3529602324333663e-06
0.08948237023750269,7.418960957633613e-06
0.10052891014472326,1.580544003234596e-05
0.11293913815718663,3.242842930793466e-05
0.1268814006769336,6.409550835967393e-05
0.14254482635890514,0.00012208514647786274
0.16014189166643014,0.00022418889595048343
0.17991130314285533,0.00039710363628389644
0.2021212354977168,0.0006789000044418514
0.2270729694325259,0.0011211386548739212
0.2551049785537617,0.0017901433004072044
0.28659752081259104,0.00276707639036432
0.3219777967548112,0.004146888859926224
0.36172574455336326,0.006036938311626838
0.4063805504338082,0.008556958080576781
0.45654796280755766,0.011842814854347905
0.5129085093300529,0.016056694540497202
0.5762267283493882,0.021405586222264256
0.6473615399712076,0.0281679546559924
0.7272778974247632,0.03672541992522085
0.8170598767824696,0.047592662544808186
0.9179253825967483,0.06143560746818429
1.0312426689380967,0.07906637751686629
1.1585488999444697,0.10140460613660704
1.3015710016583038,0.12939906962778336
1.4622490880091454,0.16391109602820805
1.6427627787184707,0.2055707576317733
1.8455607661325835,0.2546264747187905
2.0733940320616497,0.31081575174440373
2.329353165215711,0.3732867164024248
2.6169102854537,0.44059513038597753
2.9399661435534976,0.5107894372372244
3.3029030354176987,0.5815792155216502
3.710644248503383,0.6505641002759048
4.168720846874621,0.7154857847974084
4.683346700825936,0.7744594720423329
5.261502778863538,0.8261452620816879
5.911031845476362,0.8698334777254734
6.64074484928479,0.9054369946230586
7.4605404447366075,0.9334028417464172
8.381539268677866,0.9545695828022265
9.416234793278331,0.9700031720497357
10.578662801651687,0.9808417630876793
11.884591785129816,0.9881714683080245
13.351736844955687,0.9929437994184388
15.0,0.9959349236423826
