SA(0.3s) [g],Loss_ratio
0.05000000000000001,0.00013954531423532313
0.056172467201025755,0.0002400012878834068
0.06310692142900626,0.00040058065220219263
0.07089742948257126,0.0006490477039426179
0.07964967064493539,0.0010212414012933215
0.08948237023750269,0.0015610927988383206
0.10052891014472326,0.0023195134992693325
0.11293913815718663,0.0033519550244299366
0.1268814006769336,0.004714726134356861
0.14254482635890514,0.006460571440181784
0.16014189166643014,0.008634494036155899
0.17991130314285533,0.011271232035252427
0.2021212354977168,0.014396029801088207
0.2270729694325259,0.01803024384300192
0.2551049785537617,0.022202808219357738
0.28659752081259104,0.026967661499825685
0.3219777967548112,0.032426016110484956
0.36172574455336326,0.038751026348162035
0.4063805504338082,0.04621122216861805
0.45654796280755766,0.05518825192543442
0.5129085093300529,0.06618419735915765
0.5762267283493882,0.07981409786307947
0.6473615399712076,0.09678039484706223
0.7272778974247632,0.11782777910477452
0.8170598767824696,0.14367934433805224
0.9179253825967483,0.17495788792247877
1.0312426689380967,0.2120993854822751
1.1585488999444697,0.25526863487678286
1.3015710016583038,0.30428916136398926
1.4622490880091454,0.35859995160002867
1.6427627787184707,0.4172498104359282
1.8455607661325835,0.478935867610514
2.0733940320616497,0.5420863697724708
2.329353165215711,0.6049804262662061
2.6169102854537,0.6658904007726865
2.9399661435534976,0.7232278488543509
3.3029030354176987,0.7756726114454373
3.710644248503383,0.8222673861081805
4.168720846874621,0.8624662852419107
4.683346700825936,0.8961341202799524
5.261502778863538,0.9235014978735089
5.911031845476362,0.9450874248732944
6.64074484928479,0.9616047267139259
7.4605404447366075,0.9738638012813687
8.381539268677866,0.9826875450390259
9.416234793278331,0.9888457982039266
10.578662801651687,0.9930126703309816
11.884591785129816,0.9957457632859092
13.351736844955687,0.997483317490445
15.0,0.9985538853833201
