SA(0.6s) [g],Loss_ratio
0.05000000000000001,0.0002069135140675027
0.056172467201025755,0.0003886923540376286
0.06310692142900626,0.0006996761072914804
0.07089742948257126,0.0012080778556019078
0.07964967064493539,0.0020032922662543253
0.08948237023750269,0.003195451307824798
0.10052891014472326,0.004912738093457486
0.11293913815718663,0.007297931972387445
0.1268814006769336,0.010507337471001289
0.14254482635890514,0.014716456213772523
0.16014189166643014,0.020136591587050872
0.17991130314285533,0.02704434466969005
0.2021212354977168,0.03582162937218133
0.2270729694325259,0.046998251295638
0.2551049785537617,0.06128385809684889
0.28659752081259104,0.07957305746337505
0.3219777967548112,0.10290827211947919
0.36172574455336326,0.1323902476546656
0.4063805504338082,0.16903586809662358
0.45654796280755766,0.21359587264217333
0.5129085093300529,0.2663589408326003
0.5762267283493882,0.3269800590322706
0.6473615399712076,0.39437597736817764
0.7272778974247632,0.4667251378532986
0.8170598767824696,0.5415920883806128
0.9179253825967483,0.6161694029825138
1.0312426689380967,0.6876002176073253
1.1585488999444697,0.7533211038319525
1.3015710016583038,0.8113567602873405
1.4622490880091454,0.8605088238729701
1.6427627787184707,0.9004080629970419
1.8455607661325835,0.9314334325025303
2.0733940320616497,0.9545317440272331
2.329353165215711,0.9709890881192177
2.6169102854537,0.9822062069418711
2.9399661435534976,0.9895174026167701
3.3029030354176987,0.9940729414379363
3.710644248503383,0.9967856767426915
4.168720846874621,0.9983290650007595
4.683346700825936,0.9991678241058879
5.261502778863538,0.9996031325357547
5.911031845476362,0.9998188407000255
6.64074484928479,0.9999208794944867
7.4605404447366075,0.9999669496677104
8.381539268677866,0.9999867997886958
9.416234793278331,0.9999949606159643
10.578662801651687,0.9999981615544513
11.884591785129816,0.9999993592378663
13.351736844955687,0.9999997866850042
15.0,0.9999999321829474
