SA(0.6s) [g],Loss_ratio
0.05000000000000001,0.002978488442191141
0.056172467201025755,0.00466186211248778
0.06310692142900626,0.006985714589475706
0.07089742948257126,0.010046979893145397
0.07964967064493539,0.013913786718054166
0.08948237023750269,0.018632071224208763
0.10052891014472326,0.024253905031208754
0.11293913815718663,0.030888618054526123
0.1268814006769336,0.03877002961796452
0.14254482635890514,0.04832564032074106
0.16014189166643014,0.060229208699873533
0.17991130314285533,0.07541824078961955
0.2021212354977168,0.09506214868794467
0.2270729694325259,0.12047345995254971
0.2551049785537617,0.1529619771819663
0.28659752081259104,0.19364020216540836
0.3219777967548112,0.24319893099322493
0.36172574455336326,0.30168521689525735
0.4063805504338082,0.36832814860844887
0.45654796280755766,0.4414644104797703
0.5129085093300529,0.5186073702768622
0.5762267283493882,0.5966763696865782
0.6473615399712076,0.6723613822478014
0.7272778974247632,0.7425556317913873
0.8170598767824696,0.8047623403744002
0.9179253825967483,0.8573840951423584
1.0312426689380967,0.8998354307648779
1.1585488999444697,0.9324694320826032
1.3015710016583038,0.9563585117672943
1.4622490880091454,0.9730007381626505
1.6427627787184707,0.984028036230622
1.8455607661325835,0.990974449464255
2.0733940320616497,0.9951325573851704
2.329353165215711,0.997496860682085
2.6169102854537,0.9987733822187564
2.9399661435534976,0.9994276125948773
3.3029030354176987,0.99974580100577
3.710644248503383,0.9998926174998385
4.168720846874621,0.9999568713501455
4.683346700825936,0.9999835377622223
5.261502778863538,0.9999940304784425
5.911031845476362,0.9999979442428062
6.64074484928479,0.9999993278674121
7.4605404447366075,0.9999997914204493
8.381539268677866,0.999999938578969
9.416234793278331,0.9999999828408056
10.578662801651687,0.9999999954529826
11.884591785129816,0.9999999988573047
13.351736844955687,0.9999999997277046
15.0,0.999999999938483
