SA(0.3s) [g],Loss_ratio
0.05000000000000001,0.0002386569857560972
0.056172467201025755,0.0004060584997719608
0.06310692142900626,0.0006700083791360723
0.07089742948257126,0.0010728510755706854
0.07964967064493539,0.0016684863104146853
0.08948237023750269,0.0025227140456630494
0.10052891014472326,0.003712901985109019
0.11293913815718663,0.005327406637565868
0.1268814006769336,0.007465670585113487
0.14254482635890514,0.010240367521539312
0.16014189166643014,0.013783169772864964
0.17991130314285533,0.018255451739063455
0.2021212354977168,0.023864358671323048
0.2270729694325259,0.030883148108053933
0.2551049785537617,0.03967273875816499
0.28659752081259104,0.05069937857002727
0.3219777967548112,0.0645418267128592
0.36172574455336326,0.0818810307470867
0.4063805504338082,0.10346645609142838
0.45654796280755766,0.1300562069016294
0.5129085093300529,0.16233268722444996
0.5762267283493882,0.2008011519808808
0.6473615399712076,0.24568402516219745
0.7272778974247632,0.29682797816336937
0.8170598767824696,0.3536421280023652
0.9179253825967483,0.4150833732861618
1.0312426689380967,0.47969863171039384
1.1585488999444697,0.5457243811167091
1.3015710016583038,0.6112332335836189
1.4622490880091454,0.67430772252436
1.6427627787184707,0.7332154838728173
1.8455607661325835,0.7865592427858794
2.0733940320616497,0.8333798307303278
2.329353165215711,0.8731997090503781
2.6169102854537,0.9060058394015484
2.9399661435534976,0.9321814265833501
3.3029030354176987,0.9524036501778462
3.710644248503383,0.9675276307894358
4.168720846874621,0.9784754997209681
4.683346700825936,0.9861446601299012
5.261502778863538,0.9913428894586185
5.911031845476362,0.9947516187918133
6.64074484928479,0.9969138594124461
7.4605404447366075,0.9982404571213703
8.381539268677866,0.99902759600019
9.416234793278331,0.9994792408444209
10.578662801651687,0.9997298149199986
11.884591785129816,0.9998642248204892
13.351736844955687,0.9999339272089907
15.0,0.9999688696247299
