SA(0.3s) [g],Loss_ratio
0.05000000000000001,0.0003773613885798944
0.056172467201025755,0.0006371027042996137
0.06310692142900626,0.0010410173481513187
0.07089742948257126,0.0016476841579434187
0.07964967064493539,0.002528818754021861
0.08948237023750269,0.0037684301643630402
0.10052891014472326,0.005461460266554874
0.11293913815718663,0.0077130927710933215
0.1268814006769336,0.010640560786646257
0.14254482635890514,0.014379592519706292
0.16014189166643014,0.019097298429223416
0.17991130314285533,0.0250120983924168
0.2021212354977168,0.03241920886129167
0.2270729694325259,0.041717550463760716
0.2551049785537617,0.05343128537579736
0.28659752081259104,0.06821733678018177
0.3219777967548112,0.08684998173155532
0.36172574455336326,0.11017554436107718
0.4063805504338082,0.13903454214714756
0.45654796280755766,0.17415498862665502
0.5129085093300529,0.2160279450492328
0.5762267283493882,0.26478330009347784
0.6473615399712076,0.3200882815487198
0.7272778974247632,0.3810916128979048
0.8170598767824696,0.4464314319950262
0.9179253825967483,0.5143152066138995
1.0312426689380967,0.5826665310131827
1.1585488999444697,0.6493198150624732
1.3015710016583038,0.712233046656184
1.4622490880091454,0.7696841162598729
1.6427627787184707,0.8204191909297588
1.8455607661325835,0.8637316907776547
2.0733940320616497,0.8994648762789635
2.329353165215711,0.9279460309514017
2.6169102854537,0.9498719343623625
2.9399661435534976,0.9661712444191772
3.3029030354176987,0.9778689380852884
3.710644248503383,0.9859723249518578
4.168720846874621,0.9913897354341966
4.683346700825936,0.9948844036323835
5.261502778863538,0.9970593336029031
5.911031845476362,0.9983650566409462
6.64074484928479,0.9991211393669088
7.4605404447366075,0.9995433704476033
8.381539268677866,0.9997707480241558
9.416234793278331,0.9998888124101994
10.578662801651687,0.9999479174330935
11.884591785129816,0.9999764425347633
13.351736844955687,0.999989713210353
15.0,0.9999956642098772
