SA(0.3s) [g],Loss_ratio
0.05000000000000001,7.302827459764183e-05
0.056172467201025755,0.0001320315473948841
0.06310692142900626,0.0002316211061456297
0.07089742948257126,0.0003945084505008745
0.07964967064493539,0.0006528756765453837
0.08948237023750269,0.001050711936900306
0.10052891014472326,0.0016461704753435668
0.11293913815718663,0.0025139098460433607
0.1268814006769336,0.003747569282109658
0.14254482635890514,0.005462802620705498
0.16014189166643014,0.0078015858524912
0.17991130314285533,0.010938685915772885
0.2021212354977168,0.015091056454516751
0.2270729694325259,0.020530343248027376
0.2551049785537617,0.02759755683605902
0.28659752081259104,0.03671738574042322
0.3219777967548112,0.04840787800438194
0.36172574455336326,0.06327981223398825
0.4063805504338082,0.08201962547861805
0.45654796280755766,0.10535082549252259
0.5129085093300529,0.133971692585744
0.5762267283493882,0.1684716286906787
0.6473615399712076,0.20923404861612505
0.7272778974247632,0.2563390406694708
0.8170598767824696,0.30948268380782157
0.9179253825967483,0.36793052742997956
1.0312426689380967,0.43051948880184887
1.1585488999444697,0.49571538448412056
1.3015710016583038,0.5617236344978642
1.4622490880091454,0.6266404093419826
1.6427627787184707,0.6886230876500136
1.8455607661325835,0.746054530837345
2.0733940320616497,0.7976765797381755
2.329353165215711,0.8426741894409963
2.6169102854537,0.8807012419822646
2.9399661435534976,0.9118499083530224
3.3029030354176987,0.9365748927180866
3.710644248503383,0.9555899775029428
4.168720846874621,0.9697560764384703
4.683346700825936,0.979977777113637
5.261502778863538,0.9871203412748073
5.911031845476362,0.9919529963765243
6.64074484928479,0.9951186644823493
7.4605404447366075,0.997126112634611
8.381539268677866,0.998358303114593
9.416234793278331,0.9990903256223358
10.578662801651687,0.999511193342158
11.884591785129816,0.9997453495260125
13.351736844955687,0.9998714077464632
15.0,0.9999370693021201
