SA(0.3s) [g],Loss_ratio
0.05000000000000001,7.016678219642358e-05
0.056172467201025755,0.00012586262949804695
0.06310692142900626,0.00021938545004058786
0.07089742948257126,0.0003718202669070803
0.07964967064493539,0.0006131866368637163
0.08948237023750269,0.0009848434989717214
0.10052891014472326,0.0015420771919180231
0.11293913815718663,0.0023568667932146736
0.1268814006769336,0.003520954170775126
0.14254482635890514,0.005149539569273842
0.16014189166643014,0.0073861211313027315
0.17991130314285533,0.010409094830645439
0.2021212354977168,0.014440593664743468
0.2270729694325259,0.01975754215301608
0.2551049785537617,0.02670397068208588
0.28659752081259104,0.03570233983426604
0.3219777967548112,0.04726020564468962
0.36172574455336326,0.06196741916803791
0.4063805504338082,0.08047870361874473
0.45654796280755766,0.10347736200570747
0.5129085093300529,0.1316183049443293
0.5762267283493882,0.16545245246276127
0.6473615399712076,0.2053392956664126
0.7272778974247632,0.25135901547933026
0.8170598767824696,0.3032388088124206
0.9179253825967483,0.3603087917097092
1.0312426689380967,0.4215002902274381
1.1585488999444697,0.48539349712016633
1.3015710016583038,0.5503132600058616
1.4622490880091454,0.6144628409330599
1.6427627787184707,0.6760779032432788
1.8455607661325835,0.7335786260918155
2.0733940320616497,0.7856978789379248
2.329353165215711,0.8315678690433376
2.6169102854537,0.8707555264387271
2.9399661435534976,0.9032462069550619
3.3029030354176987,0.9293839018613737
3.710644248503383,0.9497822192829551
4.168720846874621,0.9652229404045543
4.683346700825936,0.9765579362205283
5.261502778863538,0.9846264943974543
5.911031845476362,0.9901949738904495
6.64074484928479,0.9939205483506107
7.4605404447366075,0.9963366743712829
8.381539268677866,0.9978553776719354
9.416234793278331,0.9987805311295208
10.578662801651687,0.9993266729140603
11.884591785129816,0.9996390748304894
13.351736844955687,0.9998122185794698
15.0,0.9999051912030379
