SA(0.3s) [g],Loss_ratio
0.05000000000000001,0.00021440764972200377
0.056172467201025755,0.00036949739629382197
0.06310692142900626,0.0006173011597670364
0.07089742948257126,0.001000514020601334
0.07964967064493539,0.0015746658040922956
0.08948237023750269,0.0024092411879545863
0.10052891014472326,0.003588328069338126
0.11293913815718663,0.005211220998291311
0.1268814006769336,0.007393882916580563
0.14254482635890514,0.010272589168289643
0.16014189166643014,0.014011223477214547
0.17991130314285533,0.01881333071539671
0.2021212354977168,0.024938991098083504
0.2270729694325259,0.03272486792653631
0.2551049785537617,0.042603637702354605
0.28659752081259104,0.05511692686667939
0.3219777967548112,0.07091451825155261
0.36172574455336326,0.09073264091897269
0.4063805504338082,0.11534613016689707
0.45654796280755766,0.14549326969437026
0.5129085093300529,0.18177780363786789
0.5762267283493882,0.2245589577744959
0.6473615399712076,0.2738458987584321
0.7272778974247632,0.32921626609086363
0.8170598767824696,0.3897778494783379
0.9179253825967483,0.45418748134544856
1.0312426689380967,0.5207321858497342
1.1585488999444697,0.5874661875961413
1.3015710016583038,0.6523860821775275
1.4622490880091454,0.7136181429547652
1.6427627787184707,0.7695886658818274
1.8455607661325835,0.8191514063923382
2.0733940320616497,0.8616548229847891
2.329353165215711,0.8969437883572765
2.6169102854537,0.9253026203749893
2.9399661435534976,0.9473558105615137
3.3029030354176987,0.9639477582495184
3.710644248503383,0.9760226681894332
4.168720846874621,0.9845214401707085
4.683346700825936,0.9903056749473108
5.261502778863538,0.994111866185953
5.911031845476362,0.9965330786252294
6.64074484928479,0.9980218225555197
7.4605404447366075,0.9989065372397257
8.381539268677866,0.9994146236362046
9.416234793278331,0.9996965795926924
10.578662801651687,0.9998477600345627
11.884591785129816,0.9999260749594135
13.351736844955687,0.9999652666926366
15.0,0.999984212542382
