SA(0.6s) [g],Loss_ratio
0.05000000000000001,0.0007420069215633207
0.056172467201025755,0.0012976235074467102
0.06310692142900626,0.002172943857853621
0.07089742948257126,0.0034902431857818223
0.07964967064493539,0.0053891757358450814
0.08948237023750269,0.008021428804827447
0.10052891014472326,0.011548940719319924
0.11293913815718663,0.016151474616295583
0.1268814006769336,0.022048701585526284
0.14254482635890514,0.029538469048178334
0.16014189166643014,0.039046866965797865
0.17991130314285533,0.0511785411214381
0.2021212354977168,0.06674975902816077
0.2270729694325259,0.08678434533637502
0.2551049785537617,0.1124553291096172
0.28659752081259104,0.14496339225146956
0.3219777967548112,0.1853562732439475
0.36172574455336326,0.23430943431396012
0.4063805504338082,0.2919045981649321
0.45654796280755766,0.3574547946518043
0.5129085093300529,0.4294269254438849
0.5762267283493882,0.5055009967959286
0.6473615399712076,0.5827782403793123
0.7272778974247632,0.6581135090207401
0.8170598767824696,0.7285115314004034
0.9179253825967483,0.7915048700024792
1.0312426689380967,0.8454331107933305
1.1585488999444697,0.8895687508293516
1.3015710016583038,0.9240767060510502
1.4622490880091454,0.9498366835941205
1.6427627787184707,0.9681867486300966
1.8455607661325835,0.9806545608213678
2.0733940320616497,0.9887309947456712
2.329353165215711,0.9937170903689693
2.6169102854537,0.9966497662857848
2.9399661435534976,0.9982926057639024
3.3029030354176987,0.9991688625019678
3.710644248503383,0.9996137616628745
4.168720846874621,0.9998287350441789
4.683346700825936,0.9999275695930142
5.261502778863538,0.9999707961261958
5.911031845476362,0.999988777953022
6.64074484928479,0.9999958915681291
7.4605404447366075,0.9999985673947199
8.381539268677866,0.9999995243255057
9.416234793278331,0.9999998496430389
10.578662801651687,0.9999999547649548
11.884591785129816,0.9999999870496727
13.351736844955687,0.9999999964725154
15.0,0.9999999990859711
