SA(0.6s) [g],Loss_ratio
0.05000000000000001,0.00020034408433661777
0.056172467201025755,0.0003900835514226209
0.06310692142900626,0.0007254202620026629
0.07089742948257126,0.001290307774043964
0.07964967064493539,0.002199112188704056
0.08948237023750269,0.0035993456543476246
0.10052891014472326,0.005673087229659136
0.11293913815718663,0.008639362637836934
0.1268814006769336,0.012761580201414687
0.14254482635890514,0.01836474938670082
0.16014189166643014,0.025865354497262162
0.17991130314285533,0.035811771986628244
0.2021212354977168,0.048925670943594596
0.2270729694325259,0.06612710600528807
0.2551049785537617,0.0885212157878644
0.28659752081259104,0.11732577750246657
0.3219777967548112,0.15372830341193974
0.36172574455336326,0.19867862064427616
0.4063805504338082,0.2526448742618107
0.45654796280755766,0.31538180709643715
0.5129085093300529,0.3857723937688826
0.5762267283493882,0.4618002650545003
0.6473615399712076,0.540687339085598
0.7272778974247632,0.6191918486897037
0.8170598767824696,0.6940171945608249
0.9179253825967483,0.7622470652847575
1.0312426689380967,0.8217108629293137
1.1585488999444697,0.8712013959774033
1.3015710016583038,0.9105083456414075
1.4622490880091454,0.9402811260055568
1.6427627787184707,0.961775743881393
1.8455607661325835,0.9765595076736269
2.0733940320616497,0.9862421312527505
2.329353165215711,0.992278579000412
2.6169102854537,0.99585950180088
2.9399661435534976,0.9978801620420906
3.3029030354176987,0.9989644617849537
3.710644248503383,0.9995176179606766
4.168720846874621,0.999785833354491
4.683346700825936,0.9999094172463099
5.261502778863538,0.9999635170465263
5.911031845476362,0.9999860131040507
6.64074484928479,0.9999948973942999
7.4605404447366075,0.999998229202041
8.381539268677866,0.9999994155700664
9.416234793278331,0.9999998166106359
10.578662801651687,0.999999945298854
11.884591785129816,0.9999999844935971
13.351736844955687,0.9999999958232516
15.0,0.9999999989311763
