SA(0.3s) [g],Loss_ratio
0.05000000000000001,5.320684693593813e-06
0.056172467201025755,1.1814547096500316e-05
0.06310692142900626,2.520967970278676e-05
0.07089742948257126,5.171233921497653e-05
0.07964967064493539,0.00010202630335577335
0.08948237023750269,0.00019372451486707187
0.10052891014472326,0.00035427174354665255
0.11293913815718663,0.0006245546656943712
0.1268814006769336,0.0010626375635115206
0.14254482635890514,0.0017474183388059895
0.16014189166643014,0.0027820278998837876
0.17991130314285533,0.004297282397566954
0.2021212354977168,0.006456232852194255
0.2270729694325259,0.009461635310879075
0.2551049785537617,0.013568545253781905
0.28659752081259104,0.019103657138901886
0.3219777967548112,0.02649099754028696
0.36172574455336326,0.03628007470004453
0.4063805504338082,0.049168191277789174
0.45654796280755766,0.06600468124819323
0.5129085093300529,0.08776317580515797
0.5762267283493882,0.11547041217057176
0.6473615399712076,0.15008752505238093
0.7272778974247632,0.1923516299370247
0.8170598767824696,0.24259939355560556
0.9179253825967483,0.3006062166936971
1.0312426689380967,0.3654801389176795
1.1585488999444697,0.4356451643442024
1.3015710016583038,0.5089335722054609
1.4622490880091454,0.5827836271409614
1.6427627787184707,0.6545138785500166
1.8455607661325835,0.7216253978178833
2.0733940320616497,0.7820752420613836
2.329353165215711,0.8344710173598346
2.6169102854537,0.8781557449955787
2.9399661435534976,0.9131782785111273
3.3029030354176987,0.9401693765804745
3.710644248503383,0.9601603482120276
4.168720846874621,0.9743864258764422
4.683346700825936,0.9841112625391136
5.261502778863538,0.9904959871402506
5.911031845476362,0.9945212041149436
6.64074484928479,0.9969576400498943
7.4605404447366075,0.9983733572261528
8.381539268677866,0.9991629374804922
9.416234793278331,0.9995855685781044
10.578662801651687,0.999802650310939
11.884591785129816,0.9999096387245902
13.351736844955687,0.9999602281997495
15.0,0.9999831767308552
