SA(0.6s) [g],Loss_ratio
0.05000000000000001,8.056825235320255e-05
0.056172467201025755,0.00016373468595378137
0.06310692142900626,0.0003181743705387208
0.07089742948257126,0.0005918174001232513
0.07964967064493539,0.0010550413363817456
0.08948237023750269,0.0018055473011043379
0.10052891014472326,0.002972147327216024
0.11293913815718663,0.0047174990713917675
0.1268814006769336,0.007241100177208282
0.14254482635890514,0.010785347745343715
0.16014189166643014,0.01564836500923419
0.17991130314285533,0.02220656011618103
0.2021212354977168,0.03094673201173188
0.2270729694325259,0.0425020293644416
0.2551049785537617,0.057679452809652414
0.28659752081259104,0.07746121728488614
0.3219777967548112,0.1029609711445347
0.36172574455336326,0.1353208920734698
0.4063805504338082,0.175547797083953
0.45654796280755766,0.22430407918892076
0.5129085093300529,0.281688468530273
0.5762267283493882,0.3470562880808773
0.6473615399712076,0.41893254392717333
0.7272778974247632,0.49505930142813137
0.8170598767824696,0.5725913318971614
0.9179253825967483,0.6484169822465082
1.0312426689380967,0.719545725332293
1.1585488999444697,0.7834823621148594
1.3015710016583038,0.8385089885480542
1.4622490880091454,0.8838202029507851
1.6427627787184707,0.919496417890712
1.8455607661325835,0.9463408995105174
2.0733940320616497,0.9656349961813592
2.329353165215711,0.9788753605424061
2.6169102854537,0.9875472529474041
2.9399661435534976,0.992966207090191
3.3029030354176987,0.9961959539708192
3.710644248503383,0.9980314330502069
4.168720846874621,0.9990257987229535
4.683346700825936,0.9995391993311782
5.261502778863538,0.9997917724172385
5.911031845476362,0.9999101455758856
6.64074484928479,0.9999629873459702
7.4605404447366075,0.9999854514305441
8.381539268677866,0.9999945447592012
9.416234793278331,0.9999980492194946
10.578662801651687,0.9999993348912081
11.884591785129816,0.9999997838445377
13.351736844955687,0.9999999330519598
15.0,0.9999999802428166
