SA(0.3s) [g],Loss_ratio
0.05000000000000001,1.4934298711744011e-06
0.056172467201025755,3.2888459196245275e-06
0.06310692142900626,7.000472700580129e-06
0.07089742948257126,1.4405747936674373e-05
0.07964967064493539,2.86672789949316e-05
0.08948237023750269,5.5184785957218537e-05
0.10052891014472326,0.00010280214999027204
0.11293913815718663,0.00018541163408255512
0.1268814006769336,0.00032394260788636833
0.14254482635890514,0.0005486456502275417
0.16014189166643014,0.0009015060428163579
0.17991130314285533,0.001438582916488501
0.2021212354977168,0.0022321228564868233
0.2270729694325259,0.003372483977071428
0.2551049785537617,0.004970236707678039
0.28659752081259104,0.007159221883512219
0.3219777967548112,0.010101700968561472
0.36172574455336326,0.01399681046095751
0.4063805504338082,0.019093097602755862
0.45654796280755766,0.02570480594537578
0.5129085093300529,0.03422981456151154
0.5762267283493882,0.045164989292941285
0.6473615399712076,0.05911272284365589
0.7272778974247632,0.0767713509589269
0.8170598767824696,0.0989026659824109
0.9179253825967483,0.12627240090933795
1.0312426689380967,0.159564344744695
1.1585488999444697,0.1992750568005658
1.3015710016583038,0.24560271696744213
1.4622490880091454,0.29834878164873463
1.6427627787184707,0.3568530666615084
1.8455607661325835,0.41998038674700283
2.0733940320616497,0.4861696773726629
2.329353165215711,0.5535456378110085
2.6169102854537,0.6200806242277327
2.9399661435534976,0.6837837698516626
3.3029030354176987,0.7428879803213149
3.710644248503383,0.7960053809581207
4.168720846874621,0.842228140566785
4.683346700825936,0.881162741464511
5.261502778863538,0.912898795942212
5.911031845476362,0.9379251479581298
6.64074484928479,0.9570136113569985
7.4605404447366075,0.9710930143600618
8.381539268677866,0.9811335464468903
9.416234793278331,0.9880552827135264
10.578662801651687,0.9926673131920628
11.884591785129816,0.9956371095626477
13.351736844955687,0.9974849399951162
15.0,0.9985957671527161
