SA(0.3s) [g],Loss_ratio
0.05000000000000001,1.3098881078699166e-07
0.056172467201025755,3.2653141319727296e-07
0.06310692142900626,7.846433205560555e-07
0.07089742948257126,1.817766136791299e-06
0.07964967064493539,4.060629054530862e-06
0.08948237023750269,8.748241460632133e-06
0.10052891014472326,1.818096502945732e-05
0.11293913815718663,3.645825409917536e-05
0.1268814006769336,7.056566548265254e-05
0.14254482635890514,0.00013187819594266404
0.16014189166643014,0.0002380853043832731
0.17991130314285533,0.00041544566007118984
0.2021212354977168,0.0007011574472266357
0.2270729694325259,0.0011455244560725276
0.2551049785537617,0.0018135779056496772
0.28659752081259104,0.0027859597015324478
0.3219777967548112,0.004159243081264758
0.36172574455336326,0.006046449631239182
0.4063805504338082,0.008579191555506138
0.45654796280755766,0.011913370681892705
0.5129085093300529,0.016240359126999736
0.5762267283493882,0.02180474465614925
0.6473615399712076,0.028927883121513242
0.7272778974247632,0.038033803121881815
0.8170598767824696,0.04967097911165504
0.9179253825967483,0.06452099574667014
1.0312426689380967,0.08338420093628607
1.1585488999444697,0.10713399873579943
1.3015710016583038,0.13663592292675059
1.4622490880091454,0.1726347753474285
1.6427627787184707,0.21562174608172532
1.8455607661325835,0.265701599863301
2.0733940320616497,0.3224853359377304
2.329353165215711,0.38503403101829925
2.6169102854537,0.4518736349518681
2.9399661435534976,0.5210886783153484
3.3029030354176987,0.5904873774033204
3.710644248503383,0.6578151568886078
4.168720846874621,0.7209823075103753
4.683346700825936,0.7782676692201428
5.261502778863538,0.8284651762403805
5.911031845476362,0.8709525606745473
6.64074484928479,0.9056780347507101
7.4605404447366075,0.9330768695606716
8.381539268677866,0.9539414234872496
9.416234793278331,0.9692729990018887
10.578662801651687,0.980141796969888
11.884591785129816,0.9875739963391704
13.351736844955687,0.9924754522993471
15.0,0.995592486442979
