SA(0.3s) [g],Loss_ratio
0.05000000000000001,0.0001368854140096354
0.056172467201025755,0.00024088655367505705
0.06310692142900626,0.00041092440805969856
0.07089742948257126,0.0006799527325554222
0.07964967064493539,0.0010921869572767641
0.08948237023750269,0.0017046112251926594
0.10052891014472326,0.002587990553367409
0.11293913815718663,0.003827496391113716
0.1268814006769336,0.005523442284195774
0.14254482635890514,0.00779308154691475
0.16014189166643014,0.010774785898586586
0.17991130314285533,0.014635988324303977
0.2021212354977168,0.019585817270100076
0.2270729694325259,0.025892236959022756
0.2551049785537617,0.03390177597413961
0.28659752081259104,0.044057840982970026
0.3219777967548112,0.05691167294494958
0.36172574455336326,0.07311885858334126
0.4063805504338082,0.09341460780089794
0.45654796280755766,0.11856319798689537
0.5129085093300529,0.14928112906536942
0.5762267283493882,0.1861391658232539
0.6473615399712076,0.22945455858205896
0.7272778974247632,0.2791899056316963
0.8170598767824696,0.3348778019296942
0.9179253825967483,0.39558935067080914
1.0312426689380967,0.45995927716961127
1.1585488999444697,0.5262713247959199
1.3015710016583038,0.5925965033268383
1.4622490880091454,0.6569660946661031
1.6427627787184707,0.7175537742272058
1.8455607661325835,0.7728388366559331
2.0733940320616497,0.821726082755712
2.329353165215711,0.8636065957671133
2.6169102854537,0.8983552017816747
2.9399661435534976,0.9262719696132277
3.3029030354176987,0.9479839549005544
3.710644248503383,0.9643277984561788
4.168720846874621,0.9762333842021358
4.683346700825936,0.9846244654808294
5.261502778863538,0.990345710481051
5.911031845476362,0.9941189030122798
6.64074484928479,0.9965255832995755
7.4605404447366075,0.9980100429678199
8.381539268677866,0.9988953876981803
9.416234793278331,0.9994059013157096
10.578662801651687,0.9996904871175253
11.884591785129816,0.9998438403682959
13.351736844955687,0.9999237155866252
15.0,0.9999639259722493
