SA(0.3s) [g],Loss_ratio
0.05000000000000001,5.065382946611853e-06
0.056172467201025755,1.0549429730599692e-05
0.06310692142900626,2.1246108405287293e-05
0.07089742948257126,4.138865916741286e-05
0.07964967064493539,7.801448689199186e-05
0.08948237023750269,0.00014234082779104873
0.10052891014472326,0.00025150540330720617
0.11293913815718663,0.00043060136623358504
0.1268814006769336,0.0007148487416390072
0.14254482635890514,0.0011516756497694958
0.16014189166643014,0.0018024806278201246
0.17991130314285533,0.0027439660080178395
0.2021212354977168,0.004069206030047112
0.2270729694325259,0.005889025785971453
0.2551049785537617,0.008334723527151556
0.28659752081259104,0.01156348969799233
0.3219777967548112,0.01576782604729813
0.36172574455336326,0.02118962619005722
0.4063805504338082,0.02813823573746762
0.45654796280755766,0.037009863391161066
0.5129085093300529,0.0483035226359264
0.5762267283493882,0.06262684339103805
0.6473615399712076,0.08068432608820897
0.7272778974247632,0.10324157540557205
0.8170598767824696,0.13106211751677957
0.9179253825967483,0.16481845429698616
1.0312426689380967,0.2049853194094297
1.1585488999444697,0.25172938408670753
1.3015710016583038,0.30481426838483927
1.4622490880091454,0.36354103202549515
1.6427627787184707,0.4267412572442776
1.8455607661325835,0.4928322904513261
2.0733940320616497,0.5599333181916211
2.329353165215711,0.6260289911320365
2.6169102854537,0.6891571734267057
2.9399661435534976,0.7475917813325763
3.3029030354176987,0.7999922222368964
3.710644248503383,0.8454976493082588
4.168720846874621,0.8837554041517921
4.683346700825936,0.9148857434301192
5.261502778863538,0.9393960750608517
5.911031845476362,0.9580649938784165
6.64074484928479,0.9718182886601628
7.4605404447366075,0.9816161872533506
8.381539268677866,0.9883649749845762
9.416234793278331,0.9928588342481274
10.578662801651687,0.995751203595112
11.884591785129816,0.9975503777488417
13.351736844955687,0.9986318783336005
15.0,0.999260033934926
