SA(0.3s) [g],Loss_ratio
0.05000000000000001,8.42757584702536e-06
0.056172467201025755,1.65057626238474e-05
0.06310692142900626,3.136934373428879e-05
0.07089742948257126,5.786284005760978e-05
0.07964967064493539,0.00010361454384696377
0.08948237023750269,0.00018017252191369071
0.10052891014472326,0.0003043307130682405
0.11293913815718663,0.0004995312602957824
0.1268814006769336,0.0007971573889239526
0.14254482635890514,0.001237479334740965
0.16014189166643014,0.0018700182746552497
0.17991130314285533,0.002753185776549627
0.2021212354977168,0.003953262496271787
0.2270729694325259,0.005543093789225796
0.2551049785537617,0.007601251807650166
0.28659752081259104,0.010212745890238779
0.3219777967548112,0.01347252291843048
0.36172574455336326,0.01749285035462512
0.4063805504338082,0.022415120910608582
0.45654796280755766,0.028425648344091854
0.5129085093300529,0.035773742286244754
0.5762267283493882,0.04478897541270844
0.6473615399712076,0.05589339226100945
0.7272778974247632,0.06960378632320613
0.8170598767824696,0.0865193792977487
0.9179253825967483,0.10729145379328697
1.0312426689380967,0.1325737376332908
1.1585488999444697,0.16295543805083512
1.3015710016583038,0.19888239190715765
1.4622490880091454,0.24057525253758305
1.6427627787184707,0.28795625487211085
1.8455607661325835,0.3405971437276496
2.0733940320616497,0.3976997209165072
2.329353165215711,0.45811692457272013
2.6169102854537,0.520416685250438
2.9399661435534976,0.5829838821124389
3.3029030354176987,0.644148897573521
3.710644248503383,0.7023260677977368
4.168720846874621,0.7561430458884985
4.683346700825936,0.804543403078233
5.261502778863538,0.8468494929048217
5.911031845476362,0.8827796482309233
6.64074484928479,0.9124215597110819
7.4605404447366075,0.9361704764234845
8.381539268677866,0.9546453186027402
9.416234793278331,0.9685972403625704
10.578662801651687,0.9788237627223622
11.884591785129816,0.9860980975963446
13.351736844955687,0.9911188229029356
15.0,0.9944807561289164
