SA(1.0s) [g],Loss_ratio
0.05000000000000001,5.74511436889913e-06
0.056172467201025755,1.1791937494853855e-05
0.06310692142900626,2.3456675454724966e-05
0.07089742948257126,4.5240773907079264e-05
0.07964967064493539,8.464409569582943e-05
0.08948237023750269,0.00015371851535982974
0.10052891014472326,0.00027115862163258343
0.11293913815718663,0.000464990905078927
0.1268814006769336,0.0007758937773827579
0.14254482635890514,0.0012611622953755397
0.16014189166643014,0.0019993440347311933
0.17991130314285533,0.003095630544194561
0.2021212354977168,0.004688183965179016
0.2270729694325259,0.006955662776441291
0.2551049785537617,0.010126188748479249
0.28659752081259104,0.014487739158461185
0.3219777967548112,0.020399331548418602
0.36172574455336326,0.02830134510748639
0.4063805504338082,0.038721995404281756
0.45654796280755766,0.052275650459285665
0.5129085093300529,0.06964783839263777
0.5762267283493882,0.09156203406322709
0.6473615399712076,0.11872511697720127
0.7272778974247632,0.15175193986380758
0.8170598767824696,0.19107439753292613
0.9179253825967483,0.23684581220633838
1.0312426689380967,0.28885595946904075
1.1585488999444697,0.34647411339515277
1.3015710016583038,0.4086358885300189
1.4622490880091454,0.4738840086727649
1.6427627787184707,0.5404641577705309
1.8455607661325835,0.6064665727670515
2.0733940320616497,0.6699945097137339
2.329353165215711,0.7293346287294665
2.6169102854537,0.7831033996398534
2.9399661435534976,0.8303481867581001
3.3029030354176987,0.8705906000245625
3.710644248503383,0.9038107247627303
4.168720846874621,0.9303812464149728
4.683346700825936,0.9509679274914541
5.261502778863538,0.9664160418139675
5.911031845476362,0.9776411646988871
6.64074484928479,0.9855381956510023
7.4605404447366075,0.9909163141925851
8.381539268677866,0.9944614484514128
9.416234793278331,0.996723057082921
10.578662801651687,0.998119217983016
11.884591785129816,0.9989531703372728
13.351736844955687,0.9994351098872405
15.0,0.9997045425602039
