SA(1.0s) [g],Loss_ratio
0.05000000000000001,5.162040689277169e-06
0.056172467201025755,1.0844824476580197e-05
0.06310692142900626,2.2009686431306855e-05
0.07089742948257126,4.316257468042207e-05
0.07964967064493539,8.18154973031171e-05
0.08948237023750269,0.00014995356065795055
0.10052891014472326,0.0002658649870463881
0.11293913815718663,0.00045622459173581543
0.1268814006769336,0.0007582092533943819
0.14254482635890514,0.0012213315850596485
0.16014189166643014,0.001908663507736036
0.17991130314285533,0.002897249199903829
0.2021212354977168,0.004277819628640251
0.2270729694325259,0.006154403595760793
0.2551049785537617,0.00864498082502287
0.28659752081259104,0.011884747472833029
0.3219777967548112,0.016033614349074382
0.36172574455336326,0.021289005197801702
0.4063805504338082,0.027903758985718244
0.45654796280755766,0.03620706426984668
0.5129085093300529,0.046624202431152124
0.5762267283493882,0.05968898464944762
0.6473615399712076,0.07604175577281827
0.7272778974247632,0.09640626147274609
0.8170598767824696,0.12154086943443947
0.9179253825967483,0.15216359708952296
1.0312426689380967,0.18885571046426392
1.1585488999444697,0.23195447538632907
1.3015710016583038,0.2814507526916015
1.4622490880091454,0.33691013273956155
1.6427627787184707,0.39743592192329724
1.8455607661325835,0.46168778126141696
2.0733940320616497,0.527961372375214
2.329353165215711,0.5943233447809846
2.6169102854537,0.6587847708389463
2.9399661435534976,0.7194875273225438
3.3029030354176987,0.7748745712545551
3.710644248503383,0.8238177668886637
4.168720846874621,0.865685372490359
4.683346700825936,0.9003433394827293
5.261502778863538,0.9280970981933546
5.911031845476362,0.9495904232821588
6.64074484928479,0.9656831830843883
7.4605404447366075,0.9773296909647601
8.381539268677866,0.9854748969351715
9.416234793278331,0.9909786760260246
10.578662801651687,0.9945711321266966
11.884591785129816,0.9968358763945551
13.351736844955687,0.9982145952980402
15.0,0.9990249928873615
