SA(0.6s) [g],Loss_ratio
0.05000000000000001,2.5878012399616067e-09
0.056172467201025755,1.1259170240585094e-08
0.06310692142900626,4.555145835527519e-08
0.07089742948257126,1.7140381393665472e-07
0.07964967064493539,6.000364144831405e-07
0.08948237023750269,1.9548255614232346e-06
0.10052891014472326,5.928809335042918e-06
0.11293913815718663,1.6747042330717e-05
0.1268814006769336,4.4079297387367156e-05
0.14254482635890514,0.00010817156421278339
0.16014189166643014,0.00024767515614522727
0.17991130314285533,0.0005295672262220553
0.2021212354977168,0.0010585230213219332
0.2270729694325259,0.001980695299524521
0.2551049785537617,0.00347572593441971
0.28659752081259104,0.005733239889603992
0.3219777967548112,0.008917399232092858
0.36172574455336326,0.01313365236887842
0.4063805504338082,0.01842008211790686
0.45654796280755766,0.024784577268707104
0.5129085093300529,0.03229463189445106
0.5762267283493882,0.04120302978661995
0.6473615399712076,0.052071663854895055
0.7272778974247632,0.0658496123430087
0.8170598767824696,0.08387398345270608
0.9179253825967483,0.10778381904912973
1.0312426689380967,0.13935313956983358
1.1585488999444697,0.18025114380807294
1.3015710016583038,0.2317346947825802
1.4622490880091454,0.2942906713330995
1.6427627787184707,0.367284919320138
1.8455607661325835,0.44872502174668555
2.0733940320616497,0.5352664955083923
2.329353165215711,0.6225497012072156
2.6169102854537,0.7058463798022188
2.9399661435534976,0.7808652154685467
3.3029030354176987,0.8444834911112625
3.710644248503383,0.8951858708464201
4.168720846874621,0.9330991570414049
4.683346700825936,0.9596602354558462
5.261502778863538,0.9770719316016103
5.911031845476362,0.9877401199237948
6.64074484928479,0.9938433910939595
7.4605404447366075,0.9971008184218034
8.381539268677866,0.9987214708665613
9.416234793278331,0.9994725970380332
10.578662801651687,0.999796702889182
11.884591785129816,0.999926836611622
13.351736844955687,0.9999754360557148
15.0,0.9999923112445581
