SA(1.0s) [g],Loss_ratio
0.05000000000000001,2.7080602593709814e-09
0.056172467201025755,1.4935448539032946e-08
0.06310692142900626,7.459906937179462e-08
0.07089742948257126,3.3757691568769844e-07
0.07964967064493539,1.384633831669202e-06
0.08948237023750269,5.150574934609242e-06
0.10052891014472326,1.7386722441603555e-05
0.11293913815718663,5.330455771118126e-05
0.1268814006769336,0.00014856591908654073
0.14254482635890514,0.0003768900049714585
0.16014189166643014,0.0008716340309492199
0.17991130314285533,0.0018415219121844907
0.2021212354977168,0.0035641408851431523
0.2270729694325259,0.006343656300181239
0.2551049785537617,0.010439345767306416
0.28659752081259104,0.01600470351584838
0.3219777967548112,0.02309992903374021
0.36172574455336326,0.03182406340633388
0.4063805504338082,0.04255020280118994
0.45654796280755766,0.05617342672652052
0.5129085093300529,0.07425266750468412
0.5762267283493882,0.09896876232158601
0.6473615399712076,0.13289142483416927
0.7272778974247632,0.17858140810704454
0.8170598767824696,0.23803820996033642
0.9179253825967483,0.31200947477299584
1.0312426689380967,0.39928178020937655
1.1585488999444697,0.4962373430538667
1.3015710016583038,0.597026767764516
1.4622490880091454,0.6945311131538392
1.6427627787184707,0.7819067254635027
1.8455607661325835,0.8541566179296405
2.0733940320616497,0.9091054760269487
2.329353165215711,0.9474371159774957
2.6169102854537,0.9719051407161794
2.9399661435534976,0.9861671892342695
3.3029030354176987,0.993744601514738
3.710644248503383,0.9974084336363104
4.168720846874621,0.9990184947541648
4.683346700825936,0.9996608076134872
5.261502778863538,0.9998932063234895
5.911031845476362,0.9999694071672534
6.64074484928479,0.9999920349604527
7.4605404447366075,0.999998117016616
8.381539268677866,0.9999995961163942
9.416234793278331,0.9999999214525437
10.578662801651687,0.9999999861568719
11.884591785129816,0.999999997790164
13.351736844955687,0.9999999996805976
15.0,0.9999999999582148
