SA(1.0s) [g],Loss_ratio
0.05000000000000001,1.7529710945568544e-05
0.056172467201025755,4.597560999334838e-05
0.06310692142900626,0.00011265640065287741
0.07089742948257126,0.00025823463967635245
0.07964967064493539,0.0005546498323058702
0.08948237023750269,0.0011186522863165349
0.10052891014472326,0.0021244178337412214
0.11293913815718663,0.003812302089761405
0.1268814006769336,0.006493366607016855
0.14254482635890514,0.010554863500140437
0.16014189166643014,0.016477835358345527
0.17991130314285533,0.024879086228387703
0.2021212354977168,0.03658073700235438
0.2270729694325259,0.05269052833962856
0.2551049785537617,0.07465142560088348
0.28659752081259104,0.10420234425098648
0.3219777967548112,0.14319605447627046
0.36172574455336326,0.19325306845292683
0.4063805504338082,0.25528896996439726
0.45654796280755766,0.32902210295493106
0.5129085093300529,0.4126215519993636
0.5762267283493882,0.5026592711671558
0.6473615399712076,0.5944631067983399
0.7272778974247632,0.6828381309748607
0.8170598767824696,0.7629799209089372
0.9179253825967483,0.8313141827410532
1.0312426689380967,0.8860135347845708
1.1585488999444697,0.9270626097959547
1.3015710016583038,0.9559092462478808
1.4622490880091454,0.9748726307865577
1.6427627787184707,0.9865240185743377
1.8455607661325835,0.9932095878637476
2.0733940320616497,0.9967896857991854
2.329353165215711,0.9985777293519907
2.6169102854537,0.99941016175432
2.9399661435534976,0.9997712351767979
3.3029030354176987,0.9999170930722172
3.710644248503383,0.9999719442981674
4.168720846874621,0.999991140644042
4.683346700825936,0.9999973909067278
5.261502778863538,0.9999992837430076
5.911031845476362,0.9999998167890934
6.64074484928479,0.9999999563513233
7.4605404447366075,0.9999999903176181
8.381539268677866,0.9999999980008002
9.416234793278331,0.9999999996158686
10.578662801651687,0.9999999999313323
11.884591785129816,0.9999999999885821
13.351736844955687,0.9999999999982343
15.0,0.9999999999997461
