SA(1.0s) [g],Loss_ratio
0.05000000000000001,2.419971112738173e-06
0.056172467201025755,5.11220725042394e-06
0.06310692142900626,1.0459563222425805e-05
0.07089742948257126,2.0731360422443503e-05
0.07964967064493539,3.9817302743327954e-05
0.08948237023750269,7.412908282012909e-05
0.10052891014472326,0.00013382844865142963
0.11293913815718663,0.00023439852986048004
0.1268814006769336,0.0003985218056402063
0.14254482635890514,0.0006581626917808614
0.16014189166643014,0.0010566968191912886
0.17991130314285533,0.0016509161901478
0.2021212354977168,0.0025128073032073873
0.2270729694325259,0.003731174168462259
0.2551049785537617,0.005413453099749543
0.28659752081259104,0.00768838227084831
0.3219777967548112,0.010710428576729715
0.36172574455336326,0.014666877511956706
0.4063805504338082,0.019788100148510852
0.45654796280755766,0.026360631733872247
0.5129085093300529,0.03474136694441578
0.5762267283493882,0.04536960917972301
0.6473615399712076,0.05877228716714687
0.7272778974247632,0.07555686126911694
0.8170598767824696,0.09638676751380712
0.9179253825967483,0.12193602189156655
1.0312426689380967,0.15282287211638265
1.1585488999444697,0.18952679146112156
1.3015710016583038,0.23229790528176147
1.4622490880091454,0.28107205346785796
1.6427627787184707,0.3354069370624214
1.8455607661325835,0.39445417893076196
2.0733940320616497,0.4569781723423434
2.329353165215711,0.5214256088369044
2.6169102854537,0.5860407454981835
2.9399661435534976,0.6490126541182417
3.3029030354176987,0.7086339953996768
3.710644248503383,0.7634480335577014
4.168720846874621,0.8123624989345407
4.683346700825936,0.8547151548803386
5.261502778863538,0.8902850239177154
5.911031845476362,0.919252967228532
6.64074484928479,0.9421234353938092
7.4605404447366075,0.9596240595612253
8.381539268677866,0.9726006800960438
9.416234793278331,0.9819228269446613
10.578662801651687,0.988409774931866
11.884591785129816,0.9927816249052084
13.351736844955687,0.9956347859789844
15.0,0.9974376559459137
