SA(1.0s) [g],Loss_ratio
0.05000000000000001,0.00018858041181591404
0.056172467201025755,0.0003120832933333262
0.06310692142900626,0.0005075055466125079
0.07089742948257126,0.000811221470213236
0.07964967064493539,0.0012749490232637996
0.08948237023750269,0.001970695721878313
0.10052891014472326,0.0029965994321172916
0.11293913815718663,0.004483508250038255
0.1268814006769336,0.006601959958667247
0.14254482635890514,0.009568987995899165
0.16014189166643014,0.013653911802859027
0.17991130314285533,0.01918199544102836
0.2021212354977168,0.026534628569234737
0.2270729694325259,0.03614456423747557
0.2551049785537617,0.048484813968262035
0.28659752081259104,0.06405012321123968
0.3219777967548112,0.08333057607405571
0.36172574455336326,0.10677780719653193
0.4063805504338082,0.13476546494215602
0.45654796280755766,0.16754683339499554
0.5129085093300529,0.20521367419202463
0.5762267283493882,0.24766114824643345
0.6473615399712076,0.29456388629446606
0.7272778974247632,0.3453677269110038
0.8170598767824696,0.3993002831037199
0.9179253825967483,0.4554014418420915
1.0312426689380967,0.5125724115155414
1.1585488999444697,0.5696393989203802
1.3015710016583038,0.6254258589286295
1.4622490880091454,0.6788259142295741
1.6427627787184707,0.7288712564787307
1.8455607661325835,0.7747846863875885
2.0733940320616497,0.8160152865068058
2.329353165215711,0.8522527191386208
2.6169102854537,0.8834208620402059
2.9399661435534976,0.9096534777427551
3.3029030354176987,0.9312564769034473
3.710644248503383,0.9486623484625608
4.168720846874621,0.9623824352022748
4.683346700825936,0.9729620464240837
5.261502778863538,0.9809421556457264
5.911031845476362,0.9868299228110252
6.64074484928479,0.9910787901222067
7.4605404447366075,0.9940776492925991
8.381539268677866,0.9961476968605817
9.416234793278331,0.9975451207600011
10.578662801651687,0.998467655988838
11.884591785129816,0.9990632208882925
13.351736844955687,0.9994391897628955
15.0,0.999671269662875
