SA(1.0s) [g],Loss_ratio
0.05000000000000001,0.0009308364143005288
0.056172467201025755,0.0013038164849643263
0.06310692142900626,0.0018095155424458164
0.07089742948257126,0.0024884680252011014
0.07964967064493539,0.003391135372684828
0.08948237023750269,0.004579512669657331
0.10052891014472326,0.006128733002046749
0.11293913815718663,0.008128572596825721
0.1268814006769336,0.010684733983313372
0.14254482635890514,0.013919760168313911
0.16014189166643014,0.01797341306395096
0.17991130314285533,0.023002337539757153
0.2021212354977168,0.029178832125410566
0.2270729694325259,0.0366885620729324
0.2551049785537617,0.04572708309766588
0.28659752081259104,0.056495096412266264
0.3219777967548112,0.06919242771711952
0.36172574455336326,0.08401081253284082
0.4063805504338082,0.10112567312767545
0.45654796280755766,0.120687181291676
0.5129085093300529,0.14281100713160033
0.5762267283493882,0.1675692461510447
0.6473615399712076,0.19498208383337542
0.7272778974247632,0.2250107881656261
0.8170598767824696,0.25755260754320075
0.9179253825967483,0.29243808925241654
1.0312426689380967,0.3294312217802002
1.1585488999444697,0.3682326473120015
1.3015710016583038,0.4084859989997011
1.4622490880091454,0.44978720562478025
1.6427627787184707,0.4916963922384083
1.8455607661325835,0.5337518088590839
2.0733940320616497,0.5754850593461847
2.329353165215711,0.6164367952779508
2.6169102854537,0.6561719963384582
2.9399661435534976,0.6942939843710159
3.3029030354176987,0.7304564109238588
3.710644248503383,0.764372609036275
4.168720846874621,0.795821894645192
4.683346700825936,0.8246526227306239
5.261502778863538,0.8507820276871905
5.911031845476362,0.874193086403429
6.64074484928479,0.894928818800386
7.4605404447366075,0.9130845711713387
8.381539268677866,0.9287989051124421
9.416234793278331,0.9422437375218635
10.578662801651687,0.9536143489252845
11.884591785129816,0.9631198065957152
13.351736844955687,0.9709742469894891
15.0,0.9773893418093226
