SA(0.3s) [g],Loss_ratio
0.05000000000000001,7.659474259125166e-07
0.056172467201025755,1.7037729704572069e-06
0.06310692142900626,3.668671862500084e-06
0.07089742948257126,7.648641502411291e-06
0.07964967064493539,1.544360592846128e-05
0.08948237023750269,3.0208782844320936e-05
0.10052891014472326,5.7265623000074545e-05
0.11293913815718663,0.00010524891588097885
0.1268814006769336,0.0001876410604907175
0.14254482635890514,0.0003247082553952952
0.16014189166643014,0.0005458035624289093
0.17991130314285533,0.0008919550407177513
0.2021212354977168,0.0014186420930127955
0.2270729694325259,0.002198714473846869
0.2551049785537617,0.0033255520198786194
0.28659752081259104,0.004916794470281733
0.3219777967548112,0.0071192324523240095
0.36172574455336326,0.010115622076609916
0.4063805504338082,0.014134096191129158
0.45654796280755766,0.01946032153036909
0.5129085093300529,0.026451491452675325
0.5762267283493882,0.03554970500286657
0.6473615399712076,0.04729054076558489
0.7272778974247632,0.06230118654942341
0.8170598767824696,0.08128197004174921
0.9179253825967483,0.10496615632866337
1.0312426689380967,0.13405578547547067
1.1585488999444697,0.16913599866690665
1.3015710016583038,0.21057603577031228
1.4622490880091454,0.25843062319549487
1.6427627787184707,0.3123592437439812
1.8455607661325835,0.3715813303258927
2.0733940320616497,0.43488188405230055
2.329353165215711,0.5006745082184562
2.6169102854537,0.5671186447699603
2.9399661435534976,0.6322771171445829
3.3029030354176987,0.6942915369900012
3.710644248503383,0.7515489777095762
4.168720846874621,0.8028147413475832
4.683346700825936,0.8473127572534107
5.261502778863538,0.884745446951548
5.911031845476362,0.9152561719401858
6.64074484928479,0.9393469543720088
7.4605404447366075,0.9577700153944328
8.381539268677866,0.9714129912298997
9.416234793278331,0.9811949063917536
10.578662801651687,0.9879844926128822
11.884591785129816,0.9925460158696866
13.351736844955687,0.9955120142292853
15.0,0.9973782984673478
