SA(1.0s) [g],Loss_ratio
0.05000000000000001,1.2863721129191543e-05
0.056172467201025755,2.4687454984034795e-05
0.06310692142900626,4.6070058887437425e-05
0.07089742948257126,8.363437129229601e-05
0.07964967064493539,0.00014777376293197977
0.08948237023750269,0.000254282335052819
0.10052891014472326,0.0004264253259298856
0.11293913815718663,0.0006974703884505663
0.1268814006769336,0.0011136859817955258
0.14254482635890514,0.0017378181077567557
0.16014189166643014,0.002653091572407729
0.17991130314285533,0.0039678457982972315
0.2021212354977168,0.005820985127561308
0.2270729694325259,0.008388448473870153
0.2551049785537617,0.011890806975561165
0.28659752081259104,0.016601797656431834
0.3219777967548112,0.022857038820363208
0.36172574455336326,0.031061360509043547
0.4063805504338082,0.04169223918393892
0.45654796280755766,0.05529599006495024
0.5129085093300529,0.07247297995033825
0.5762267283493882,0.09384853705536468
0.6473615399712076,0.12002771974465457
0.7272778974247632,0.15153471056611423
0.8170598767824696,0.18874105425012172
0.9179253825967483,0.2317906426012664
1.0312426689380967,0.28053238729689883
1.1585488999444697,0.33447296523150893
1.3015710016583038,0.3927611190129604
1.4622490880091454,0.4542114627385067
1.6427627787184707,0.517369941721243
1.8455607661325835,0.580616042628777
2.0733940320616497,0.64229002911405
2.329353165215711,0.7008284682397344
2.6169102854537,0.7548893597123952
2.9399661435534976,0.8034498236243803
3.3029030354176987,0.8458642036589771
3.710644248503383,0.8818774660489841
4.168720846874621,0.9115963085134174
4.683346700825936,0.9354268014338308
5.261502778863538,0.9539914373815805
5.911031845476362,0.9680396249788877
6.64074484928479,0.9783641319044064
7.4605404447366075,0.9857325435560089
8.381539268677866,0.9908385259091882
9.416234793278331,0.9942735935592504
10.578662801651687,0.9965169350382157
11.884591785129816,0.9979389906535873
13.351736844955687,0.9988138917610394
15.0,0.9993362704043971
