SA(1.0s) [g],Loss_ratio
0.05000000000000001,3.531950326145505e-05
0.056172467201025755,5.792658493451453e-05
0.06310692142900626,9.335411600299715e-05
0.07089742948257126,0.00014788302401070872
0.07964967064493539,0.00023034904878984632
0.08948237023750269,0.00035294727497324767
0.10052891014472326,0.0005322059521283119
0.11293913815718663,0.0007901452560496459
0.1268814006769336,0.0011556380495616138
0.14254482635890514,0.0016659935386135417
0.16014189166643014,0.002368790517885772
0.17991130314285533,0.0033239923750770953
0.2021212354977168,0.004606376481811569
0.2270729694325259,0.0063082988077842244
0.2551049785537617,0.008542781440455356
0.28659752081259104,0.01144684688541528
0.3219777967548112,0.015184921863098166
0.36172574455336326,0.01995199421989376
0.4063805504338082,0.025976038641849903
0.45654796280755766,0.03351905149180667
0.5129085093300529,0.0428758863963846
0.5762267283493882,0.05437000423747127
0.6473615399712076,0.0683452914561439
0.7272778974247632,0.08515330017248401
0.8170598767824696,0.10513564551859021
0.9179253825967483,0.12860185325845977
1.0312426689380967,0.15580364040738864
1.1585488999444697,0.18690735064772615
1.3015710016583038,0.22196694077353565
1.4622490880091454,0.2609003945478322
1.6427627787184707,0.3034726042004064
1.8455607661325835,0.3492875192142379
2.0733940320616497,0.39779168667655274
2.329353165215711,0.4482902400940753
2.6169102854537,0.49997505219939065
2.9399661435534976,0.5519633315234045
3.3029030354176987,0.6033436255089183
3.710644248503383,0.6532252036244246
4.168720846874621,0.7007862973627477
4.683346700825936,0.7453167584445981
5.261502778863538,0.7862513549404502
5.911031845476362,0.8231910553658404
6.64074484928479,0.8559110755314283
7.4605404447366075,0.8843559630385291
8.381539268677866,0.9086233504885415
9.416234793278331,0.9289390401359507
10.578662801651687,0.9456266768002045
11.884591785129816,0.9590753900972676
13.351736844955687,0.9697084864149681
15.0,0.9779556499162727
