SA(1.0s) [g],Loss_ratio
0.05000000000000001,3.281485846717835e-07
0.056172467201025755,8.511524003051995e-07
0.06310692142900626,2.113836582740003e-06
0.07089742948257126,5.027457346512554e-06
0.07964967064493539,1.1453482516593504e-05
0.08948237023750269,2.5000866086982708e-05
0.10052891014472326,5.230438510949731e-05
0.11293913815718663,0.00010491809785690976
0.1268814006769336,0.00020187812593975286
0.14254482635890514,0.00037281619393261247
0.16014189166643014,0.0006612441145213033
0.17991130314285533,0.0011273416810711702
0.2021212354977168,0.0018494007136778958
0.2270729694325259,0.002923192656626195
0.2551049785537617,0.0044591022612377575
0.28659752081259104,0.006577937263402118
0.3219777967548112,0.009407671550915448
0.36172574455336326,0.01308452051380693
0.4063805504338082,0.017762031764059574
0.45654796280755766,0.023630741245048652
0.5129085093300529,0.03094822630555303
0.5762267283493882,0.04007550805219042
0.6473615399712076,0.051511690624276144
0.7272778974247632,0.06591570504303855
0.8170598767824696,0.08410312183047397
0.9179253825967483,0.10700780967668819
1.0312426689380967,0.13560280198757113
1.1585488999444697,0.17078171614784687
1.3015710016583038,0.21321074853276356
1.4622490880091454,0.2631705050858967
1.6427627787184707,0.32041490680925183
1.8455607661325835,0.384078585504937
2.0733940320616497,0.45266181611727646
2.329353165215711,0.5241113803082474
2.6169102854537,0.5959974837100257
2.9399661435534976,0.6657647548684895
3.3029030354176987,0.7310157108841683
3.710644248503383,0.7897745199834301
4.168720846874621,0.8406816834339396
4.683346700825936,0.8830862443776639
5.261502778863538,0.9170265187854515
5.911031845476362,0.9431155055601685
6.64074484928479,0.9623655937678848
7.4605404447366075,0.9759943930725008
8.381539268677866,0.9852491668028341
9.416234793278331,0.9912748624034596
10.578662801651687,0.9950353613767463
11.884591785129816,0.9972841915959892
13.351736844955687,0.9985725234398507
15.0,0.9992794194801685
