SA(1.0s) [g],Loss_ratio
0.05000000000000001,3.144151595689815e-05
0.056172467201025755,5.560123278361418e-05
0.06310692142900626,9.611550109835943e-05
0.07089742948257126,0.00016249426193684635
0.07964967064493539,0.0002688147600050095
0.08948237023750269,0.00043541436353038425
0.10052891014472326,0.000691004941340001
0.11293913815718663,0.0010752572366177881
0.1268814006769336,0.0016419061682635852
0.14254482635890514,0.0024624340237884294
0.16014189166643014,0.003630392278688327
0.17991130314285533,0.005266410088338136
0.2021212354977168,0.007523884805503234
0.2270729694325259,0.010595227104910555
0.2551049785537617,0.014718311857624488
0.28659752081259104,0.020182451897227477
0.3219777967548112,0.027332782144149668
0.36172574455336326,0.03657147797834172
0.4063805504338082,0.04835384638572927
0.45654796280755766,0.06317717392101654
0.5129085093300529,0.08156045639911243
0.5762267283493882,0.10401390177700182
0.6473615399712076,0.13099843187347765
0.7272778974247632,0.16287721679891143
0.8170598767824696,0.19986330726028495
0.9179253825967483,0.2419692950133509
1.0312426689380967,0.28896616938892217
1.1585488999444697,0.3403587202644955
1.3015710016583038,0.39538369245997734
1.4622490880091454,0.4530344096445687
1.6427627787184707,0.5121120535122927
1.8455607661325835,0.5712997849908743
2.0733940320616497,0.6292521815127411
2.329353165215711,0.6846897964854497
2.6169102854537,0.7364876029961455
2.9399661435534976,0.7837469129599689
3.3029030354176987,0.825842916015065
3.710644248503383,0.8624437444983221
4.168720846874621,0.8935011884831202
4.683346700825936,0.9192170508233812
5.261502778863538,0.9399919735443298
5.911031845476362,0.9563649860337382
6.64074484928479,0.9689519588665527
7.4605404447366075,0.9783898358875747
8.381539268677866,0.9852914079178136
9.416234793278331,0.990213003682682
10.578662801651687,0.993635274222931
11.884591785129816,0.9959555625551283
13.351736844955687,0.9974893307195818
15.0,0.9984777484385545
