SA(1.0s) [g],Loss_ratio
0.05000000000000001,8.473051621160632e-06
0.056172467201025755,1.6077982820844604e-05
0.06310692142900626,2.9713745554738048e-05
0.07089742948257126,5.349907874864779e-05
0.07964967064493539,9.387491802001491e-05
0.08948237023750269,0.00016059979866620556
0.10052891014472326,0.0002680041804802414
0.11293913815718663,0.00043650042872391275
0.1268814006769336,0.0006943231646598214
0.14254482635890514,0.0010794620405662869
0.16014189166643014,0.0016417585344970843
0.17991130314285533,0.0024451816400362925
0.2021212354977168,0.0035703779949564367
0.2270729694325259,0.0051176981270115275
0.2551049785537617,0.007210998658343832
0.28659752081259104,0.010002555093190885
0.3219777967548112,0.013679322294853653
0.36172574455336326,0.018470486293791492
0.4063805504338082,0.024655730228428003
0.45654796280755766,0.03257291839430437
0.5129085093300529,0.04262309617941814
0.5762267283493882,0.05527000337651109
0.6473615399712076,0.07103095450245328
0.7272778974247632,0.0904562063915107
0.8170598767824696,0.11409499383196052
0.9179253825967483,0.14244830298389394
1.0312426689380967,0.17591099674307084
1.1585488999444697,0.21470870963653754
1.3015710016583038,0.25883741663315646
1.4622490880091454,0.3080151033503218
1.6427627787184707,0.3616549613067555
1.8455607661325835,0.41886768958841925
2.0733940320616497,0.47849687623330056
2.329353165215711,0.5391865649672354
2.6169102854537,0.5994748604056651
2.9399661435534976,0.6579028522955814
3.3029030354176987,0.7131252476098936
3.710644248503383,0.7640085640767253
4.168720846874621,0.8097047215291534
4.683346700825936,0.8496919602164974
5.261502778863538,0.8837803407119481
5.911031845476362,0.9120845200346457
6.64074484928479,0.9349709800565903
7.4605404447366075,0.9529896372631474
8.381539268677866,0.9668004768426943
9.416234793278331,0.9771046962088393
10.578662801651687,0.9845873503381789
11.884591785129816,0.9898753832458784
13.351736844955687,0.993511907925816
15.0,0.9959451881281358
