PGA [g],Loss_ratio
0.05000000000000001,2.0272176098901087e-08
0.056172467201025755,5.663871868732962e-08
0.06310692142900626,1.5200598716957893e-07
0.07089742948257126,3.919266005014688e-07
0.07964967064493539,9.709972724258885e-07
0.08948237023750269,2.3119856173037247e-06
0.10052891014472326,5.291828940834354e-06
0.11293913815718663,1.1646582557867102e-05
0.1268814006769336,2.4655016886437896e-05
0.14254482635890514,5.0222445058917266e-05
0.16014189166643014,9.848842955442196e-05
0.17991130314285533,0.0001860474150325864
0.2021212354977168,0.0003387886358510728
0.2270729694325259,0.0005952383642890081
0.2551049785537617,0.0010101646546781416
0.28659752081259104,0.001658162278108405
0.3219777967548112,0.002637076601894295
0.36172574455336326,0.004071528705613981
0.4063805504338082,0.006117451763126731
0.45654796280755766,0.008969252944983287
0.5129085093300529,0.012871593949244208
0.5762267283493882,0.01813733185182041
0.6473615399712076,0.025171439487508367
0.7272778974247632,0.0344976217190405
0.8170598767824696,0.04678033172323173
0.9179253825967483,0.06283111635749011
1.0312426689380967,0.0835863302943202
1.1585488999444697,0.11004493165499157
1.3015710016583038,0.14316133251512536
1.4622490880091454,0.18369883137022258
1.6427627787184707,0.23206201708273388
1.8455607661325835,0.28813821589094873
2.0733940320616497,0.351184409740157
2.329353165215711,0.419793655100983
2.6169102854537,0.4919626317234743
2.9399661435534976,0.5652614603172723
3.3029030354176987,0.6370833301582493
3.710644248503383,0.704931495295742
4.168720846874621,0.7666910537520366
4.683346700825936,0.8208360300988022
5.261502778863538,0.8665378558093634
5.911031845476362,0.9036646099596357
6.64074484928479,0.9326843349529551
7.4605404447366075,0.9545036901082189
8.381539268677866,0.9702810481170612
9.416234793278331,0.9812504240267809
10.578662801651687,0.9885821284154944
11.884591785129816,0.9932922368276771
13.351736844955687,0.9962002328791058
15.0,0.9979254087892451
