SA(1.0s) [g],Loss_ratio
0.05000000000000001,0.00016987461386933634
0.056172467201025755,0.0002862779337435284
0.06310692142900626,0.0004731897498020499
0.07089742948257126,0.0007674936087011918
0.07964967064493539,0.0012221053635855684
0.08948237023750269,0.0019113219356906963
0.10052891014472326,0.0029372253698027265
0.11293913815718663,0.004437022198671731
0.1268814006769336,0.0065910004441820606
0.14254482635890514,0.009630517882230365
0.16014189166643014,0.01384510261130611
0.17991130314285533,0.019587378992851824
0.2021212354977168,0.027274185732926705
0.2270729694325259,0.0373820162815506
0.2551049785537617,0.05043489724970599
0.28659752081259104,0.06698314611962478
0.3219777967548112,0.08757220726750793
0.36172574455336326,0.11270198226833922
0.4063805504338082,0.14277867132384764
0.45654796280755766,0.17806292833027754
0.5129085093300529,0.21861978757122524
0.5762267283493882,0.2642769600332983
0.6473615399712076,0.3145983475225793
0.7272778974247632,0.36887872079713663
0.8170598767824696,0.42616339826954575
0.9179253825967483,0.48529365287741943
1.0312426689380967,0.5449749333256166
1.1585488999444697,0.6038614598066601
1.3015710016583038,0.6606480349964186
1.4622490880091454,0.7141585703814908
1.6427627787184707,0.7634211730764744
1.8455607661325835,0.8077216285905287
2.0733940320616497,0.8466303660220028
2.329353165215711,0.8800018673834421
2.6169102854537,0.9079492470811242
2.9399661435534976,0.9307997185256214
3.3029030354176987,0.9490384344705235
3.710644248503383,0.9632485794906149
4.168720846874621,0.9740547403263676
4.683346700825936,0.9820748353315716
5.261502778863538,0.9878837088601654
5.911031845476362,0.9919893421963476
6.64074484928479,0.9948208505069301
7.4605404447366075,0.9967262254203196
8.381539268677866,0.9979771903417902
9.416234793278331,0.9987784819293742
10.578662801651687,0.9992792041205026
11.884591785129816,0.9995844467438713
13.351736844955687,0.9997659640351614
15.0,0.9998712568518795
