SA(1.0s) [g],Loss_ratio
0.05000000000000001,0.00021179529483379423
0.056172467201025755,0.0003681179138018409
0.06310692142900626,0.0006251244599139616
0.07089742948257126,0.0010379453863393728
0.07964967064493539,0.0016863038138329736
0.08948237023750269,0.0026827026996271656
0.10052891014472326,0.004182104051325448
0.11293913815718663,0.0063928005532436615
0.1268814006769336,0.009587797385515046
0.14254482635890514,0.014115491138328074
0.16014189166643014,0.020407773660931522
0.17991130314285533,0.028982984702196853
0.2021212354977168,0.04044055464018219
0.2270729694325259,0.055443964897464296
0.2551049785537617,0.07468909866909516
0.28659752081259104,0.09885640934377725
0.3219777967548112,0.12854769770941893
0.36172574455336326,0.1642114966490535
0.4063805504338082,0.2060646195271569
0.45654796280755766,0.25402054344277586
0.5129085093300529,0.3076370313585706
0.5762267283493882,0.36609491587631765
0.6473615399712076,0.42821684123930825
0.7272778974247632,0.4925291911433335
0.8170598767824696,0.5573633236483053
0.9179253825967483,0.6209850502394118
1.0312426689380967,0.6817356938475834
1.1585488999444697,0.7381654405095759
1.3015710016583038,0.7891407819334417
1.4622490880091454,0.8339124398139318
1.6427627787184707,0.8721372035577935
1.8455607661325835,0.9038549692905521
2.0733940320616497,0.9294292043419939
2.329353165215711,0.9494637081391261
2.6169102854537,0.964710217595328
2.9399661435534976,0.9759802139691022
3.3029030354176987,0.9840709700896434
3.710644248503383,0.9897115161048603
4.168720846874621,0.9935298888515338
4.683346700825936,0.9960395919677661
5.261502778863538,0.997641058423167
5.911031845476362,0.9986331048702304
6.64074484928479,0.9992296376752865
7.4605404447366075,0.9995778117251526
8.381539268677866,0.9997750502091417
9.416234793278331,0.9998834916421142
10.578662801651687,0.9999413523668177
11.884591785129816,0.9999713119404979
13.351736844955687,0.999986365178926
15.0,0.9999937043568324
