SA(1.0s) [g],Loss_ratio
0.05000000000000001,7.287434766745095e-10
0.056172467201025755,4.928724878228153e-09
0.06310692142900626,2.9712797916525702e-08
0.07089742948257126,1.5973212469377887e-07
0.07964967064493539,7.661362238842173e-07
0.08948237023750269,3.280598824789705e-06
0.10052891014472326,1.2550369821023867e-05
0.11293913815718663,4.293475585307461e-05
0.1268814006769336,0.00013149066581765736
0.14254482635890514,0.0003610118897125814
0.16014189166643014,0.0008901545614279029
0.17991130314285533,0.0019758072836460194
0.2021212354977168,0.003960324396935705
0.2270729694325259,0.0071999106335553014
0.2551049785537617,0.011946516101646756
0.28659752081259104,0.018254789253147705
0.3219777967548112,0.026019985748613656
0.36172574455336326,0.0352068584053549
0.4063805504338082,0.046205742786966444
0.45654796280755766,0.06013913018098237
0.5129085093300529,0.07894818374508127
0.5762267283493882,0.1052216172326651
0.6473615399712076,0.14185851381265255
0.7272778974247632,0.19163959687389204
0.8170598767824696,0.2566488350780283
0.9179253825967483,0.3374550494995384
1.0312426689380967,0.43219097180758714
1.1585488999444697,0.5360100429061863
1.3015710016583038,0.6414879663025042
1.4622490880091454,0.7401471087275575
1.6427627787184707,0.8246194378349903
1.8455607661325835,0.8905117184076787
2.0733940320616497,0.9371511058471824
2.329353165215711,0.9670020434711271
2.6169102854537,0.9842259255083624
2.9399661435534976,0.9931616309038748
3.3029030354176987,0.9973205038529809
3.710644248503383,0.9990537256701848
4.168720846874621,0.9996995170565336
4.683346700825936,0.999914372497913
5.261502778863538,0.9999781375574989
5.911031845476362,0.9999950053850292
6.64074484928479,0.9999989801129447
7.4605404447366075,0.9999998140219358
8.381539268677866,0.9999999697369932
9.416234793278331,0.9999999956082305
10.578662801651687,0.9999999994318994
11.884591785129816,0.9999999999345234
13.351736844955687,0.9999999999932785
15.0,0.9999999999993856
