SA(1.0s) [g],Loss_ratio
0.05000000000000001,1.053754962669351e-05
0.056172467201025755,1.9956460570019765e-05
0.06310692142900626,3.6778732893116833e-05
0.07089742948257126,6.59784542086872e-05
0.07964967064493539,0.00011525088110341254
0.08948237023750269,0.00019610738521947947
0.10052891014472326,0.00032520214424404116
0.11293913815718663,0.0005258501961750706
0.1268814006769336,0.0008296657547246124
0.14254482635890514,0.0012782359890018637
0.16014189166643014,0.0019247666126034292
0.17991130314285533,0.0028357065689283982
0.2021212354977168,0.0040924832571462505
0.2270729694325259,0.0057936396569634235
0.2551049785537617,0.00805781584890934
0.28659752081259104,0.011028089559373982
0.3219777967548112,0.014878099894063208
0.36172574455336326,0.019820052107071728
0.4063805504338082,0.026114107231359034
0.45654796280755766,0.0340778382654994
0.5129085093300529,0.04409351356662952
0.5762267283493882,0.056610163057280734
0.6473615399712076,0.07213696284926807
0.7272778974247632,0.09122470423999142
0.8170598767824696,0.11443318084983606
0.9179253825967483,0.14228426708628666
1.0312426689380967,0.17520309863031194
1.1585488999444697,0.2134527055081706
1.3015710016583038,0.25707011302277843
1.4622490880091454,0.30581365591038406
1.6427627787184707,0.35913145330017193
1.8455607661325835,0.41615930686980196
2.0733940320616497,0.4757527291317623
2.329353165215711,0.5365528458307434
2.6169102854537,0.5970804112603463
2.9399661435534976,0.6558472305727412
3.3029030354176987,0.7114709815727498
3.710644248503383,0.7627785502209772
4.168720846874621,0.808884794323754
4.683346700825936,0.8492377714234912
5.261502778863538,0.8836270223964493
5.911031845476362,0.9121573058075589
6.64074484928479,0.9351950548400771
7.4605404447366075,0.9532979066003451
8.381539268677866,0.9671385509700287
9.416234793278331,0.9774330075410268
10.578662801651687,0.98488082666474
11.884591785129816,0.9901214011467541
13.351736844955687,0.9937073365721494
15.0,0.9960932423609332
