SA(0.6s) [g],Loss_ratio
0.05000000000000001,3.720037888843564e-10
0.056172467201025755,1.7762769255469379e-09
0.06310692142900626,7.883458813529031e-09
0.07089742948257126,3.2527973009566225e-08
0.07964967064493539,1.248063562664381e-07
0.08948237023750269,4.454294415090487e-07
0.10052891014472326,1.4792061952040304e-06
0.11293913815718663,4.572558857973697e-06
0.1268814006769336,1.3163770967355992e-05
0.14254482635890514,3.531419213890219e-05
0.16014189166643014,8.834612700124312e-05
0.17991130314285533,0.00020630153122613295
0.2021212354977168,0.00045021365458619014
0.2270729694325259,0.0009196466522124803
0.2551049785537617,0.0017620301342794688
0.28659752081259104,0.003175383524062059
0.3219777967548112,0.005402107551084135
0.36172574455336326,0.008717832661015563
0.4063805504338082,0.013428238296633385
0.45654796280755766,0.019892927297548737
0.5129085093300529,0.02859177933943374
0.5762267283493882,0.0402317689049166
0.6473615399712076,0.055864700279847614
0.7272778974247632,0.07696008989257268
0.8170598767824696,0.1053663711736661
0.9179253825967483,0.1431072011580139
1.0312426689380967,0.19199958174987342
1.1585488999444697,0.25314093897763007
1.3015710016583038,0.3263798154668415
1.4622490880091454,0.4099362333644451
1.6427627787184707,0.5003420193255129
1.8455607661325835,0.5928037950003979
2.0733940320616497,0.6819570044887453
2.329353165215711,0.7628263007112438
2.6169102854537,0.8317103311304402
2.9399661435534976,0.886724956652903
3.3029030354176987,0.9278679589144356
3.710644248503383,0.9566475494580458
4.168720846874621,0.975458970074786
4.683346700825936,0.9869388691647335
5.261502778863538,0.9934748360166843
5.911031845476362,0.9969442043944409
6.64074484928479,0.99866015845164
7.4605404447366075,0.9994505633606132
8.381539268677866,0.9997894709906792
9.416234793278331,0.9999246851336838
10.578662801651687,0.9999748631318196
11.884591785129816,0.9999921778124329
13.351736844955687,0.9999977317558963
15.0,0.9999993873919161
