SA(1.0s) [g],Loss_ratio
0.05000000000000001,6.957949540081222e-05
0.056172467201025755,0.00011060479955288251
0.06310692142900626,0.00017329008660013078
0.07089742948257126,0.0002676803683313245
0.07964967064493539,0.0004077970177049528
0.08948237023750269,0.0006129177416045961
0.10052891014472326,0.0009091578754809316
0.11293913815718663,0.0013313860665994548
0.1268814006769336,0.0019254965100116207
0.14254482635890514,0.002751040806261401
0.16014189166643014,0.003884192381528734
0.17991130314285533,0.005420972311695327
0.2021212354977168,0.007480604958189918
0.2270729694325259,0.010208794296124209
0.2551049785537617,0.01378061935764351
0.28659752081259104,0.01840264630840064
0.3219777967548112,0.024313757237736155
0.36172574455336326,0.031784119472345676
0.4063805504338082,0.041111686690995415
0.45654796280755766,0.05261565921899253
0.5129085093300529,0.06662645855919358
0.5762267283493882,0.0834720058284822
0.6473615399712076,0.10346043696967738
0.7272778974247632,0.12685982209367383
0.8170598767824696,0.15387594298915896
0.9179253825967483,0.18462966191892644
1.0312426689380967,0.2191358116402932
1.1585488999444697,0.2572857721723923
1.3015710016583038,0.29883590490538503
1.4622490880091454,0.3434037446503144
1.6427627787184707,0.3904732982382412
1.8455607661325835,0.4394100025270851
2.0733940320616497,0.4894849381858208
2.329353165215711,0.539906896900301
2.6169102854537,0.5898599953296887
2.9399661435534976,0.6385438515257233
3.3029030354176987,0.6852129931736172
3.710644248503383,0.7292122093524042
4.168720846874621,0.7700049875775877
4.683346700825936,0.8071929357554176
5.261502778863538,0.840525065840305
5.911031845476362,0.8698968745288038
6.64074484928479,0.895340152864851
7.4605404447366075,0.9170052661270155
8.381539268677866,0.9351381801065599
9.416234793278331,0.95005473032632
10.578662801651687,0.9621145468404123
11.884591785129816,0.9716967109352568
13.351736844955687,0.9791787114367109
15.0,0.9849196789897968
