SA(1.0s) [g],Loss_ratio
0.05000000000000001,2.1463153324574603e-06
0.056172467201025755,6.1836872992382386e-06
0.06310692142900626,1.6697083566458162e-05
0.07089742948257126,4.2278081092328454e-05
0.07964967064493539,0.00010045529797663156
0.08948237023750269,0.00022417822236212026
0.10052891014472326,0.00047039510102035996
0.11293913815718663,0.0009294141275916546
0.1268814006769336,0.0017324184285222978
0.14254482635890514,0.00305399483433711
0.16014189166643014,0.005108139784821358
0.17991130314285533,0.008140649689178736
0.2021212354977168,0.012427018609426629
0.2270729694325259,0.018289534156825746
0.2551049785537617,0.0261455466901876
0.28659752081259104,0.036587857190797206
0.3219777967548112,0.05047931128068303
0.36172574455336326,0.06902368485513528
0.4063805504338082,0.09376314936973347
0.45654796280755766,0.1264568214128761
0.5129085093300529,0.1688183108125227
0.5762267283493882,0.22213052933709368
0.6473615399712076,0.28680560815164124
0.7272778974247632,0.36200266790067115
0.8170598767824696,0.4454365443121324
0.9179253825967483,0.5334865702108517
1.0312426689380967,0.6216390869542023
1.1585488999444697,0.705188479583695
1.3015710016583038,0.7800218273345538
1.4622490880091454,0.8432700931963576
1.6427627787184707,0.893649833997856
1.8455607661325835,0.9314284292647329
2.0733940320616497,0.9580730669321882
2.329353165215711,0.9757331019298205
2.6169102854537,0.9867251329498401
2.9399661435534976,0.9931459793783459
3.3029030354176987,0.9966639224264093
3.710644248503383,0.9984708818007646
4.168720846874621,0.9993405932878527
4.683346700825936,0.9997326907772617
5.261502778863538,0.999898209920763
5.911031845476362,0.9999636129179846
6.64074484928479,0.9999877963179059
7.4605404447366075,0.9999961618983833
8.381539268677866,0.9999988685662975
9.416234793278331,0.9999996874956366
10.578662801651687,0.9999999191566663
11.884591785129816,0.999999980417976
13.351736844955687,0.9999999955600763
15.0,0.9999999990579136
