SA(0.6s) [g],Loss_ratio
0.05000000000000001,2.0468470252055228e-10
0.056172467201025755,1.172451219444426e-09
0.06310692142900626,6.146761494241204e-09
0.07089742948257126,2.9502074416765114e-08
0.07964967064493539,1.2967094641380684e-07
0.08948237023750269,5.22115195822348e-07
0.10052891014472326,1.9266269242868004e-06
0.11293913815718663,6.5183939623847385e-06
0.1268814006769336,2.023188077406313e-05
0.14254482635890514,5.764633762055383e-05
0.16014189166643014,0.0001509012038904689
0.17991130314285533,0.0003632625374737464
0.2021212354977168,0.0008051500183367978
0.2270729694325259,0.0016455756343592921
0.2551049785537617,0.0031073323722174695
0.28659752081259104,0.005434955624132704
0.3219777967548112,0.008835570922123314
0.36172574455336326,0.013413643861053476
0.4063805504338082,0.019140610439510746
0.45654796280755766,0.025901915476430077
0.5129085093300529,0.03363589376295817
0.5762267283493882,0.04253001213993872
0.6473615399712076,0.053199533356630475
0.7272778974247632,0.06677236478354283
0.8170598767824696,0.08484702479439027
0.9179253825967483,0.10934711817209651
1.0312426689380967,0.14231841355933086
1.1585488999444697,0.1856832001146799
1.3015710016583038,0.24091594592402227
1.4622490880091454,0.3086038109779875
1.6427627787184707,0.3879443107730413
1.8455607661325835,0.4763656404229044
2.0733940320616497,0.5695224204674778
2.329353165215711,0.661831883453132
2.6169102854537,0.7474880966062366
2.9399661435534976,0.8216478760202233
3.3029030354176987,0.8813709779553239
3.710644248503383,0.9259919262015395
4.168720846874621,0.9568494383846321
4.683346700825936,0.9765613617586761
5.261502778863538,0.9881722620260602
5.911031845476362,0.9944686211186163
6.64074484928479,0.9976077401459011
7.4605404447366075,0.9990449283009455
8.381539268677866,0.9996485685814677
9.416234793278331,0.9998809724242139
10.578662801651687,0.999962934469437
11.884591785129816,0.9999893977716304
13.351736844955687,0.9999972165639675
15.0,0.9999993297612187
