SA(1.0s) [g],Loss_ratio
0.05000000000000001,9.238149750345758e-07
0.056172467201025755,2.128112651306191e-06
0.06310692142900626,4.727035847273964e-06
0.07089742948257126,1.0126485121852992e-05
0.07964967064493539,2.0927185432628726e-05
0.08948237023750269,4.173221297675833e-05
0.10052891014472326,8.033243746510265e-05
0.11293913815718663,0.0001493309824839473
0.1268814006769336,0.00026820463784911215
0.14254482635890514,0.0004656981405666006
0.16014189166643014,0.0007823241803702307
0.17991130314285533,0.0012726419963153936
0.2021212354977168,0.002006978536471327
0.2270729694325259,0.003072411983541207
0.2551049785537617,0.004573201766998952
0.28659752081259104,0.006631391705651196
0.3219777967548112,0.009388895680151022
0.36172574455336326,0.013012753853608611
0.4063805504338082,0.017705125052256833
0.45654796280755766,0.023718711993025856
0.5129085093300529,0.03137663121576744
0.5762267283493882,0.041093442335553204
0.6473615399712076,0.05339163875627557
0.7272778974247632,0.06890608628682102
0.8170598767824696,0.08836843864621753
0.9179253825967483,0.11256506208469741
1.0312426689380967,0.142265709485413
1.1585488999444697,0.17812583537642374
1.3015710016583038,0.22057220151058463
1.4622490880091454,0.269687920031805
1.6427627787184707,0.3251176058275314
1.8455607661325835,0.38601416991224313
2.0733940320616497,0.45104482460397266
2.329353165215711,0.5184650056635536
2.6169102854537,0.5862564827341143
2.9399661435534976,0.6523126047634707
3.3029030354176987,0.7146428187992448
3.710644248503383,0.7715634212434914
4.168720846874621,0.8218436819539298
4.683346700825936,0.8647856732795451
5.261502778863538,0.9002299226452801
5.911031845476362,0.9284936790763045
6.64074484928479,0.9502603705147042
7.4605404447366075,0.9664451004865523
8.381539268677866,0.9780610117683614
9.416234793278331,0.986106101074439
10.578662801651687,0.9914818939198297
11.884591785129816,0.9949468745786082
13.351736844955687,0.9971007749268566
15.0,0.9983918255775773
