SA(0.6s) [g],Loss_ratio
0.05000000000000001,2.3768721990613527e-10
0.056172467201025755,1.1197590965572602e-09
0.06310692142900626,4.918442497725551e-09
0.07089742948257126,2.014620549828372e-08
0.07964967064493539,7.696805630619253e-08
0.08948237023750269,2.743346928568702e-07
0.10052891014472326,9.12473140374237e-07
0.11293913815718663,2.8331050491992027e-06
0.1268814006769336,8.214184225829868e-06
0.14254482635890514,2.2248890336007412e-05
0.16014189166643014,5.632632373948066e-05
0.17991130314285533,0.00013336260008957603
0.2021212354977168,0.0002955244469399543
0.2270729694325259,0.0006134537677615071
0.2551049785537617,0.0011942449705540203
0.28659752081259104,0.0021835442132075557
0.3219777967548112,0.0037567770946749794
0.36172574455336326,0.006097504674647219
0.4063805504338082,0.00936796258766394
0.45654796280755766,0.013685939975786494
0.5129085093300529,0.01912828252626493
0.5762267283493882,0.025778634529477047
0.6473615399712076,0.033823046742325634
0.7272778974247632,0.04367573817235286
0.8170598767824696,0.056098124550536255
0.9179253825967483,0.07226668280860471
1.0312426689380967,0.093752263726715
1.1585488999444697,0.12238988765827499
1.3015710016583038,0.16003605107117225
1.4622490880091454,0.20822800343642534
1.6427627787184707,0.2677821907238412
1.8455607661325835,0.3384026262134707
2.0733940320616497,0.41840648391269863
2.329353165215711,0.5046884856212048
2.6169102854537,0.593009175092133
2.9399661435534976,0.6785984168825072
3.3029030354176987,0.756945677472072
3.710644248503383,0.8245610494577656
4.168720846874621,0.8794863581661486
4.683346700825936,0.9214231624588279
5.261502778863538,0.9514831597478417
5.911031845476362,0.9716899699404535
6.64074484928479,0.9844168851793074
7.4605404447366075,0.9919212452050139
8.381539268677866,0.9960608400095945
9.416234793278331,0.998195746596558
10.578662801651687,0.9992245459785255
11.884591785129816,0.9996875606752273
13.351736844955687,0.9998820866636092
15.0,0.9999583487212992
