SA(1.0s) [g],Loss_ratio
0.05000000000000001,0.00018391842346760504
0.056172467201025755,0.0002875407786315898
0.06310692142900626,0.00044347412758183883
0.07089742948257126,0.0006748642567672658
0.07964967064493539,0.0010135028754494624
0.08948237023750269,0.0015023480290462467
0.10052891014472326,0.0021984888645367687
0.11293913815718663,0.0031765161666559294
0.1268814006769336,0.004532200143945508
0.14254482635890514,0.0063862994022488295
0.16014189166643014,0.008888231930138985
0.17991130314285533,0.012219235867566658
0.2021212354977168,0.016594544926989148
0.2270729694325259,0.022264015499603707
0.2551049785537617,0.029510588956843015
0.28659752081259104,0.038645975374193495
0.3219777967548112,0.05000302546655142
0.36172574455336326,0.06392443298957379
0.4063805504338082,0.08074768774898052
0.45654796280755766,0.10078657275986917
0.5129085093300529,0.12430994305286366
0.5762267283493882,0.1515189940499387
0.6473615399712076,0.18252466365002007
0.7272778974247632,0.2173271435344752
0.8170598767824696,0.25579963151954954
0.9179253825967483,0.2976783810605631
1.0312426689380967,0.3425607654119769
1.1585488999444697,0.38991247806396423
1.3015710016583038,0.4390841848865318
1.4622490880091454,0.48933701294491605
1.6427627787184707,0.5398753211265807
1.8455607661325835,0.5898843755261406
2.0733940320616497,0.6385699663181948
2.329353165215711,0.6851967416796841
2.6169102854537,0.7291221416317324
2.9399661435534976,0.769823279672662
3.3029030354176987,0.8069148789495414
3.710644248503383,0.8401573164174001
4.168720846874621,0.8694548329456789
4.683346700825936,0.8948448976369037
5.261502778863538,0.9164804579937558
5.911031845476362,0.9346072870956448
6.64074484928479,0.9495388224983848
7.4605404447366075,0.9616307921787702
8.381539268677866,0.9712575912756619
9.416234793278331,0.9787918852349291
10.578662801651687,0.984588355420708
11.884591785129816,0.9889719525629275
13.351736844955687,0.9922305457003321
15.0,0.9946114910776412
