SA(0.6s) [g],Loss_ratio
0.05000000000000001,3.436384232724521e-10
0.056172467201025755,1.7688374487345726e-09
0.06310692142900626,8.40361507603582e-09
0.07089742948257126,3.685837419165061e-08
0.07964967064493539,1.4928357400245673e-07
0.08948237023750269,5.585019131337799e-07
0.10052891014472326,1.930746645373294e-06
0.11293913815718663,6.1700599790159846e-06
0.1268814006769336,1.8235674348460187e-05
0.14254482635890514,4.987274412887044e-05
0.16014189166643014,0.00012629851781412735
0.17991130314285533,0.0002963914906123411
0.2021212354977168,0.0006451678439148513
0.2270729694325259,0.0013041051083252987
0.2551049785537617,0.0024512644601981494
0.28659752081259104,0.004291970557280978
0.3219777967548112,0.007015532869400771
0.36172574455336326,0.01073548142496577
0.4063805504338082,0.015436156499401405
0.45654796280755766,0.02095804698285296
0.5129085093300529,0.027048467093585986
0.5762267283493882,0.03348070636158787
0.6473615399712076,0.040212884303270156
0.7272778974247632,0.04753432807849296
0.8170598767824696,0.05614700119916891
0.9179253825967483,0.06715507765856539
1.0312426689380967,0.08197477773186504
1.1585488999444697,0.10220628248699117
1.3015710016583038,0.1295084729039805
1.4622490880091454,0.16548083031676
1.6427627787184707,0.21150816684003998
1.8455607661325835,0.2685062620100286
2.0733940320616497,0.3365534287387678
2.329353165215711,0.41449362627110814
2.6169102854537,0.4996895732356612
2.9399661435534976,0.5881146191788338
3.3029030354176987,0.674868040499592
3.710644248503383,0.7550210305275574
4.168720846874621,0.8245426605094596
4.683346700825936,0.8810038522756306
5.261502778863538,0.9238422247001634
5.911031845476362,0.9541469890982375
6.64074484928479,0.9741005874456712
7.4605404447366075,0.9863097051365243
8.381539268677866,0.9932423335511992
9.416234793278331,0.9968910005485988
10.578662801651687,0.9986690184645912
11.884591785129816,0.9994705358633437
13.351736844955687,0.9998045268317884
15.0,0.9999330926998253
