SA(1.0s) [g],Loss_ratio
0.05000000000000001,1.9946438024998072e-06
0.056172467201025755,7.5123414615296815e-06
0.06310692142900626,2.553510223763933e-05
0.07089742948257126,7.84236044987119e-05
0.07964967064493539,0.00021794772671431263
0.08948237023750269,0.0005491932016663093
0.10052891014472326,0.0012582153248584136
0.11293913815718663,0.002630805610529941
0.1268814006769336,0.0050468130217421366
0.14254482635890514,0.008947482730511368
0.16014189166643014,0.014804249359698624
0.17991130314285533,0.023146595221949718
0.2021212354977168,0.0346987292142273
0.2270729694325259,0.050611764164656826
0.2551049785537617,0.07268817895584838
0.28659752081259104,0.10343869256364423
0.3219777967548112,0.14582736041397026
0.36172574455336326,0.20264078750627174
0.4063805504338082,0.2755408984317103
0.45654796280755766,0.36402466565471225
0.5129085093300529,0.46468814393122054
0.5762267283493882,0.5712547219530806
0.6473615399712076,0.6756255271808779
0.7272778974247632,0.7697426423740111
0.8170598767824696,0.8475770470189335
0.9179253825967483,0.9064146305611354
1.0312426689380967,0.9469570115574514
1.1585488999444697,0.9723610646456836
1.3015710016583038,0.986807064909599
1.4622490880091454,0.9942488124750082
1.6427627787184707,0.9977163524214292
1.8455607661325835,0.9991758953033893
2.0733940320616497,0.99973023277309
2.329353165215711,0.9999200262991131
2.6169102854537,0.9999785581375292
2.9399661435534976,0.9999948068144766
3.3029030354176987,0.9999988648884321
3.710644248503383,0.9999997762719612
4.168720846874621,0.9999999602644677
4.683346700825936,0.9999999936443384
5.261502778863538,0.999999999084937
5.911031845476362,0.9999999998814592
6.64074484928479,0.999999999986188
7.4605404447366075,0.9999999999985529
8.381539268677866,0.9999999999998637
9.416234793278331,0.9999999999999885
10.578662801651687,0.9999999999999991
11.884591785129816,1.0
13.351736844955687,1.0
15.0,1.0
