SA(1.0s) [g],Loss_ratio
0.05000000000000001,9.80981306741846e-09
0.056172467201025755,4.613007222320498e-08
0.06310692142900626,1.985468298382198e-07
0.07089742948257126,7.824470370176861e-07
0.07964967064493539,2.824515463356603e-06
0.08948237023750269,9.34427485415612e-06
0.10052891014472326,2.834748782448715e-05
0.11293913815718663,7.891399543313304e-05
0.1268814006769336,0.00020175671918291617
0.14254482635890514,0.00047421810242845314
0.16014189166643014,0.001025998395130301
0.17991130314285533,0.0020464887697622114
0.2021212354977168,0.0037707096696893874
0.2270729694325259,0.006434240644671773
0.2551049785537617,0.010202376412730989
0.28659752081259104,0.01510165268940655
0.3219777967548112,0.020999223018627132
0.36172574455336326,0.02767008673344197
0.4063805504338082,0.03495716769961733
0.45654796280755766,0.042979095948410775
0.5129085093300529,0.052305812542262665
0.5762267283493882,0.06402922545875289
0.6473615399712076,0.07970541681739306
0.7272778974247632,0.10120436977551032
0.8170598767824696,0.13052693249243902
0.9179253825967483,0.16961299892683632
1.0312426689380967,0.22009755137191256
1.1585488999444697,0.28294309712387106
1.3015710016583038,0.35794572273754893
1.4622490880091454,0.44325751336258834
1.6427627787184707,0.5351858636856934
1.8455607661325835,0.6285049797043446
2.0733940320616497,0.7173194982146168
2.329353165215711,0.7962514647478245
2.6169102854537,0.8615398293956583
2.9399661435534976,0.9116600885042151
3.3029030354176987,0.9472830522932452
3.710644248503383,0.9706745066720887
4.168720846874621,0.9848380862767782
4.683346700825936,0.9927331090979352
5.261502778863538,0.9967785603217982
5.911031845476362,0.9986816994494412
6.64074484928479,0.9995028127739725
7.4605404447366075,0.9998274351774007
8.381539268677866,0.9999449457431041
9.416234793278331,0.9999838714150295
10.578662801651687,0.9999956649145061
11.884591785129816,0.9999989317259527
13.351736844955687,0.9999997587941654
15.0,0.9999999501241297
