SA(1.0s) [g],Loss_ratio
0.05000000000000001,4.880569240296451e-05
0.056172467201025755,7.910886620516867e-05
0.06310692142900626,0.0001260055815919925
0.07089742948257126,0.00019729212591448333
0.07964967064493539,0.00030377267093457114
0.08948237023750269,0.00046013987403660246
0.10052891014472326,0.0006860206282300885
0.11293913815718663,0.0010072000192435705
0.1268814006769336,0.0014570403455510528
0.14254482635890514,0.0020781191517700746
0.16014189166643014,0.002924119283916943
0.17991130314285533,0.004062011291266033
0.2021212354977168,0.005574567566653882
0.2270729694325259,0.007563229384493342
0.2551049785537617,0.010151302133778385
0.28659752081259104,0.013487371358248863
0.3219777967548112,0.01774870806033717
0.36172574455336326,0.0231442698567574
0.4063805504338082,0.029916720522888955
0.45654796280755766,0.03834271322380939
0.5129085093300529,0.04873055357916253
0.5762267283493882,0.06141432634762076
0.6473615399712076,0.07674368145161532
0.7272778974247632,0.09506876617612857
0.8170598767824696,0.11672027069252648
0.9179253825967483,0.1419851985727839
1.0312426689380967,0.17107971764980495
1.1585488999444697,0.20412118727240572
1.3015710016583038,0.24110206838726916
1.4622490880091454,0.28186877095921425
1.6427627787184707,0.3261084682227343
1.8455607661325835,0.37334644587468513
2.0733940320616497,0.42295566152347985
2.329353165215711,0.47417894801883287
2.6169102854537,0.526162857929944
2.9399661435534976,0.578000719694105
3.3029030354176987,0.6287812787746685
3.710644248503383,0.6776385246684096
4.168720846874621,0.7237980890285732
4.683346700825936,0.766615983899148
5.261502778863538,0.8056063750862558
5.911031845476362,0.8404564080538556
6.64074484928479,0.8710276156157022
7.4605404447366075,0.8973449099523794
8.381539268677866,0.9195753886044037
9.416234793278331,0.938000013608109
10.578662801651687,0.9529815811530098
11.884591785129816,0.9649322948068686
13.351736844955687,0.9742837680918168
15.0,0.9814615389375563
