SA(1.0s) [g],Loss_ratio
0.05000000000000001,2.2951845482854783e-05
0.056172467201025755,4.219705043632116e-05
0.06310692142900626,7.561490554710559e-05
0.07089742948257126,0.0001321311794615532
0.07964967064493539,0.0002252786612233382
0.08948237023750269,0.00037500067835578025
0.10052891014472326,0.0006099032676001148
0.11293913815718663,0.0009699911917225191
0.1268814006769336,0.0015099247943885677
0.14254482635890514,0.0023028515773274474
0.16014189166643014,0.003444896674720777
0.17991130314285533,0.005060424741341374
0.2021212354977168,0.007308178691142298
0.2270729694325259,0.010388307905132023
0.2551049785537617,0.014550063357234806
0.28659752081259104,0.020099517744960212
0.3219777967548112,0.02740606674850541
0.36172574455336326,0.036905756155154026
0.4063805504338082,0.04909881901871831
0.45654796280755766,0.06453843451622696
0.5129085093300529,0.08380790601887095
0.5762267283493882,0.1074844273413823
0.6473615399712076,0.13608945396421865
0.7272778974247632,0.17002829130250297
0.8170598767824696,0.2095244662761815
0.9179253825967483,0.2545571452909182
1.0312426689380967,0.30481157226362326
1.1585488999444697,0.359652565083505
1.3015710016583038,0.4181291441078119
1.4622490880091454,0.47901443087493634
1.6427627787184707,0.5408796158887702
1.8455607661325835,0.6021950489622641
2.0733940320616497,0.6614465674381476
2.329353165215711,0.717252171058962
2.6169102854537,0.7684638076144398
2.9399661435534976,0.8142414761798422
3.3029030354176987,0.8540915597971664
3.710644248503383,0.8878672293254068
4.168720846874621,0.9157346439427182
4.683346700825936,0.9381133392768061
5.261502778863538,0.9556018512309853
5.911031845476362,0.9689000181470753
6.64074484928479,0.9787378106558698
7.4605404447366075,0.9858176145545662
8.381539268677866,0.9907734542034503
9.416234793278331,0.9941474458751614
10.578662801651687,0.9963813418244587
11.884591785129816,0.9978196047168099
13.351736844955687,0.9987200073254406
15.0,0.999268066358111
