SA(0.3s) [g],Loss_ratio
0.05000000000000001,8.843555120985336e-08
0.056172467201025755,2.3523702419314674e-07
0.06310692142900626,6.00790172444743e-07
0.07089742948257126,1.4735527787246295e-06
0.07964967064493539,3.4716613441065916e-06
0.08948237023750269,7.85887270786101e-06
0.10052891014472326,1.709940496199547e-05
0.11293913815718663,3.577472361392942e-05
0.1268814006769336,7.200462837372858e-05
0.14254482635890514,0.00013950653645553035
0.16014189166643014,0.00026037434231593326
0.17991130314285533,0.0004685573025617673
0.2021212354977168,0.0008138929223415192
0.2270729694325259,0.0013664571601911314
0.2551049785537617,0.002221034613809436
0.28659752081259104,0.0035017728082023473
0.3219777967548112,0.0053675923546320295
0.36172574455336326,0.008019556962339575
0.4063805504338082,0.011711850139839143
0.45654796280755766,0.016767790018925845
0.5129085093300529,0.023600971377571865
0.5762267283493882,0.03273894124961374
0.6473615399712076,0.044843102712617364
0.7272778974247632,0.06071478454999123
0.8170598767824696,0.08127516523968083
0.9179253825967483,0.10750770519089381
1.0312426689380967,0.14035712467258699
1.1585488999444697,0.18058876407503782
1.3015710016583038,0.22862471007093116
1.4622490880091454,0.2843850938264783
1.6427627787184707,0.3471703242317166
1.8455607661325835,0.41561901985090627
2.0733940320616497,0.4877653358510324
2.329353165215711,0.5611996455943574
2.6169102854537,0.6333127749741179
2.9399661435534976,0.701582925218869
3.3029030354176987,0.763852649109091
3.710644248503383,0.8185447752004215
4.168720846874621,0.8647807918234341
4.683346700825936,0.9023884331764717
5.261502778863538,0.9318099628744249
5.911031845476362,0.9539418462012168
6.64074484928479,0.969945536898397
7.4605404447366075,0.9810671350913346
8.381539268677866,0.9884933297493665
9.416234793278331,0.9932569059472601
10.578662801651687,0.9961917888777443
11.884591785129816,0.9979282666768421
13.351736844955687,0.998914783014085
15.0,0.9994528507582564
