SA(1.0s) [g],Loss_ratio
0.05000000000000001,0.0001255934545116799
0.056172467201025755,0.00018940131517372616
0.06310692142900626,0.00028230359262983455
0.07089742948257126,0.0004159766703065893
0.07964967064493539,0.0006060990879961647
0.08948237023750269,0.0008734605994054123
0.10052891014472326,0.0012452875878611381
0.11293913815718663,0.001756796651370002
0.1268814006769336,0.0024529765231048216
0.14254482635890514,0.003390581111895702
0.16014189166643014,0.0046402921840355054
0.17991130314285533,0.006288978246978933
0.2021212354977168,0.008441936416105073
0.2270729694325259,0.011224957464579532
0.2551049785537617,0.014786003491074829
0.28659752081259104,0.01929623729110775
0.3219777967548112,0.024950099339720495
0.36172574455336326,0.03196410101291684
0.4063805504338082,0.04057400133209628
0.45654796280755766,0.051030069261228536
0.5129085093300529,0.06359021297839651
0.5762267283493882,0.07851088650012533
0.6473615399712076,0.09603586175540327
0.7272778974247632,0.11638317245544091
0.8170598767824696,0.1397307783582313
0.9179253825967483,0.16620174034940272
1.0312426689380967,0.19584990771828148
1.1585488999444697,0.228647266104291
1.3015710016583038,0.2644741469273237
1.4622490880091454,0.30311343315783607
1.6427627787184707,0.3442497008273533
1.8455607661325835,0.38747391558915606
2.0733940320616497,0.43229388141650826
2.329353165215711,0.47815015316374376
2.6169102854537,0.5244366276694494
2.9399661435534976,0.5705245767906673
3.3029030354176987,0.6157885356404602
3.710644248503383,0.6596322555210986
4.168720846874621,0.7015129014788072
4.683346700825936,0.7409618250963201
5.261502778863538,0.7776005570872508
5.911031845476362,0.8111511038128068
6.64074484928479,0.8414401442957106
7.4605404447366075,0.8683972496806525
8.381539268677866,0.892047726775625
9.416234793278331,0.9125010720653086
10.578662801651687,0.9299362786318913
11.884591785129816,0.9445853507207429
13.351736844955687,0.9567163531840006
15.0,0.9666171760096531
