SA(0.6s) [g],Loss_ratio
0.05000000000000001,3.3489622741633694e-10
0.056172467201025755,1.674736049839254e-09
0.06310692142900626,7.753010650146663e-09
0.07089742948257126,3.3233526564036e-08
0.07964967064493539,1.319386662368416e-07
0.08948237023750269,4.852672748412168e-07
0.10052891014472326,1.654040887705266e-06
0.11293913815718663,5.226784814671426e-06
0.1268814006769336,1.531942314532686e-05
0.14254482635890514,4.166802984343909e-05
0.16014189166643014,0.00010524395717123604
0.17991130314285533,0.0002470404283498595
0.2021212354977168,0.0005394378470898797
0.2270729694325259,0.0010971242827280737
0.2551049785537617,0.002081639803957636
0.28659752081259104,0.003692351589199622
0.3219777967548112,0.0061399809824268905
0.36172574455336326,0.009608235623999423
0.4063805504338082,0.014221980135418734
0.45654796280755766,0.02004902353020335
0.5129085093300529,0.027157966523916062
0.5762267283493882,0.035733434516442196
0.6473615399712076,0.04622041382511274
0.7272778974247632,0.05944774942707666
0.8170598767824696,0.07668067389639208
0.9179253825967483,0.09957247300762605
1.0312426689380967,0.1300101278056788
1.1585488999444697,0.16986163391526024
1.3015710016583038,0.2206345586886404
1.4622490880091454,0.28306660836248054
1.6427627787184707,0.3567087989164928
1.8455607661325835,0.439620926830285
2.0733940320616497,0.5283335301423671
2.329353165215711,0.6181908892050579
2.6169102854537,0.7040652364228318
2.9399661435534976,0.7812732975444283
3.3029030354176987,0.8464189884484306
3.710644248503383,0.8978972834672987
4.168720846874621,0.9359246914583589
4.683346700825936,0.9621441612995565
5.261502778863538,0.9789945183014221
5.911031845476362,0.9890760292754387
6.64074484928479,0.9946853205219137
7.4605404447366075,0.997584972937455
8.381539268677866,0.9989764620843955
9.416234793278331,0.9995958981199238
10.578662801651687,0.9998515359837029
11.884591785129816,0.9999492897902763
13.351736844955687,0.9999839095444911
15.0,0.999995260393873
