SA(1.0s) [g],Loss_ratio
0.05000000000000001,5.656350092547724e-06
0.056172467201025755,1.1043803053056857e-05
0.06310692142900626,2.0979666562898068e-05
0.07089742948257126,3.87890665772106e-05
0.07964967064493539,6.982442685242174e-05
0.08948237023750269,0.0001224268529728012
0.10052891014472326,0.00020918641251611582
0.11293913815718663,0.00034852305413201614
0.1268814006769336,0.0005665884024990076
0.14254482635890514,0.0008994715343511928
0.16014189166643014,0.001395691774443486
0.17991130314285533,0.0021189917650515037
0.2021212354977168,0.003151511541795049
0.2270729694325259,0.004597520936902011
0.2551049785537617,0.006587981886787376
0.28659752081259104,0.009286246512778462
0.3219777967548112,0.01289509447430437
0.36172574455336326,0.017664998370091417
0.4063805504338082,0.023902935908557653
0.45654796280755766,0.03198026822032709
0.5129085093300529,0.042337298596813705
0.5762267283493882,0.05548134212240632
0.6473615399712076,0.07197477588061152
0.7272778974247632,0.09240991111087903
0.8170598767824696,0.11736885378819423
0.9179253825967483,0.1473688283934884
1.0312426689380967,0.18279649359764522
1.1585488999444697,0.22383805732169754
1.3015710016583038,0.27041476567353767
1.4622490880091454,0.3221347965734636
1.6427627787184707,0.37827208432740067
1.8455607661325835,0.43777985053039725
2.0733940320616497,0.4993418503264966
2.329353165215711,0.5614583339666049
2.6169102854537,0.6225576551148433
2.9399661435534976,0.681119652620344
3.3029030354176987,0.7357945125409954
3.710644248503383,0.7855013889247264
4.168720846874621,0.8294945364734915
4.683346700825936,0.8673903141153975
5.261502778863538,0.8991549085829086
5.911031845476362,0.925058616044277
6.64074484928479,0.9456068442764072
7.4605404447366075,0.9614599888295647
8.381539268677866,0.9733539299494485
9.416234793278331,0.9820305662695124
10.578662801651687,0.9881843564337686
11.884591785129816,0.9924271709839836
13.351736844955687,0.9952706066184364
15.0,0.997122737935237
