SA(0.6s) [g],Loss_ratio
0.05000000000000001,2.387060095143667e-07
0.056172467201025755,6.900257117636865e-07
0.06310692142900626,1.8957796602103727e-06
0.07089742948257126,4.953045448136128e-06
0.07964967064493539,1.2314302661620146e-05
0.08948237023750269,2.9157630836179615e-05
0.10052891014472326,6.58149049771184e-05
0.11293913815718663,0.0001417871498521739
0.1268814006769336,0.0002919449096794313
0.14254482635890514,0.0005754917856224951
0.16014189166643014,0.0010881629415835869
0.17991130314285533,0.00197800127682507
0.2021212354977168,0.0034649970855174183
0.2270729694325259,0.00586489853472486
0.2551049785537617,0.009617335253665926
0.28659752081259104,0.015317394602276341
0.3219777967548112,0.023747069357166674
0.36172574455336326,0.03589801999333983
0.4063805504338082,0.05297054697287189
0.45654796280755766,0.07632814336424218
0.5129085093300529,0.1073868005154948
0.5762267283493882,0.14742778120043198
0.6473615399712076,0.19734361389666347
0.7272778974247632,0.25735602721073664
0.8170598767824696,0.3267717949021121
0.9179253825967483,0.403854907650922
1.0312426689380967,0.4858803325994
1.1585488999444697,0.5693938569848993
1.3015710016583038,0.6506444351538307
1.4622490880091454,0.7261002963565889
1.6427627787184707,0.7929297700836642
1.8455607661325835,0.8493356703163193
2.0733940320616497,0.8946759654826936
2.329353165215711,0.9293663096871106
2.6169102854537,0.9546179817374367
2.9399661435534976,0.9720982269684981
3.3029030354176987,0.9836014767881072
3.710644248503383,0.9907954150077088
4.168720846874621,0.9950696494939656
4.683346700825936,0.997481667458438
5.261502778863538,0.9987741637315505
5.911031845476362,0.999431685563255
6.64074484928479,0.9997491807204373
7.4605404447366075,0.9998946701548381
8.381539268677866,0.9999579289987727
9.416234793278331,0.999984022989452
10.578662801651687,0.9999942330577947
11.884591785129816,0.9999980221054525
13.351736844955687,0.9999993556074044
15.0,0.9999998006201563
