SA(0.6s) [g],Loss_ratio
0.05000000000000001,2.5631248367019578e-06
0.056172467201025755,6.710179006480522e-06
0.06310692142900626,1.666943030123602e-05
0.07089742948257126,3.932501691070178e-05
0.07964967064493539,8.818511662568862e-05
0.08948237023750269,0.00018819661405611865
0.10052891014472326,0.0003827767883422373
0.11293913815718663,0.0007432929535886813
0.1268814006769336,0.0013809371008848216
0.14254482635890514,0.002460788377132378
0.16014189166643014,0.00421808504342473
0.17991130314285533,0.006977414902073753
0.2021212354977168,0.011176268308092747
0.2270729694325259,0.01739412270809054
0.2551049785537617,0.026385520701813017
0.28659752081259104,0.03910955055189622
0.3219777967548112,0.05673952948642885
0.36172574455336326,0.08062883947185585
0.4063805504338082,0.11220718943137506
0.45654796280755766,0.15279149693403699
0.5129085093300529,0.20331921800977326
0.5762267283493882,0.2640451358804825
0.6473615399712076,0.3342742048810591
0.7272778974247632,0.4122179920601381
0.8170598767824696,0.49504815397105384
0.9179253825967483,0.5791748310026186
1.0312426689380967,0.6607125495205888
1.1585488999444697,0.736034395660489
1.3015710016583038,0.802282073747999
1.4622490880091454,0.8577100759789474
1.6427627787184707,0.9017934348738152
1.8455607661325835,0.9351000029553119
2.0733940320616497,0.9589920730538708
2.329353165215711,0.9752563482651045
2.6169102854537,0.9857586714133711
2.9399661435534976,0.9921890843856279
3.3029030354176987,0.9959211185034456
3.710644248503383,0.9979735606205143
4.168720846874621,0.9990428446080756
4.683346700825936,0.9995704408133175
5.261502778863538,0.9998169291696192
5.911031845476362,0.9999259441023766
6.64074484928479,0.9999715779623342
7.4605404447366075,0.9999896548719307
8.381539268677866,0.9999964301597754
9.416234793278331,0.9999988325017003
10.578662801651687,0.9999996382286823
11.884591785129816,0.9999998938132642
13.351736844955687,0.9999999704836057
15.0,0.9999999922317805
