SA(0.6s) [g],Loss_ratio
0.05000000000000001,4.619830629160049e-11
0.056172467201025755,2.3947414051761487e-10
0.06310692142900626,1.1546527678429897e-09
0.07089742948257126,5.179374318320385e-09
0.07964967064493539,2.1618162188152826e-08
0.08948237023750269,8.397876707921804e-08
0.10052891014472326,3.036941917333724e-07
0.11293913815718663,1.0226870203355888e-06
0.1268814006769336,3.207972422980543e-06
0.14254482635890514,9.377049959025107e-06
0.16014189166643014,2.5553193499633367e-05
0.17991130314285533,6.495318594492706e-05
0.2021212354977168,0.0001541037127466949
0.2270729694325259,0.00034152875427270746
0.2551049785537617,0.0007077365146463732
0.28659752081259104,0.0013730611303587438
0.3219777967548112,0.0024979588140142733
0.36172574455336326,0.004270550577259163
0.4063805504338082,0.006880561794012175
0.45654796280755766,0.01048760467496161
0.5129085093300529,0.015201791640891471
0.5762267283493882,0.021099567942852584
0.6473615399712076,0.02829117608879301
0.7272778974247632,0.03703722120072987
0.8170598767824696,0.047887199911515986
0.9179253825967483,0.06179441446398231
1.0312426689380967,0.08015865724947409
1.1585488999444697,0.10476056332921008
1.3015710016583038,0.1375716018144992
1.4622490880091454,0.18044385604885238
1.6427627787184707,0.23470538422583082
1.8455607661325835,0.30071809458611376
2.0733940320616497,0.37749679365227246
2.329353165215711,0.4625216897691551
2.6169102854537,0.5518681685361237
2.9399661435534976,0.6407028704939384
3.3029030354176987,0.7240674698069971
3.710644248503383,0.797746827999257
4.168720846874621,0.8589650538708029
4.683346700825936,0.906707851112546
5.261502778863538,0.9416094858242732
5.911031845476362,0.9654981990613932
6.64074484928479,0.980791885285386
7.4605404447366075,0.9899418806068547
8.381539268677866,0.9950537588126344
9.416234793278331,0.9977187214091812
10.578662801651687,0.9990143678026514
11.884591785129816,0.9996014926531473
13.351736844955687,0.9998493569966987
15.0,0.9999468005147046
