SA(1.0s) [g],Loss_ratio
0.05000000000000001,0.0004008335834661481
0.056172467201025755,0.0005888471433899645
0.06310692142900626,0.0008557663023291696
0.07089742948257126,0.0012304505717962656
0.07964967064493539,0.0017505267415322211
0.08948237023750269,0.002464364039612188
0.10052891014472326,0.0034332472654194533
0.11293913815718663,0.004733676415121879
0.1268814006769336,0.0064596818471030935
0.14254482635890514,0.00872499943727172
0.16014189166643014,0.011664903432884073
0.17991130314285533,0.015437450330270608
0.2021212354977168,0.020223851072146238
0.2270729694325259,0.02622766838771273
0.2551049785537617,0.03367253899451957
0.28659752081259104,0.04279815413022961
0.3219777967548112,0.05385430242307754
0.36172574455336326,0.06709288944133006
0.4063805504338082,0.08275799707790471
0.45654796280755766,0.10107422652562179
0.5129085093300529,0.12223376835774238
0.5762267283493882,0.14638284388745237
0.6473615399712076,0.17360834091110194
0.7272778974247632,0.2039255994209429
0.8170598767824696,0.2372683651979447
0.9179253825967483,0.2734819022615677
1.0312426689380967,0.3123201279966218
1.1585488999444697,0.3534474074349094
1.3015710016583038,0.39644532827359336
1.4622490880091454,0.4408244008538742
1.6427627787184707,0.4860402229810596
1.8455607661325835,0.5315132601251182
2.0733940320616497,0.5766510604634519
2.329353165215711,0.6208714901379477
2.6169102854537,0.6636254656800694
2.9399661435534976,0.7044176921953871
3.3029030354176987,0.742824085398448
3.710644248503383,0.7785048442970889
4.168720846874621,0.8112125166575359
4.683346700825936,0.8407948193499687
5.261502778863538,0.8671923946673467
5.911031845476362,0.8904320585810607
6.64074484928479,0.910616392392884
7.4605404447366075,0.9279107219753077
8.381539268677866,0.9425286092339006
9.416234793278331,0.9547169527897518
10.578662801651687,0.9647416751054896
11.884591785129816,0.9728747856205181
13.351736844955687,0.979383382373559
15.0,0.9845209166014504
