SA(1.0s) [g],Loss_ratio
0.05000000000000001,1.9400447364831266e-05
0.056172467201025755,3.777002061899904e-05
0.06310692142900626,7.123226511753788e-05
0.07089742948257126,0.0001301967308867891
0.07964967064493539,0.0002307575439048193
0.08948237023750269,0.00039685309792844017
0.10052891014472326,0.0006627701250961404
0.11293913815718663,0.001075875272050364
0.1268814006769336,0.0016994499795271345
0.14254482635890514,0.0026155774543479395
0.16014189166643014,0.003928205566099491
0.17991130314285533,0.005766769194049699
0.2021212354977168,0.00829102299165741
0.2270729694325259,0.011697870616209393
0.2551049785537617,0.01623080084640119
0.28659752081259104,0.022191895653690327
0.3219777967548112,0.029955200504223428
0.36172574455336326,0.039978660020522964
0.4063805504338082,0.052810157525586925
0.45654796280755766,0.06908198166625526
0.5129085093300529,0.089487888806112
0.5762267283493882,0.11473835648602546
0.6473615399712076,0.14549285468754103
0.7272778974247632,0.18227275075255303
0.8170598767824696,0.2253640163920711
0.9179253825967483,0.27472395679503375
1.0312426689380967,0.32990924930866133
1.1585488999444697,0.3900423561516524
1.3015710016583038,0.45382917896858627
1.4622490880091454,0.519632947542265
1.6427627787184707,0.5855991645922676
1.8455607661325835,0.6498162045993119
2.0733940320616497,0.7104884239199338
2.329353165215711,0.7660954717942488
2.6169102854537,0.8155138639839876
2.9399661435534976,0.8580842832997945
3.3029030354176987,0.8936186394276335
3.710644248503383,0.9223520023449168
4.168720846874621,0.9448534930925487
4.683346700825936,0.961915234566418
5.261502778863538,0.9744389313521301
5.911031845476362,0.9833362049997717
6.64074484928479,0.9894529703901379
7.4605404447366075,0.9935216989500447
8.381539268677866,0.9961399105515096
9.416234793278331,0.9977695891557266
10.578662801651687,0.9987506521017899
11.884591785129816,0.9993217886427408
13.351736844955687,0.9996432918149903
15.0,0.999818272522574
