SA(1.0s) [g],Loss_ratio
0.05000000000000001,3.48915529900351e-05
0.056172467201025755,6.518050170583045e-05
0.06310692142900626,0.00011872485405846623
0.07089742948257126,0.00021099260523170795
0.07964967064493539,0.00036609248282600817
0.08948237023750269,0.0006206216461198399
0.10052891014472326,0.0010287351426897353
0.11293913815718663,0.0016686134801292055
0.1268814006769336,0.0026504346120391265
0.14254482635890514,0.004125820564662913
0.16014189166643014,0.0062984961138323305
0.17991130314285533,0.009435534645733356
0.2021212354977168,0.013878053623513914
0.2270729694325259,0.020049572392720805
0.2551049785537617,0.028459533797148336
0.28659752081259104,0.039698877500424445
0.3219777967548112,0.05442428097725252
0.36172574455336326,0.07332804691325386
0.4063805504338082,0.09709187627037254
0.45654796280755766,0.12632504469893388
0.5129085093300529,0.16149065791283576
0.5762267283493882,0.2028272309216747
0.6473615399712076,0.2502760405370978
0.7272778974247632,0.30342659902347985
0.8170598767824696,0.3614923327574532
0.9179253825967483,0.423325647028377
1.0312426689380967,0.4874761620756375
1.1585488999444697,0.5522888692211296
1.3015710016583038,0.6160317078618383
1.4622490880091454,0.6770362670647601
1.6427627787184707,0.733832409284049
1.8455607661325835,0.7852583859242228
2.0733940320616497,0.8305323489098846
2.329353165215711,0.8692780570415191
2.6169102854537,0.9015054287548878
2.9399661435534976,0.9275536592673942
3.3029030354176987,0.94800948689015
3.710644248503383,0.9636151186470169
4.168720846874621,0.9751793497742836
4.683346700825936,0.9835022335186313
5.261502778863538,0.989319344849474
5.911031845476362,0.9932673341978663
6.64074484928479,0.9958689399040965
7.4605404447366075,0.9975333818602266
8.381539268677866,0.9985671540792207
9.416234793278331,0.9991904291274448
10.578662801651687,0.9995551873032714
11.884591785129816,0.9997623799489992
13.351736844955687,0.9998766054138456
15.0,0.9999377203920244
