SA(0.6s) [g],Loss_ratio
0.05000000000000001,4.719825308363568e-10
0.056172467201025755,2.1608204892054065e-09
0.06310692142900626,9.222434899092137e-09
0.07089742948257126,3.670197293303979e-08
0.07964967064493539,1.3622097004284407e-07
0.08948237023750269,4.716459894138492e-07
0.10052891014472326,1.523800967334621e-06
0.11293913815718663,4.595374957705456e-06
0.1268814006769336,1.2940677960371351e-05
0.14254482635890514,3.4042854006299804e-05
0.16014189166643014,8.370471942004132e-05
0.17991130314285533,0.00019248268970821215
0.2021212354977168,0.00041425214817902845
0.2270729694325259,0.0008351180714499696
0.2551049785537617,0.0015787175453084836
0.28659752081259104,0.0028022735948314784
0.3219777967548112,0.004678375993916928
0.36172574455336326,0.007362036772381625
0.4063805504338082,0.010950973415428712
0.45654796280755766,0.015456172074744357
0.5129085093300529,0.020803998048786
0.5762267283493882,0.026885409054153476
0.6473615399712076,0.0336516612967352
0.7272778974247632,0.041235317696440996
0.8170598767824696,0.050060756310354095
0.9179253825967483,0.060908436885939624
1.0312426689380967,0.07491265731192094
1.1585488999444697,0.09349426360475058
1.3015710016583038,0.11824364081426503
1.4622490880091454,0.15076619912452935
1.6427627787184707,0.19248715177804376
1.8455607661325835,0.24440295807655626
2.0733940320616497,0.3067830787109357
2.329353165215711,0.37887089875406577
2.6169102854537,0.4586840750646714
2.9399661435534976,0.5430333157002811
3.3029030354176987,0.6278357756691713
3.710644248503383,0.7087001550251453
4.168720846874621,0.7816480096716856
4.683346700825936,0.84376743738591
5.261502778863538,0.8936094830336592
5.911031845476362,0.9312299066843415
6.64074484928479,0.9579049526692734
7.4605404447366075,0.9756511640186987
8.381539268677866,0.9867161257895636
9.416234793278331,0.9931758644276492
10.578662801651687,0.9967038355825018
11.884591785129816,0.9985049786735174
13.351736844955687,0.9993639788527794
15.0,0.9997464568615582
