SA(1.0s) [g],Loss_ratio
0.05000000000000001,0.0001484529204761498
0.056172467201025755,0.0002637063204200874
0.06310692142900626,0.00045724111603812626
0.07089742948257126,0.0007744341066776517
0.07964967064493539,0.001282237648257717
0.08948237023750269,0.002076964949853599
0.10052891014472326,0.003293748731963692
0.11293913815718663,0.005117512193821838
0.1268814006769336,0.0077949486086699715
0.14254482635890514,0.01164650460232129
0.16014189166643014,0.017076700897068874
0.17991130314285533,0.024580357891258127
0.2021212354977168,0.03474156125523561
0.2270729694325259,0.04822174078160842
0.2551049785537617,0.06573335436121104
0.28659752081259104,0.08799668268431438
0.3219777967548112,0.11567935242283094
0.36172574455336326,0.14932137377500215
0.4063805504338082,0.1892523090364617
0.45654796280755766,0.23551092097498816
0.5129085093300529,0.28778026857779143
0.5762267283493882,0.3453517048000339
0.6473615399712076,0.4071288946889636
0.7272778974247632,0.4716777550354435
0.8170598767824696,0.5373208555119732
0.9179253825967483,0.6022667700010413
1.0312426689380967,0.6647579649330084
1.1585488999444697,0.7232167807468215
1.3015710016583038,0.776368991280453
1.4622490880091454,0.8233284194518827
1.6427627787184707,0.8636332156743951
1.8455607661325835,0.8972329699517412
2.0733940320616497,0.924433860947321
2.329353165215711,0.945814860925286
2.6169102854537,0.9621306411777155
2.9399661435534976,0.9742161712927034
3.3029030354176987,0.9829047720979208
3.710644248503383,0.9889667317716528
4.168720846874621,0.9930707759975397
4.683346700825936,0.9957666960986042
5.261502778863538,0.997484846866049
5.911031845476362,0.9985471312313263
6.64074484928479,0.9991842406136789
7.4605404447366075,0.9995548799497017
8.381539268677866,0.9997640145466088
9.416234793278331,0.9998784634065198
10.578662801651687,0.9999392047278295
11.884591785129816,0.9999704670776374
13.351736844955687,0.9999860698732401
15.0,0.999993620911754
