SA(1.0s) [g],Loss_ratio
0.05000000000000001,9.354665181170452e-05
0.056172467201025755,0.00017136400615253567
0.06310692142900626,0.0003060150817670304
0.07089742948257126,0.0005331116636370259
0.07964967064493539,0.0009067291987817472
0.08948237023750269,0.001506807147295608
0.10052891014472326,0.002448448708698703
0.11293913815718663,0.0038931079587608388
0.1268814006769336,0.006061341443780988
0.14254482635890514,0.009246318721004156
0.16014189166643014,0.013826611206571226
0.17991130314285533,0.020275938672302252
0.2021212354977168,0.029166659923731426
0.2270729694325259,0.041163071926899476
0.2551049785537617,0.05700036058098941
0.28659752081259104,0.0774457085680822
0.3219777967548112,0.10323992884796421
0.36172574455336326,0.13502115106426302
0.4063805504338082,0.1732362620706456
0.45654796280755766,0.21805026088435667
0.5129085093300529,0.26926732254530195
0.5762267283493882,0.3262789277752616
0.6473615399712076,0.38805290084430977
0.7272778974247632,0.45317224631071945
0.8170598767824696,0.5199248453730693
0.9179253825967483,0.5864358516398771
1.0312426689380967,0.6508261158566285
1.1585488999444697,0.7113743149131174
1.3015710016583038,0.7666592012691381
1.4622490880091454,0.8156619568196561
1.6427627787184707,0.8578161928177037
1.8455607661325835,0.8930028214858914
2.0733940320616497,0.9214965111447531
2.329353165215711,0.9438776238232793
2.6169102854537,0.9609271095471416
2.9399661435534976,0.9735215397130688
3.3029030354176987,0.982542024521851
3.710644248503383,0.9888055177447354
4.168720846874621,0.9930214550188237
4.683346700825936,0.9957720176400605
5.261502778863538,0.9975112639346738
5.911031845476362,0.9985770693540438
6.64074484928479,0.9992099760884696
7.4605404447366075,0.9995741563464154
8.381539268677866,0.9997771955700403
9.416234793278331,0.9998868696919387
10.578662801651687,0.9999442634352174
11.884591785129816,0.9999733597582364
13.351736844955687,0.9999876488047195
15.0,0.9999944461551533
