SA(0.6s) [g],Loss_ratio
0.05000000000000001,1.0071143717316211e-07
0.056172467201025755,3.1849593410959724e-07
0.06310692142900626,9.508938059232808e-07
0.07089742948257126,2.6809725257315176e-06
0.07964967064493539,7.140679206246726e-06
0.08948237023750269,1.7974654185154426e-05
0.10052891014472326,4.2784282040508884e-05
0.11293913815718663,9.63592848810091e-05
0.1268814006769336,0.00020551418102439102
0.14254482635890514,0.0004155026740539026
0.16014189166643014,0.0007973582739635888
0.17991130314285533,0.0014547822461212945
0.2021212354977168,0.002528826838483306
0.2270729694325259,0.004199229788816994
0.2551049785537617,0.006683270147076831
0.28659752081259104,0.010236125036706406
0.3219777967548112,0.015159524097854966
0.36172574455336326,0.021825836768754766
0.4063805504338082,0.030720650674633608
0.45654796280755766,0.042498104149356945
0.5129085093300529,0.05803189530930361
0.5762267283493882,0.07843524913806323
0.6473615399712076,0.10501994549058752
0.7272778974247632,0.13917125054150692
0.8170598767824696,0.18213318677140247
0.9179253825967483,0.23472493182961493
1.0312426689380967,0.2970388335885566
1.1585488999444697,0.3681946827304122
1.3015710016583038,0.4462323511649686
1.4622490880091454,0.5282062108842152
1.6427627787184707,0.610498202489296
1.8455607661325835,0.6893028805231523
2.0733940320616497,0.7611794386793879
2.329353165215711,0.8235373569289848
2.6169102854537,0.8749385206325785
2.9399661435534976,0.9151550156800284
3.3029030354176987,0.9449959162217316
3.710644248503383,0.9659788990945153
4.168720846874621,0.979951549508921
4.683346700825936,0.9887577216621324
5.261502778863538,0.9940077339105764
5.911031845476362,0.996967041336654
6.64074484928479,0.9985435248728209
7.4605404447366075,0.9993369212666314
8.381539268677866,0.9997140080396919
9.416234793278331,0.9998832106283595
10.578662801651687,0.9999548688067486
11.884591785129816,0.9999835045774048
13.351736844955687,0.9999942999929443
15.0,0.9999981385758979
