SA(1.0s) [g],Loss_ratio
0.05000000000000001,2.0036857451000145e-09
0.056172467201025755,9.479919116373026e-09
0.06310692142900626,4.1398438960227325e-08
0.07089742948257126,1.6691054402495634e-07
0.07964967064493539,6.214952562089149e-07
0.08948237023750269,2.1379674873533987e-06
0.10052891014472326,6.797582369688638e-06
0.11293913815718663,1.9985303821046242e-05
0.1268814006769336,5.436540834558579e-05
0.14254482635890514,0.00013692846245609293
0.16014189166643014,0.00031959021611898677
0.17991130314285533,0.0006919564399065438
0.2021212354977168,0.001391633380180274
0.2270729694325259,0.0026041789151703136
0.2551049785537617,0.004544503368048375
0.28659752081259104,0.0074176996819202866
0.3219777967548112,0.01137055817934012
0.36172574455336326,0.01646009626397949
0.4063805504338082,0.022671646313041027
0.45654796280755766,0.03000677848287503
0.5129085093300529,0.03863105733186328
0.5762267283493882,0.04903773608598464
0.6473615399712076,0.062166830183412077
0.7272778974247632,0.0794311282109536
0.8170598767824696,0.10263236860184996
0.9179253825967483,0.1337774526845394
1.0312426689380967,0.17480806386124187
1.1585488999444697,0.22724627010136692
1.3015710016583038,0.291766207390432
1.4622490880091454,0.36775281407397076
1.6427627787184707,0.45298567260765155
1.8455607661325835,0.5436284070256552
2.0733940320616497,0.6346502451100049
2.329353165215711,0.7206509080227184
2.6169102854537,0.7968738943572812
2.9399661435534976,0.8600839775009087
3.3029030354176987,0.9090235356152203
3.710644248503383,0.9443335619124371
4.168720846874621,0.9680362344880785
4.683346700825936,0.9828184943893278
5.261502778863538,0.9913727939792548
5.911031845476362,0.9959610590757861
6.64074484928479,0.9982398888807082
7.4605404447366075,0.9992870353539616
8.381539268677866,0.9997318892836968
9.416234793278331,0.9999064993190983
10.578662801651687,0.9999697886476868
11.884591785129816,0.9999909627421849
13.351736844955687,0.9999974989689963
15.0,0.9999993600236836
