SA(1.0s) [g],Loss_ratio
0.05000000000000001,0.00015147808315543743
0.056172467201025755,0.0002614566728525614
0.06310692142900626,0.00044186338705021205
0.07089742948257126,0.0007315610456895382
0.07964967064493539,0.0011871986030964734
0.08948237023750269,0.0018894585687492804
0.10052891014472326,0.0029506175787494095
0.11293913815718663,0.004523287877893384
0.1268814006769336,0.006809953000185382
0.14254482635890514,0.01007255726106875
0.16014189166643014,0.014640963565317161
0.17991130314285533,0.020918596944724043
0.2021212354977168,0.029383125121665972
0.2270729694325259,0.040579722794402154
0.2551049785537617,0.05510449041082736
0.28659752081259104,0.07357612313106637
0.3219777967548112,0.09659507672528769
0.36172574455336326,0.12469126924462107
0.4063805504338082,0.15826363874059285
0.45654796280755766,0.1975173047820071
0.5129085093300529,0.24240614865696486
0.5762267283493882,0.2925897564719334
0.6473615399712076,0.3474133566383685
0.7272778974247632,0.4059173600631675
0.8170598767824696,0.4668794754865572
0.9179253825967483,0.5288876347953
1.0312426689380967,0.5904369796373551
1.1585488999444697,0.650039951272284
1.3015710016583038,0.7063360236283541
1.4622490880091454,0.7581874223061955
1.6427627787184707,0.8047493708044325
1.8455607661325835,0.8455075493444204
2.0733940320616497,0.8802806640015153
2.329353165215711,0.9091912286289212
2.6169102854537,0.9326118577041452
2.9399661435534976,0.9510968622609887
3.3029030354176987,0.9653094827390181
3.710644248503383,0.975953875935957
4.168720846874621,0.983718525962985
4.683346700825936,0.9892347546640949
5.261502778863538,0.9930511201134264
5.911031845476362,0.9956221984216915
6.64074484928479,0.9973087934531912
7.4605404447366075,0.9983860296338188
8.381539268677866,0.9990559016285702
9.416234793278331,0.9994614393174726
10.578662801651687,0.999700445028534
11.884591785129816,0.9998375658544797
13.351736844955687,0.9999141428362891
15.0,0.9999557698656176
