SA(0.3s) [g],Loss_ratio
0.05000000000000001,9.382824950332494e-09
0.056172467201025755,2.7428116200489684e-08
0.06310692142900626,7.690664052817375e-08
0.07089742948257126,2.068640905295016e-07
0.07964967064493539,5.338424888645666e-07
0.08948237023750269,1.3219273700348924e-06
0.10052891014472326,3.1414890040826207e-06
0.11293913815718663,7.165933543101799e-06
0.1268814006769336,1.569298243314643e-05
0.14254482635890514,3.3001403429927524e-05
0.16014189166643014,6.666033959249474e-05
0.17991130314285533,0.00012937298348048576
0.2021212354977168,0.0002413330407126324
0.2270729694325259,0.00043288517665748263
0.2551049785537617,0.0007470238726841826
0.28659752081259104,0.0012410043197133348
0.3219777967548112,0.0019861979911694806
0.36172574455336326,0.003065464343455632
0.4063805504338082,0.004567864083423118
0.45654796280755766,0.006581530621422032
0.5129085093300529,0.009186772280318972
0.5762267283493882,0.012452610957594794
0.6473615399712076,0.016440452879464548
0.7272778974247632,0.021217966389866096
0.8170598767824696,0.026884322744098483
0.9179253825967483,0.03360499026763578
1.0312426689380967,0.041650940670518985
1.1585488999444697,0.05143432943191646
1.3015710016583038,0.06353124443560423
1.4622490880091454,0.0786823885033803
1.6427627787184707,0.09776452446527341
1.8455607661325835,0.12172883205990188
2.0733940320616497,0.1515066727943862
2.329353165215711,0.18788847226056937
2.6169102854537,0.23138738435096587
2.9399661435534976,0.28210558940129976
3.3029030354176987,0.3396261908251943
3.710644248503383,0.4029556022731746
4.168720846874621,0.4705378086958154
4.683346700825936,0.5403517305696184
5.261502778863538,0.6100870919380694
5.911031845476362,0.6773762147720866
6.64074484928479,0.7400442795536503
7.4605404447366075,0.7963339011488768
8.381539268677866,0.8450641991419113
9.416234793278331,0.8856991086622219
10.578662801651687,0.9183202124999906
11.884591785129816,0.9435197160735118
13.351736844955687,0.96224360463763
15.0,0.9756202288568593
