SA(1.0s) [g],Loss_ratio
0.05000000000000001,0.0013016301856166534
0.056172467201025755,0.001756486941633223
0.06310692142900626,0.002352283096432428
0.07089742948257126,0.0031263373802027984
0.07964967064493539,0.004123792397330572
0.08948237023750269,0.005398641313892355
0.10052891014472326,0.007014713787676502
0.11293913815718663,0.00904656015310264
0.1268814006769336,0.011580160647916837
0.14254482635890514,0.014713375690036718
0.16014189166643014,0.01855604518328404
0.17991130314285533,0.023229640992951057
0.2021212354977168,0.02886637856506538
0.2270729694325259,0.035607702540681484
0.2551049785537617,0.043602078237579715
0.28659752081259104,0.053002046675163596
0.3219777967548112,0.06396053539998134
0.36172574455336326,0.07662645992610792
0.4063805504338082,0.09113969943102214
0.45654796280755766,0.10762558280970488
0.5129085093300529,0.12618907379805377
0.5762267283493882,0.1469088924698848
0.6473615399712076,0.16983185045024723
0.7272778974247632,0.1949677041436391
0.8170598767824696,0.22228484008766375
0.9179253825967483,0.251707096092054
1.0312426689380967,0.28311198937653215
1.1585488999444697,0.31633056848249064
1.3015710016583038,0.3511490312499964
1.4622490880091454,0.3873121605319353
1.6427627787184707,0.42452852823958404
1.8455607661325835,0.46247731382557544
2.0733940320616497,0.5008164832456325
2.329353165215711,0.5391919867145051
2.6169102854537,0.5772475654204472
2.9399661435534976,0.6146347146180183
3.3029030354176987,0.6510223370013917
3.710644248503383,0.6861056373651707
4.168720846874621,0.7196138560893947
4.683346700825936,0.7513165112503157
5.261502778863538,0.7810279113365508
5.911031845476362,0.8086098052639192
6.64074484928479,0.8339721454251411
7.4605404447366075,0.8570720446376022
8.381539268677866,0.8779111015446173
9.416234793278331,0.8965313451445804
10.578662801651687,0.9130101033877565
11.884591785129816,0.927454131028974
13.351736844955687,0.9399933381371751
15.0,0.9507744447755586
