SA(0.3s) [g],Loss_ratio
0.05000000000000001,4.39706690780195e-08
0.056172467201025755,1.211857437288799e-07
0.06310692142900626,3.203822436070869e-07
0.07089742948257126,8.125933329439228e-07
0.07964967064493539,1.977577097966865e-06
0.08948237023750269,4.61876623782942e-06
0.10052891014472326,1.0354749984609058e-05
0.11293913815718663,2.2288318262597697e-05
0.1268814006769336,4.6074400415357934e-05
0.14254482635890514,9.150178265139308e-05
0.16014189166643014,0.00017464554264233213
0.17991130314285533,0.0003205158571647826
0.2021212354977168,0.000565922184348916
0.2270729694325259,0.0009620287732135524
0.2551049785537617,0.0015758928211375145
0.28659752081259104,0.0024902933481903756
0.3219777967548112,0.0038015239622546716
0.36172574455336326,0.005615607044851685
0.4063805504338082,0.008044494654208395
0.45654796280755766,0.01120493778816928
0.5129085093300529,0.015223335496787678
0.5762267283493882,0.020249495471876825
0.6473615399712076,0.02648052538379557
0.7272778974247632,0.034193116148683894
0.8170598767824696,0.04377884757042331
0.9179253825967483,0.05577378448114663
1.0312426689380967,0.07087157059451994
1.1585488999444697,0.08990928584443239
1.3015710016583038,0.11381791553637804
1.4622490880091454,0.14353434040607738
1.6427627787184707,0.17987885181160645
1.8455607661325835,0.22341049017405118
2.0733940320616497,0.27428067056967065
2.329353165215711,0.33211169215453773
2.6169102854537,0.3959285276642319
2.9399661435534976,0.4641677106888168
3.3029030354176987,0.5347754185139105
3.710644248503383,0.6053894483178339
4.168720846874621,0.6735806182875457
4.683346700825936,0.7371136603886812
5.261502778863538,0.7941810552212909
5.911031845476362,0.8435682211589218
6.64074484928479,0.8847240084547539
7.4605404447366075,0.9177320117595902
8.381539268677866,0.9431993636701291
9.416234793278331,0.9620944914835061
10.578662801651687,0.9755704781573019
11.884591785129816,0.9848062815642746
13.351736844955687,0.9908871315874903
15.0,0.9947322817475491
