SA(0.3s) [g],Loss_ratio
0.05000000000000001,5.24254528677659e-12
0.056172467201025755,2.903010609678347e-11
0.06310692142900626,1.4981911822253837e-10
0.07089742948257126,7.207059560254692e-10
0.07964967064493539,3.2321279153091356e-09
0.08948237023750269,1.3515566554822557e-08
0.10052891014472326,5.270853785099838e-08
0.11293913815718663,1.9174593514637018e-07
0.1268814006769336,6.508506121383207e-07
0.14254482635890514,2.0619336049021443e-06
0.16014189166643014,6.098946739691025e-06
0.17991130314285533,1.6849824421882877e-05
0.2021212354977168,4.350117197610693e-05
0.2270729694325259,0.00010500635583697847
0.2551049785537617,0.00023715592132586007
0.28659752081259104,0.0005015536155193235
0.3219777967548112,0.0009942967675425852
0.36172574455336326,0.0018501261527842094
0.4063805504338082,0.0032367694486112766
0.45654796280755766,0.005336026677152106
0.5129085093300529,0.008314059029981941
0.5762267283493882,0.012292246575932931
0.6473615399712076,0.01733762785048463
0.7272778974247632,0.023492378543717597
0.8170598767824696,0.03085116820757999
0.9179253825967483,0.039675652336169445
1.0312426689380967,0.050515365922374204
1.1585488999444697,0.06429429412698212
1.3015710016583038,0.08232745163363339
1.4622490880091454,0.10624751595874737
1.6427627787184707,0.13783769315021235
1.8455607661325835,0.17877699753370396
2.0733940320616497,0.2303124222668123
2.329353165215711,0.2928910890065315
2.6169102854537,0.3658201415481864
2.9399661435534976,0.4470593319422091
3.3029030354176987,0.5332601953928888
3.710644248503383,0.6201192107211875
4.168720846874621,0.70301227729579
4.683346700825936,0.7777639626841062
5.261502778863538,0.8413359079216394
5.911031845476362,0.8922359208002992
6.64074484928479,0.9305490513117067
7.4605404447366075,0.9576265476584038
8.381539268677866,0.9755748276150423
9.416234793278331,0.986722124509513
10.578662801651687,0.9932036250875006
11.884591785129816,0.9967290333316078
13.351736844955687,0.9985216067533949
15.0,0.9993731716726058
