SA(0.6s) [g],Loss_ratio
0.05000000000000001,2.5052081464860264e-09
0.056172467201025755,9.700525666067605e-09
0.06310692142900626,3.533098247299194e-08
0.07089742948257126,1.210628327419361e-07
0.07964967064493539,3.9035534473153e-07
0.08948237023750269,1.1847326507108401e-06
0.10052891014472326,3.385555981694211e-06
0.11293913815718663,9.112872144667607e-06
0.1268814006769336,2.31152288532932e-05
0.14254482635890514,5.528501106355499e-05
0.16014189166643014,0.0001247650087707497
0.17991130314285533,0.0002659165159372756
0.2021212354977168,0.0005358746634762768
0.2270729694325259,0.00102255571060465
0.2551049785537617,0.0018511593586750198
0.28659752081259104,0.0031871498665351546
0.3219777967548112,0.005235224237727327
0.36172574455336326,0.008237165621533416
0.4063805504338082,0.012475745559179569
0.45654796280755766,0.018294494922539237
0.5129085093300529,0.026141069039838677
0.5762267283493882,0.03663312361933877
0.6473615399712076,0.05063118702996292
0.7272778974247632,0.06928770161357439
0.8170598767824696,0.09403222226924028
0.9179253825967483,0.12645624469941105
1.0312426689380967,0.16808064843418252
1.1585488999444697,0.2200227363658948
1.3015710016583038,0.2826211298383581
1.4622490880091454,0.355112620120789
1.6427627787184707,0.43546935805461534
1.8455607661325835,0.5204835798069483
2.0733940320616497,0.6061272968700675
2.329353165215711,0.6881305138963889
2.6169102854537,0.7626441977240017
2.9399661435534976,0.8268176024693901
3.3029030354176987,0.8791432231593994
3.710644248503383,0.9194990398462415
4.168720846874621,0.948914544857833
4.683346700825936,0.9691640948508353
5.261502778863538,0.9823209163963573
5.911031845476362,0.9903847588853723
6.64074484928479,0.9950446307029921
7.4605404447366075,0.9975824166067019
8.381539268677866,0.9988844226624792
9.416234793278331,0.9995134844637474
10.578662801651687,0.9997996099733162
11.884591785129816,0.9999220933838493
13.351736844955687,0.9999714269294084
15.0,0.9999901186815537
