SA(1.0s) [g],Loss_ratio
0.05000000000000001,3.9061936760342865e-06
0.056172467201025755,8.472900518324832e-06
0.06310692142900626,1.7718651895537455e-05
0.07089742948257126,3.573191659255737e-05
0.07964967064493539,6.950804167386581e-05
0.08948237023750269,0.00013047186617526352
0.10052891014472326,0.0002364186478742647
0.11293913815718663,0.0004137588053080288
0.1268814006769336,0.0006998073419126505
0.14254482635890514,0.0011447223699512787
0.16014189166643014,0.0018126404554749565
0.17991130314285533,0.0027816667906700567
0.2021212354977168,0.00414272428632535
0.2270729694325259,0.005997850127453292
0.2551049785537617,0.00845924392565417
0.28659752081259104,0.011650988351847257
0.3219777967548112,0.015715568482820477
0.36172574455336326,0.02082681183192878
0.4063805504338082,0.027209501628486416
0.45654796280755766,0.035163778473198376
0.5129085093300529,0.04508992815067412
0.5762267283493882,0.057506873796928704
0.6473615399712076,0.07305634983218312
0.7272778974247632,0.09248493880475267
0.8170598767824696,0.11659825907524257
0.9179253825967483,0.1461856187695453
1.0312426689380967,0.18191903234965334
1.1585488999444697,0.2242368582952048
1.3015710016583038,0.27322828889784107
1.4622490880091454,0.3285390244412359
1.6427627787184707,0.3893191539852988
1.8455607661325835,0.45423039505987506
2.0733940320616497,0.5215212118331625
2.329353165215711,0.5891661039112224
2.6169102854537,0.6550520931972247
2.9399661435534976,0.7171845283647954
3.3029030354176987,0.7738789756161871
3.710644248503383,0.8239080289572022
4.168720846874621,0.8665810931192478
4.683346700825936,0.9017491574912067
5.261502778863538,0.9297415042786924
5.911031845476362,0.9512532956636611
6.64074484928479,0.967209343645545
7.4605404447366075,0.9786292772778034
8.381539268677866,0.9865138947197715
9.416234793278331,0.9917640929510053
10.578662801651687,0.995135077580758
11.884591785129816,0.99722167924211
13.351736844955687,0.998466614142308
15.0,0.9991824391359724
