SA(0.6s) [g],Loss_ratio
0.05000000000000001,4.993223196025909e-09
0.056172467201025755,2.2404402927334035e-08
0.06310692142900626,9.286615170744917e-08
0.07089742948257126,3.556944428773079e-07
0.07964967064493539,1.259317097068724e-06
0.08948237023750269,4.122846519494239e-06
0.10052891014472326,1.24869587703913e-05
0.11293913815718663,3.500588502465818e-05
0.1268814006769336,9.089082484193268e-05
0.14254482635890514,0.00021873418893288978
0.16014189166643014,0.0004883400966068653
0.17991130314285533,0.0010125539352496384
0.2021212354977168,0.0019525618460824402
0.2270729694325259,0.0035078987638320572
0.2551049785537617,0.005884895016012226
0.28659752081259104,0.00924693822910771
0.3219777967548112,0.013664803336971903
0.36172574455336326,0.01909751704440829
0.4063805504338082,0.02543310999059043
0.45654796280755766,0.03259846483791001
0.5129085093300529,0.04071458750459319
0.5762267283493882,0.05024571434040002
0.6473615399712076,0.06208630826565895
0.7272778974247632,0.07755426058933947
0.8170598767824696,0.09829601759066571
0.9179253825967483,0.12613240585883254
1.0312426689380967,0.16286461993205545
1.1585488999444697,0.21002882151299274
1.3015710016583038,0.26857243113179496
1.4622490880091454,0.3384606021643283
1.6427627787184707,0.41830386755012144
1.8455607661325835,0.5051743574765009
2.0733940320616497,0.5947782460684957
2.329353165215711,0.6820445877052557
2.6169102854537,0.7620155044687882
2.9399661435534976,0.830772953890834
3.3029030354176987,0.8861005631954033
3.710644248503383,0.9276803390635661
4.168720846874621,0.9568103848934925
4.683346700825936,0.9758042633347489
5.261502778863538,0.9873142411557301
5.911031845476362,0.9937882137899382
6.64074484928479,0.9971643288242369
7.4605404447366075,0.9987950929153825
8.381539268677866,0.9995240949241698
9.416234793278331,0.9998254786496291
10.578662801651687,0.9999406388364459
11.884591785129816,0.9999812884991964
13.351736844955687,0.9999945380450765
15.0,0.9999985244693089
