SA(1.0s) [g],Loss_ratio
0.05000000000000001,1.046988230236079e-05
0.056172467201025755,1.9724684794031335e-05
0.06310692142900626,3.618621406079603e-05
0.07089742948257126,6.466530424363292e-05
0.07964967064493539,0.00011260243494570778
0.08948237023750269,0.00019114058183769547
0.10052891014472326,0.00031644573370972486
0.11293913815718663,0.0005112544207765523
0.1268814006769336,0.000806603983262133
0.14254482635890514,0.0012436920217781255
0.16014189166643014,0.0018758309697123057
0.17991130314285533,0.00277052353220435
0.2021212354977168,0.00401178588710483
0.2270729694325259,0.005702970595427887
0.2551049785537617,0.007970449024512266
0.28659752081259104,0.01096854061387177
0.3219777967548112,0.014885949853330516
0.36172574455336326,0.019953629102488626
0.4063805504338082,0.026453404204253128
0.45654796280755766,0.03472592618627233
0.5129085093300529,0.04517567703108721
0.5762267283493882,0.058270071644253615
0.6473615399712076,0.07452942102171274
0.7272778974247632,0.09450490190985177
0.8170598767824696,0.11874287856360508
0.9179253825967483,0.14773594443895066
1.0312426689380967,0.1818636857831727
1.1585488999444697,0.22132898708845014
1.3015710016583038,0.2660981077601923
1.4622490880091454,0.3158541169589697
1.6427627787184707,0.369973042158731
1.8455607661325835,0.4275299989903116
2.0733940320616497,0.4873387512937075
2.329353165215711,0.5480231577456558
2.6169102854537,0.6081137052443103
2.9399661435534976,0.666157884558473
3.3029030354176987,0.7208305116769509
3.710644248503383,0.7710298673794646
4.168720846874621,0.8159478147988558
4.683346700825936,0.8551063860190828
5.261502778863538,0.8883587762658537
5.911031845476362,0.915858107848238
6.64074484928479,0.9380016645618333
7.4605404447366075,0.9553608218853461
8.381539268677866,0.9686073558575486
9.416234793278331,0.9784454288686245
10.578662801651687,0.9855559034768941
11.884591785129816,0.9905564645506152
13.351736844955687,0.9939780317417743
15.0,0.9962556217868529
