SA(1.0s) [g],Loss_ratio
0.05000000000000001,7.590382880527381e-05
0.056172467201025755,0.0001514418878190815
0.06310692142900626,0.0002909317555507996
0.07089742948257126,0.0005388118055570935
0.07964967064493539,0.0009634077308363465
0.08948237023750269,0.0016658196109787028
0.10052891014472326,0.0027905941553761082
0.11293913815718663,0.0045383423037151874
0.1268814006769336,0.007180576550718571
0.14254482635890514,0.011076957125690439
0.16014189166643014,0.016694477308655885
0.17991130314285533,0.02462649897358718
0.2021212354977168,0.03560683812105052
0.2270729694325259,0.050510734393420575
0.2551049785537617,0.07033171228293539
0.28659752081259104,0.09612286320261539
0.3219777967548112,0.12889478788334063
0.36172574455336326,0.16947128475111775
0.4063805504338082,0.21831697391988578
0.45654796280755766,0.27536526918194576
0.5129085093300529,0.3398855509968917
0.5762267283493882,0.41042992915206394
0.6473615399712076,0.4848894368742176
0.7272778974247632,0.5606675444756535
0.8170598767824696,0.6349506823822308
0.9179253825967483,0.7050294118337443
1.0312426689380967,0.768608679417162
1.1585488999444697,0.8240468075216949
1.3015710016583038,0.8704805330135561
1.4622490880091454,0.9078218257101255
1.6427627787184707,0.9366422278200879
1.8455607661325835,0.9579830090217376
2.0733940320616497,0.973138923044301
2.329353165215711,0.9834592139969872
2.6169102854537,0.9901956238492279
2.9399661435534976,0.9944095911037996
3.3029030354176987,0.9969353297674063
3.710644248503383,0.9983855594845727
4.168720846874621,0.9991831131742056
4.683346700825936,0.999603150323995
5.261502778863538,0.9998149648165457
5.911031845476362,0.9999172245071756
6.64074484928479,0.9999644829462141
7.4605404447366075,0.9999853869677715
8.381539268677866,0.9999942362742238
9.416234793278331,0.9999978211527671
10.578662801651687,0.9999992107395165
11.884591785129816,0.9999997260940642
13.351736844955687,0.9999999089469551
15.0,0.9999999710111992
