SA(1.0s) [g],Loss_ratio
0.05000000000000001,5.019612731676504e-05
0.056172467201025755,8.34136366400673e-05
0.06310692142900626,0.00013617169338412394
0.07089742948257126,0.0002184724973283869
0.07964967064493539,0.00034463425196769597
0.08948237023750269,0.0005347820834036288
0.10052891014472326,0.00081671169917652
0.11293913815718663,0.0012281748552134487
0.1268814006769336,0.0018196288852082134
0.14254482635890514,0.002657477708243328
0.16014189166643014,0.0038278036079107346
0.17991130314285533,0.005440540517013027
0.2021212354977168,0.007633962393067812
0.2270729694325259,0.01057924746470737
0.2551049785537617,0.014484728038599789
0.28659752081259104,0.019599252221535603
0.3219777967548112,0.026213887201254782
0.36172574455336326,0.03466101793703323
0.4063805504338082,0.04530978925944771
0.45654796280755766,0.05855686174061968
0.5129085093300529,0.07481165895862911
0.5762267283493882,0.09447571577531919
0.6473615399712076,0.11791639998171917
0.7272778974247632,0.14543613096001934
0.8170598767824696,0.1772391617994095
0.9179253825967483,0.21339887898415993
1.0312426689380967,0.253829229748022
1.1585488999444697,0.2982641371564674
1.3015710016583038,0.3462484744899742
1.4622490880091454,0.39714329096327056
1.6427627787184707,0.4501465636930084
1.8455607661325835,0.5043289612147315
2.0733940320616497,0.5586821987895647
2.329353165215711,0.612175850883055
2.6169102854537,0.6638172569815136
2.9399661435534976,0.7127086373436645
3.3029030354176987,0.7580958290863987
3.710644248503383,0.7994041194703891
4.168720846874621,0.8362583142894877
4.683346700825936,0.8684861561387848
5.261502778863538,0.8961061781411566
5.911031845476362,0.9193027426091174
6.64074484928479,0.9383921471722146
7.4605404447366075,0.9537841714388322
8.381539268677866,0.9659432945912584
9.416234793278331,0.9753531516933545
10.578662801651687,0.9824867953583494
11.884591785129816,0.9877841953924924
13.351736844955687,0.9916373305343367
15.0,0.9943823444428828
