SA(1.0s) [g],Loss_ratio
0.05000000000000001,0.00022289980995852113
0.056172467201025755,0.0003158795356849542
0.06310692142900626,0.0004435868320107228
0.07089742948257126,0.000617398370750577
0.07964967064493539,0.0008518581368079814
0.08948237023750269,0.001165384882675674
0.10052891014472326,0.0015810884879573774
0.11293913815718663,0.0021276980128057564
0.1268814006769336,0.002840598913344328
0.14254482635890514,0.0037629692840117856
0.16014189166643014,0.004946994669918081
0.17991130314285533,0.006455127631920504
0.2021212354977168,0.008361341763387913
0.2270729694325259,0.010752310539706383
0.2551049785537617,0.01372842003549869
0.28659752081259104,0.017404502614517172
0.3219777967548112,0.021910158333614926
0.36172574455336326,0.027389514841549722
0.4063805504338082,0.03400026837870321
0.45654796280755766,0.04191185174577467
0.5129085093300529,0.05130259330624802
0.5762267283493882,0.06235576702714227
0.6473615399712076,0.07525448876156177
0.7272778974247632,0.09017548807252358
0.8170598767824696,0.1072818751776694
0.9179253825967483,0.12671512374500005
1.0312426689380967,0.14858659444167444
1.1585488999444697,0.17296902139232545
1.3015710016583038,0.19988846285034884
1.4622490880091454,0.22931726716708725
1.6427627787184707,0.26116861564476646
1.8455607661325835,0.29529316797388083
2.0733940320616497,0.33147825069839665
2.329353165215711,0.36944989659214206
2.6169102854537,0.40887787046613444
2.9399661435534976,0.44938361737737526
3.3029030354176987,0.4905508591884243
3.710644248503383,0.5319383640870097
4.168720846874621,0.5730942405055427
4.683346700825936,0.6135709794255396
5.261502778863538,0.652940400760905
5.911031845476362,0.6908076580341292
6.64074484928479,0.7268235217220743
7.4605404447366075,0.7606942893041765
8.381539268677866,0.7921888467810486
9.416234793278331,0.8211426150607767
10.578662801651687,0.847458335238876
11.884591785129816,0.8711038591546031
13.351736844955687,0.8921072973253548
15.0,0.9105500209100028
