SA(0.6s) [g],Loss_ratio
0.05000000000000001,2.930395644862305e-07
0.056172467201025755,7.933443238627992e-07
0.06310692142900626,2.0489937958834137e-06
0.07089742948257126,5.049541960133741e-06
0.07964967064493539,1.187676293402662e-05
0.08948237023750269,2.6668446923816538e-05
0.10052891014472326,5.718604682157792e-05
0.11293913815718663,0.0001171493740571128
0.1268814006769336,0.00022937436477002415
0.14254482635890514,0.0004294812644801249
0.16014189166643014,0.0007695412634099897
0.17991130314285533,0.0013206054471498363
0.2021212354977168,0.0021728332094774374
0.2270729694325259,0.003432204880270229
0.2551049785537617,0.005213807156875367
0.28659752081259104,0.007633414866484012
0.3219777967548112,0.01080114321707949
0.36172574455336326,0.014822480693587716
0.4063805504338082,0.019812033212117067
0.45654796280755766,0.025923097281959347
0.5129085093300529,0.03339176165826958
0.5762267283493882,0.04258858000137236
0.6473615399712076,0.05406561183532835
0.7272778974247632,0.06858350664653289
0.8170598767824696,0.08710342631779096
0.9179253825967483,0.11073220427890124
1.0312426689380967,0.14061580022996495
1.1585488999444697,0.17778518677711946
1.3015710016583038,0.2229696231052494
1.4622490880091454,0.2764037139049862
1.6427627787184707,0.3376644328178606
1.8455607661325835,0.40557869975390215
2.0733940320616497,0.4782369966713323
2.329353165215711,0.5531315302952786
2.6169102854537,0.6274104020246343
2.9399661435534976,0.6982089316372325
3.3029030354176987,0.7629957314575748
3.710644248503383,0.8198635538656315
4.168720846874621,0.8677073606488543
4.683346700825936,0.9062610237462582
5.261502778863538,0.935999795316686
5.911031845476362,0.9579462603712252
6.64074484928479,0.9734338126217221
7.4605404447366075,0.9838808266561274
8.381539268677866,0.9906140996065659
9.416234793278331,0.9947591967639189
10.578662801651687,0.9971957825188685
11.884591785129816,0.9985630193574484
13.351736844955687,0.9992951837372323
15.0,0.9996692719338933
