SA(0.6s) [g],Loss_ratio
0.05000000000000001,8.169588916473457e-09
0.056172467201025755,2.9153349939692322e-08
0.06310692142900626,9.812949811616179e-08
0.07089742948257126,3.1161247522337736e-07
0.07964967064493539,9.337418457044945e-07
0.08948237023750269,2.6408375445874377e-06
0.10052891014472326,7.05150933274501e-06
0.11293913815718663,1.7782426830514896e-05
0.1268814006769336,4.236790413765235e-05
0.14254482635890514,9.541588862055917e-05
0.16014189166643014,0.0002032284874961432
0.17991130314285533,0.00040966183048750105
0.2021212354977168,0.0007821904729280072
0.2270729694325259,0.001416157396362261
0.2551049785537617,0.0024345523676731814
0.28659752081259104,0.003981152700616536
0.3219777967548112,0.006207150839539683
0.36172574455336326,0.00925542591092461
0.4063805504338082,0.013251108022995258
0.45654796280755766,0.018309635646854703
0.5129085093300529,0.024571606169105798
0.5762267283493882,0.03226630480810731
0.6473615399712076,0.04179441502200988
0.7272778974247632,0.0538089831508725
0.8170598767824696,0.06926671575620284
0.9179253825967483,0.08942188906514373
1.0312426689380967,0.11574249435824815
1.1585488999444697,0.14974086124366437
1.3015710016583038,0.19272729571720051
1.4622490880091454,0.24551482151043882
1.6427627787184707,0.30812488432531204
1.8455607661325835,0.37956292738160474
2.0733940320616497,0.45773905541605153
2.329353165215711,0.5395914634295405
2.6169102854537,0.6214248985577839
2.9399661435534976,0.6994131161994677
3.3029030354176987,0.7701562953271212
3.710644248503383,0.8311579537035992
4.168720846874621,0.8811059379834242
4.683346700825936,0.9199026109097987
5.261502778863538,0.948465741402472
5.911031845476362,0.9683830998900435
6.64074484928479,0.9815289909061806
7.4605404447366075,0.9897368577422587
8.381539268677866,0.994582253667683
9.416234793278331,0.9972855080480755
10.578662801651687,0.9987102084539946
11.884591785129816,0.9994192594836743
13.351736844955687,0.9997523814291736
15.0,0.9999000778454207
