SA(1.0s) [g],Loss_ratio
0.05000000000000001,6.442371822951154e-06
0.056172467201025755,1.5919493626304072e-05
0.06310692142900626,3.736099428930939e-05
0.07089742948257126,8.334383710985605e-05
0.07964967064493539,0.0001769047264961854
0.08948237023750269,0.00035773897414733135
0.10052891014472326,0.0006902906310871926
0.11293913815718663,0.0012734064438050586
0.1268814006769336,0.0022510069792910704
0.14254482635890514,0.003823460649274757
0.16014189166643014,0.006260225156118205
0.17991130314285533,0.009915609000900471
0.2021212354977168,0.015250306212917624
0.2270729694325259,0.022860247386657928
0.2551049785537617,0.03351000790972673
0.28659752081259104,0.04816043348977427
0.3219777967548112,0.06797130421325023
0.36172574455336326,0.09425396291814503
0.4063805504338082,0.1283510445849099
0.45654796280755766,0.17143451642192403
0.5129085093300529,0.22423884311132777
0.5762267283493882,0.28677713034811575
0.6473615399712076,0.35811331869705904
0.7272778974247632,0.4362700312323989
0.8170598767824696,0.5183308079276483
0.9179253825967483,0.6007482794824001
1.0312426689380967,0.6798094887890682
1.1585488999444697,0.7521576716767828
1.3015710016583038,0.8152475162690883
1.4622490880091454,0.8676287184210377
1.6427627787184707,0.9090045351935183
1.8455607661325835,0.9400778351284295
2.0733940320616497,0.9622520325614334
2.329353165215711,0.9772802523700151
2.6169102854537,0.9869489981867982
2.9399661435534976,0.9928518296697514
3.3029030354176987,0.9962702128940767
3.710644248503383,0.9981474069922837
4.168720846874621,0.9991246378776851
4.683346700825936,0.9996067724500062
5.261502778863538,0.9998321531352808
5.911031845476362,0.9999319567693247
6.64074484928479,0.9999738139450259
7.4605404447366075,0.9999904368925377
8.381539268677866,0.9999966870163041
9.416234793278331,0.9999989115872773
10.578662801651687,0.9999996610010723
11.884591785129816,0.9999998999258392
13.351736844955687,0.9999999720060682
15.0,0.9999999925812062
