SA(0.6s) [g],Loss_ratio
0.05000000000000001,9.595390230154877e-08
0.056172467201025755,2.6429017357387783e-07
0.06310692142900626,6.964568449674414e-07
0.07089742948257126,1.7562162666850956e-06
0.07964967064493539,4.238574189441291e-06
0.08948237023750269,9.793125553025919e-06
0.10052891014472326,2.1667163398048084e-05
0.11293913815718663,4.59201842910928e-05
0.1268814006769336,9.326002874103234e-05
0.14254482635890514,0.00018158614997461077
0.16014189166643014,0.000339168158294606
0.17991130314285533,0.0006081350273667686
0.2021212354977168,0.0010476552223171898
0.2270729694325259,0.0017359786901557151
0.2551049785537617,0.002770576353029142
0.28659752081259104,0.004266130998207901
0.3219777967548112,0.006351159318697903
0.36172574455336326,0.009165387286451677
0.4063805504338082,0.012861179154286858
0.45654796280755766,0.017612665041879885
0.5129085093300529,0.023635122862230632
0.5762267283493882,0.03121443849632602
0.6473615399712076,0.040742500909392576
0.7272778974247632,0.05275018691812709
0.8170598767824696,0.06792645145670513
0.9179253825967483,0.08711112732791776
1.0312426689380967,0.11125104039739497
1.1585488999444697,0.14131406505389701
1.3015710016583038,0.17816338073667823
1.4622490880091454,0.2224036033532261
1.6427627787184707,0.27422025790108656
1.8455607661325835,0.33324207325554095
2.0733940320616497,0.39845897641694306
2.329353165215711,0.4682246399931277
2.6169102854537,0.5403595820472229
2.9399661435534976,0.6123505025975422
3.3029030354176987,0.6816184278223204
3.710644248503383,0.7458092262644056
4.168720846874621,0.8030518370728782
4.683346700825936,0.8521356963446619
5.261502778863538,0.8925780558700069
5.911031845476362,0.9245782164155386
6.64074484928479,0.9488808694836571
7.4605404447366075,0.9665874032580057
8.381539268677866,0.9789584175813192
9.416234793278331,0.987243574822894
10.578662801651687,0.9925605861335979
11.884591785129816,0.9958292291056624
13.351736844955687,0.9977535371352845
15.0,0.9988381486459721
