SA(1.0s) [g],Loss_ratio
0.05000000000000001,9.970076546644836e-06
0.056172467201025755,1.8531110420094698e-05
0.06310692142900626,3.359762390111598e-05
0.07089742948257126,5.9437149653363e-05
0.07964967064493539,0.0001026385981507505
0.08948237023750269,0.00017308302400433352
0.10052891014472326,0.00028517253257941415
0.11293913815718663,0.0004593289097938769
0.1268814006769336,0.000723761208281093
0.14254482635890514,0.001116497203625344
0.16014189166643014,0.001687685628840896
0.17991130314285533,0.0025022103975958945
0.2021212354977168,0.003642713402058856
0.2270729694325259,0.005213185192866516
0.2551049785537617,0.007343323299918759
0.28659752081259104,0.01019383182015865
0.3219777967548112,0.01396269228197973
0.36172574455336326,0.018892132910739646
0.4063805504338082,0.025275549785625517
0.45654796280755766,0.033463029153858084
0.5129085093300529,0.043863490767599114
0.5762267283493882,0.05694098571439769
0.6473615399712076,0.07320254525861207
0.7272778974247632,0.0931753874413613
0.8170598767824696,0.11737237247634348
0.9179253825967483,0.1462463497385292
1.0312426689380967,0.1801362750286645
1.1585488999444697,0.21921033223836758
1.3015710016583038,0.26341326974596874
1.4622490880091454,0.3124262239655109
1.6427627787184707,0.3656470119864741
1.8455607661325835,0.4221970251282372
2.0733940320616497,0.4809575674289738
2.329353165215711,0.540634232315651
2.6169102854537,0.599843454754704
2.9399661435534976,0.6572115994511407
3.3029030354176987,0.7114746511623455
3.710644248503383,0.7615662789217288
4.168720846874621,0.8066838453754415
4.683346700825936,0.8463254628350183
5.261502778863538,0.8802957286943838
5.911031845476362,0.9086823901973825
6.64074484928479,0.9318100185471336
7.4605404447366075,0.9501791829126157
8.381539268677866,0.9644003379673224
9.416234793278331,0.9751307879235106
10.578662801651687,0.983021081230179
11.884591785129816,0.9886745982679243
13.351736844955687,0.9926214971739019
15.0,0.9953060334975243
