SA(1.0s) [g],Loss_ratio
0.05000000000000001,1.2136847208726876e-05
0.056172467201025755,2.4042099205223712e-05
0.06310692142900626,4.616196640704341e-05
0.07089742948257126,8.594808357381133e-05
0.07964967064493539,0.00015525973395041914
0.08948237023750269,0.00027228634062425596
0.10052891014472326,0.00046393923612075843
0.11293913815718663,0.0007686813362103029
0.1268814006769336,0.0012397342767700827
0.14254482635890514,0.0019486163897022015
0.16014189166643014,0.002989046071767354
0.17991130314285533,0.004481396963120948
0.2021212354977168,0.006578076246744219
0.2270729694325259,0.00947032426638178
0.2551049785537617,0.013396864915680536
0.28659752081259104,0.018654422480136674
0.3219777967548112,0.025609262896923227
0.36172574455336326,0.03470764257121427
0.4063805504338082,0.04648156933403709
0.45654796280755766,0.06154501085868256
0.5129085093300529,0.08057517763036873
0.5762267283493882,0.10427431039124196
0.6473615399712076,0.13330986798849254
0.7272778974247632,0.16823509684341614
0.8170598767824696,0.20939709973084686
0.9179253825967483,0.2568446279814314
1.0312426689380967,0.3102514936222785
1.1585488999444697,0.3688723655548658
1.3015710016583038,0.4315448805573799
1.4622490880091454,0.49674543578967223
1.6427627787184707,0.5626967583647459
1.8455607661325835,0.6275153171332093
2.0733940320616497,0.68937826197797
2.329353165215711,0.7466850379595291
2.6169102854537,0.7981894160710752
2.9399661435534976,0.8430833608749759
3.3029030354176987,0.8810235111222238
3.710644248503383,0.91210173819707
4.168720846874621,0.936770702221304
4.683346700825936,0.9557415107997207
5.261502778863538,0.9698725239710196
5.911031845476362,0.9800662680479845
6.64074484928479,0.9871865079260768
7.4605404447366075,0.9920014346965592
8.381539268677866,0.995153230241979
9.416234793278331,0.9971500718875829
10.578662801651687,0.9983743911889467
11.884591785129816,0.9991007703018638
13.351736844955687,0.9995177406305787
15.0,0.9997493087826649
