SA(0.3s) [g],Loss_ratio
0.05000000000000001,3.035567908149517e-11
0.056172467201025755,1.3649924524017367e-10
0.06310692142900626,5.786745582714303e-10
0.07089742948257126,2.313149333188491e-09
0.07964967064493539,8.71957142600799e-09
0.08948237023750269,3.100079329909633e-08
0.10052891014472326,1.0397017150554077e-07
0.11293913815718663,3.289914528914473e-07
0.1268814006769336,9.824112572276445e-07
0.14254482635890514,2.769118271223059e-06
0.16014189166643014,7.3697430625296875e-06
0.17991130314285533,1.8525483555342784e-05
0.2021212354977168,4.40009925624374e-05
0.2270729694325259,9.87945705171911e-05
0.2551049785537617,0.00020980965718761513
0.28659752081259104,0.0004217344338869611
0.3219777967548112,0.0008030578444881143
0.36172574455336326,0.0014501765615156316
0.4063805504338082,0.0024869550182677895
0.45654796280755766,0.004057681715128092
0.5129085093300529,0.006313778664118924
0.5762267283493882,0.009398776274368944
0.6473615399712076,0.013440627644690579
0.7272778974247632,0.018562945029598255
0.8170598767824696,0.02492461965540064
0.9179253825967483,0.03278939295364074
1.0312426689380967,0.042614752682663695
1.1585488999444697,0.05513695675450855
1.3015710016583038,0.07142078364275946
1.4622490880091454,0.09284219816886577
1.6427627787184707,0.12098046824279286
1.8455607661325835,0.157412383183861
2.0733940320616497,0.20342341842521722
2.329353165215711,0.25967674915749145
2.6169102854537,0.3259065112639393
2.9399661435534976,0.40071813230291164
3.3029030354176987,0.48157447073558174
3.710644248503383,0.5650134096983985
4.168720846874621,0.6470829039203746
4.683346700825936,0.7239107263127321
5.261502778863538,0.7922757349251907
5.911031845476362,0.850039529364673
6.64074484928479,0.8963387794641533
7.4605404447366075,0.9315135774773367
8.381539268677866,0.9568250282294078
9.416234793278331,0.9740658147111809
10.578662801651687,0.9851757379411982
11.884591785129816,0.9919453808377449
13.351736844955687,0.9958441829347892
15.0,0.9979656545473099
