SA(0.6s) [g],Loss_ratio
0.05000000000000001,5.0925137101698324e-08
0.056172467201025755,1.7306295481134272e-07
0.06310692142900626,5.534323223643778e-07
0.07089742948257126,1.6661684898056086e-06
0.07964967064493539,4.725186760207168e-06
0.08948237023750269,1.263207409158973e-05
0.10052891014472326,3.1861730570226235e-05
0.11293913815718663,7.590641269991649e-05
0.1268814006769336,0.00017103758802006764
0.14254482635890514,0.00036512169194520273
0.16014189166643014,0.0007399657100855829
0.17991130314285533,0.0014272440802088006
0.2021212354977168,0.0026277671620160317
0.2270729694325259,0.004634107442424279
0.2551049785537617,0.007857531857333904
0.28659752081259104,0.012861071902300469
0.3219777967548112,0.020399546100795078
0.36172574455336326,0.03146209478816561
0.4063805504338082,0.047302256939555545
0.45654796280755766,0.06942730304526566
0.5129085093300529,0.09950949680613577
0.5762267283493882,0.1391869726544998
0.6473615399712076,0.18974836067070627
0.7272778974247632,0.25174165348484806
0.8170598767824696,0.32459978637571857
0.9179253825967483,0.4064085688652527
1.0312426689380967,0.4939328724056173
1.1585488999444697,0.5829549916846666
1.3015710016583038,0.6688803762191131
1.4622490880091454,0.7474685126023741
1.6427627787184707,0.8154944617169656
1.8455607661325835,0.8711658307535958
2.0733940320616497,0.9142040785305073
2.329353165215711,0.9456107622311148
2.6169102854537,0.9672308149015866
2.9399661435534976,0.9812626911683288
3.3029030354176987,0.9898446201363442
3.710644248503383,0.9947885699978763
4.168720846874621,0.9974702890799424
4.683346700825936,0.9988394362433761
5.261502778863538,0.9994971657002423
5.911031845476362,0.9997943875697473
6.64074484928479,0.9999206977447948
7.4605404447366075,0.9999711660100343
8.381539268677866,0.9999901212265412
9.416234793278331,0.9999968121480246
10.578662801651687,0.9999990314389392
11.884591785129816,0.9999997230231843
13.351736844955687,0.999999925472561
15.0,0.9999999811362742
