SA(0.6s) [g],Loss_ratio
0.05000000000000001,4.654897578504347e-10
0.056172467201025755,1.8998115081103607e-09
0.06310692142900626,7.304387728002127e-09
0.07089742948257126,2.646033259723346e-08
0.07964967064493539,9.032723014001931e-08
0.08948237023750269,2.906282584758113e-07
0.10052891014472326,8.815536158113257e-07
0.11293913815718663,2.5215184740745578e-06
0.1268814006769336,6.803104470837207e-06
0.14254482635890514,1.731950735446297e-05
0.16014189166643014,4.162249732047596e-05
0.17991130314285533,9.447197905173566e-05
0.2021212354977168,0.0002026408191555418
0.2270729694325259,0.0004110844587984775
0.2551049785537617,0.0007894646385913972
0.28659752081259104,0.0014370276273167949
0.3219777967548112,0.0024832384639386145
0.36172574455336326,0.004082194056971889
0.4063805504338082,0.0064013576306293455
0.45654796280755766,0.009609428265283772
0.5129085093300529,0.01387268510449868
0.5762267283493882,0.01937125584674318
0.6473615399712076,0.026343770880137667
0.7272778974247632,0.03515980776430402
0.8170598767824696,0.04640635403859893
0.9179253825967483,0.060961741488037076
1.0312426689380967,0.08002329233770275
1.1585488999444697,0.1050567716253305
1.3015710016583038,0.13764744681641816
1.4622490880091454,0.17925281139996094
1.6427627787184707,0.2308834656171062
1.8455607661325835,0.2927674699803576
2.0733940320616497,0.36407766184817947
2.329353165215711,0.4428099670912883
2.6169102854537,0.5258822275274109
2.9399661435534976,0.6094734117333989
3.3029030354176987,0.6895527581281415
3.710644248503383,0.7624823960852175
4.168720846874621,0.8255445250974568
4.683346700825936,0.8772629931772709
5.261502778863538,0.9174539806401927
5.911031845476362,0.9470248252269994
6.64074484928479,0.9676093613634407
7.4605404447366075,0.9811577689445613
8.381539268677866,0.9895845964926281
9.416234793278331,0.9945351536669296
10.578662801651687,0.9972809373863172
11.884591785129816,0.9987181752605135
13.351736844955687,0.9994278937601985
15.0,0.9997584148190761
