SA(1.0s) [g],Loss_ratio
0.05000000000000001,3.1556428706414065e-05
0.056172467201025755,7.142964659386798e-05
0.06310692142900626,0.00015385564814906493
0.07089742948257126,0.00031576606737361286
0.07964967064493539,0.0006184920760122837
0.08948237023750269,0.001158421450175773
0.10052891014472326,0.002079573244882199
0.11293913815718663,0.003587894291768645
0.1268814006769336,0.0059676759813739886
0.14254482635890514,0.009601386391696793
0.16014189166643014,0.014994599293940515
0.17991130314285533,0.02280625170070814
0.2021212354977168,0.03387997157672287
0.2270729694325259,0.049264675792272526
0.2551049785537617,0.07020420579665748
0.28659752081259104,0.09807089067851202
0.3219777967548112,0.13422200248057015
0.36172574455336326,0.1797747660525141
0.4063805504338082,0.2353238160534667
0.45654796280755766,0.3006571882597651
0.5129085093300529,0.37455022445878944
0.5762267283493882,0.45471762073788136
0.6473615399712076,0.5379747927322754
0.7272778974247632,0.6206050697396868
0.8170598767824696,0.6988659649155744
0.9179253825967483,0.7695198682600753
1.0312426689380967,0.8302622925044643
1.1585488999444697,0.8799507370117594
1.3015710016583038,0.9185980521445262
1.4622490880091454,0.94716197450434
1.6427627787184707,0.9672121383363255
1.8455607661325835,0.9805723641330772
2.0733940320616497,0.989019752555738
2.329353165215711,0.9940859278866907
2.6169102854537,0.9969669054760341
2.9399661435534976,0.9985198953367469
3.3029030354176987,0.9993132112504258
3.710644248503383,0.9996971512584292
4.168720846874621,0.9998731546409954
4.683346700825936,0.999949560879828
5.261502778863538,0.999980966299692
5.911031845476362,0.9999931863652919
6.64074484928479,0.9999976869353024
7.4605404447366075,0.9999992555801
8.381539268677866,0.999999772934932
9.416234793278331,0.9999999343737923
10.578662801651687,0.999999982031917
11.884591785129816,0.9999999953405383
13.351736844955687,0.9999999988558058
15.0,0.9999999997339755
