SA(0.3s) [g],Loss_ratio
0.05000000000000001,3.8058432183518676e-08
0.056172467201025755,1.003425356194132e-07
0.06310692142900626,2.5481426802476117e-07
0.07089742948257126,6.233343168793316e-07
0.07964967064493539,1.4690570788455928e-06
0.08948237023750269,3.3361649033558654e-06
0.10052891014472326,7.301793607139562e-06
0.11293913815718663,1.5405664380413466e-05
0.1268814006769336,3.134098068910408e-05
0.14254482635890514,6.149775604108454e-05
0.16014189166643014,0.00011643397250638566
0.17991130314285533,0.00021279703974625975
0.2021212354977168,0.0003756203958587334
0.2270729694325259,0.000640786918099201
0.2551049785537617,0.0010573181075698324
0.28659752081259104,0.0016890817917622758
0.3219777967548112,0.0026155954703075417
0.36172574455336326,0.003931908014266289
0.4063805504338082,0.005748079283465318
0.45654796280755766,0.008189449169580105
0.5129085093300529,0.011399473922115278
0.5762267283493882,0.015547096976917741
0.6473615399712076,0.020840105107102644
0.7272778974247632,0.027544524076227164
0.8170598767824696,0.036007912970264046
0.9179253825967483,0.04668181758057969
1.0312426689380967,0.06013630194193557
1.1585488999444697,0.07705817694938426
1.3015710016583038,0.09822499091422501
1.4622490880091454,0.12444946629733772
1.6427627787184707,0.1564938553608838
1.8455607661325835,0.19496011831295615
2.0733940320616497,0.2401688317497272
2.329353165215711,0.29204577965821404
2.6169102854537,0.3500384936401208
2.9399661435534976,0.41308400134888446
3.3029030354176987,0.47964286047689386
3.710644248503383,0.5478036268097628
4.168720846874621,0.6154481852020486
4.683346700825936,0.6804550746749511
5.261502778863538,0.7409086877575275
5.911031845476362,0.7952798703512892
6.64074484928479,0.8425489960443531
7.4605404447366075,0.8822547134180482
8.381539268677866,0.9144669774719716
9.416234793278331,0.9396975220819588
10.578662801651687,0.9587709802759836
11.884591785129816,0.9726834322015622
13.351736844955687,0.9824723624731512
15.0,0.989114692551994
