SA(0.3s) [g],Loss_ratio
0.05000000000000001,2.5822643691220118e-06
0.056172467201025755,4.966484068313904e-06
0.06310692142900626,9.318461625706932e-06
0.07089742948257126,1.705838447232932e-05
0.07964967064493539,3.0471150257310734e-05
0.08948237023750269,5.31207624700214e-05
0.10052891014472326,9.0394416722428e-05
0.11293913815718663,0.0001501793739995927
0.1268814006769336,0.00024365455366748834
0.14254482635890514,0.00038615016665801143
0.16014189166643014,0.0005979965416084976
0.17991130314285533,0.0009052552230227551
0.2021212354977168,0.001340212586031986
0.2270729694325259,0.0019415315384281374
0.2551049785537617,0.002754011686339275
0.28659752081259104,0.0038280076749402487
0.3219777967548112,0.00521869318559538
0.36172574455336326,0.006985513637423991
0.4063805504338082,0.009192308752086658
0.45654796280755766,0.011908661527684605
0.5129085093300529,0.015212996905034038
0.5762267283493882,0.019197777426431722
0.6473615399712076,0.02397681478017057
0.7272778974247632,0.029694258597835255
0.8170598767824696,0.03653429505419202
0.9179253825967483,0.04473007315455398
1.0312426689380967,0.054569975148977684
1.1585488999444697,0.06639915451904511
1.3015710016583038,0.08061435537522134
1.4622490880091454,0.09765044346749503
1.6427627787184707,0.11795782492970332
1.8455607661325835,0.14197096609973026
2.0733940320616497,0.17006947462123734
2.329353165215711,0.2025345318793661
2.6169102854537,0.23950470851027197
2.9399661435534976,0.28093614076842893
3.3029030354176987,0.32657247446799154
3.710644248503383,0.3759296995379905
4.168720846874621,0.4282998860240681
4.683346700825936,0.48277590963922234
5.261502778863538,0.5382967094700915
5.911031845476362,0.5937098079001335
6.64074484928479,0.6478452169487855
7.4605404447366075,0.6995929542186735
8.381539268677866,0.7479756018544099
9.416234793278331,0.7922078711978933
10.578662801651687,0.8317369294809722
11.884591785129816,0.8662599865783274
13.351736844955687,0.8957188202668667
15.0,0.9202739537138624
