SA(1.0s) [g],Loss_ratio
0.05000000000000001,9.063062308919401e-05
0.056172467201025755,0.00015938390662444403
0.06310692142900626,0.00027392063039456406
0.07089742948257126,0.00046036444293920403
0.07964967064493539,0.0007571475450782406
0.08948237023750269,0.001219497265046321
0.10052891014472326,0.0019250039175742863
0.11293913815718663,0.002980322564910015
0.1268814006769336,0.004528960993038828
0.14254482635890514,0.006759937030188784
0.16014189166643014,0.009916824164015497
0.17991130314285533,0.014306326717091457
0.2021212354977168,0.020305040314844813
0.2270729694325259,0.028362510046141706
0.2551049785537617,0.03899820819507062
0.28659752081259104,0.052789789038309054
0.3219777967548112,0.070350153655783
0.36172574455336326,0.0922916752501614
0.4063805504338082,0.11917750999743638
0.45654796280755766,0.1514621959748467
0.5129085093300529,0.18942644276581527
0.5762267283493882,0.23311362820327092
0.6473615399712076,0.28227738521804874
0.7272778974247632,0.3363501193227978
0.8170598767824696,0.3944408807889935
0.9179253825967483,0.45536764105121547
1.0312426689380967,0.5177240928101918
1.1585488999444697,0.5799754708358229
1.3015710016583038,0.6405727277984506
1.4622490880091454,0.6980708562563458
1.6427627787184707,0.751236078713057
1.8455607661325835,0.7991283358877075
2.0733940320616497,0.8411496441683821
2.329353165215711,0.8770545600227182
2.6169102854537,0.9069249579857586
2.9399661435534976,0.9311163829211797
3.3029030354176987,0.9501864697829439
3.710644248503383,0.9648169311612783
4.168720846874621,0.9757395300692803
4.683346700825936,0.9836738465256726
5.261502778863538,0.9892812974887966
5.911031845476362,0.9931365620827749
6.64074484928479,0.9957148949069063
7.4605404447366075,0.9973920989040596
8.381539268677866,0.998453216151203
9.416234793278331,0.9991061091976263
10.578662801651687,0.9994967651610875
11.884591785129816,0.999724062810869
13.351736844955687,0.9998526564355046
15.0,0.9999233932241653
