SA(0.6s) [g],Loss_ratio
0.05000000000000001,4.828805122980562e-08
0.056172467201025755,1.9216889313722343e-07
0.06310692142900626,7.066896522467393e-07
0.07089742948257126,2.4023453358779095e-06
0.07964967064493539,7.552487952317e-06
0.08948237023750269,2.1969224003515196e-05
0.10052891014472326,5.9166655879228094e-05
0.11293913815718663,0.0001476399731121736
0.1268814006769336,0.00034166612866127767
0.14254482635890514,0.0007341511514667998
0.16014189166643014,0.0014669621579507409
0.17991130314285533,0.0027313429077173382
0.2021212354977168,0.0047514534846708366
0.2270729694325259,0.0077508769998503755
0.2551049785537617,0.011914968774282175
0.28659752081259104,0.017375108676166668
0.3219777967548112,0.02424367082013543
0.36172574455336326,0.03271285482889853
0.4063805504338082,0.04319958840162633
0.45654796280755766,0.05648847306094656
0.5129085093300529,0.07381392896319175
0.5762267283493882,0.09683731209720993
0.6473615399712076,0.1275019378402943
0.7272778974247632,0.16776916697782232
0.8170598767824696,0.21924748682954465
0.9179253825967483,0.2827420962015964
1.0312426689380967,0.35779611888409013
1.1585488999444697,0.44235818733771787
1.3015710016583038,0.5327472441890266
1.4622490880091454,0.6240383948312682
1.6427627787184707,0.7108518822143498
1.8455607661325835,0.7883492252136497
2.0733940320616497,0.8531258695019289
2.329353165215711,0.90371251035605
2.6169102854537,0.9405528768305214
2.9399661435534976,0.9655317604556136
3.3029030354176987,0.9812773832764506
3.710644248503383,0.9904932212940253
4.168720846874621,0.9954960261869166
4.683346700825936,0.9980123742186965
5.261502778863538,0.999184124654498
5.911031845476362,0.999688885159844
6.64074484928479,0.9998899078870618
7.4605404447366075,0.9999638818379171
8.381539268677866,0.9999890230736304
9.416234793278331,0.9999969116814479
10.578662801651687,0.9999991961179178
11.884591785129816,0.9999998065047112
13.351736844955687,0.9999999569507035
15.0,0.9999999911505641
