SA(1.0s) [g],Loss_ratio
0.05000000000000001,4.1297205079565696e-05
0.056172467201025755,7.587751782486275e-05
0.06310692142900626,0.0001360969421630498
0.07089742948257126,0.00023844528756985508
0.07964967064493539,0.00040833236243751345
0.08948237023750269,0.000683938263776207
0.10052891014472326,0.0011212444969061208
0.11293913815718663,0.001800399624815774
0.1268814006769336,0.0028334948051603917
0.14254482635890514,0.004373679331836844
0.16014189166643014,0.006625307491547855
0.17991130314285533,0.009854450776332324
0.2021212354977168,0.014398623644384845
0.2270729694325259,0.020673980623390577
0.2551049785537617,0.029177627172297143
0.28659752081259104,0.04048219587691554
0.3219777967548112,0.055219687939501154
0.36172574455336326,0.07405201233429384
0.4063805504338082,0.09762687745291697
0.45654796280755766,0.12651977709593304
0.5129085093300529,0.16116561695697934
0.5762267283493882,0.20178662959087457
0.6473615399712076,0.24832595944928224
0.7272778974247632,0.3003978754640929
0.8170598767824696,0.35726527939241737
0.9179253825967483,0.4178526364282929
1.0312426689380967,0.480797786541849
1.1585488999444697,0.5445400089168527
1.3015710016583038,0.6074353935413783
1.4622490880091454,0.6678854156760895
1.6427627787184707,0.72446184092895
1.8455607661325835,0.7760114270024332
2.0733940320616497,0.8217273151256799
2.329353165215711,0.8611797595033783
2.6169102854537,0.894305632518455
2.9399661435534976,0.9213624964056816
3.3029030354176987,0.9428576921666245
3.710644248503383,0.9594651216924281
4.168720846874621,0.9719420895378674
4.683346700825936,0.9810562044787451
5.261502778863538,0.9875287628378886
5.911031845476362,0.9919971853807212
6.64074484928479,0.9949957481825025
7.4605404447366075,0.996951525215366
8.381539268677866,0.9981912973723572
9.416234793278331,0.9989550487530477
10.578662801651687,0.9994122663502224
11.884591785129816,0.9996782345016734
13.351736844955687,0.9998285655444051
15.0,0.999911123335188
