SA(1.0s) [g],Loss_ratio
0.05000000000000001,0.00023136171649785765
0.056172467201025755,0.00037986521874407435
0.06310692142900626,0.0006127812134096634
0.07089742948257126,0.0009715807272098975
0.07964967064493539,0.0015146213195264713
0.08948237023750269,0.002322345035065038
0.10052891014472326,0.0035033335041814995
0.11293913815718663,0.005201027177285772
0.1268814006769336,0.007600721748422523
0.14254482635890514,0.01093621039624525
0.16014189166643014,0.015495161471885377
0.17991130314285533,0.021622041521996222
0.2021212354977168,0.029717167327857404
0.2270729694325259,0.040230370627124784
0.2551049785537617,0.05364786756560175
0.28659752081259104,0.07047131687198994
0.3219777967548112,0.09118877140045391
0.36172574455336326,0.11623826699894443
0.4063805504338082,0.14596606508353355
0.45654796280755766,0.18058290263871474
0.5129085093300529,0.22012276804067354
0.5762267283493882,0.26440944281502377
0.6473615399712076,0.31303608164772284
0.7272778974247632,0.36536228812746474
0.8170598767824696,0.42053147057232143
0.9179253825967483,0.4775088971248186
1.0312426689380967,0.5351381469817851
1.1585488999444697,0.5922110256598601
1.3015710016583038,0.6475439538456208
1.4622490880091454,0.7000527510923692
1.6427627787184707,0.7488178454752169
1.8455607661325835,0.7931332480099202
2.0733940320616497,0.8325349036054837
2.329353165215711,0.866806854820527
2.6169102854537,0.8959665285963656
2.9399661435534976,0.9202328986414023
3.3029030354176987,0.9399829260606929
3.710644248503383,0.9557023598347091
4.168720846874621,0.9679367071699507
4.683346700825936,0.9772471502857388
5.261502778863538,0.9841746849735359
5.911031845476362,0.9892141109131595
6.64074484928479,0.9927979987760082
7.4605404447366075,0.9952895931833468
8.381539268677866,0.9969828776571602
9.416234793278331,0.9981077248074731
10.578662801651687,0.9988381078017422
11.884591785129816,0.999301645401366
13.351736844955687,0.9995891740031467
15.0,0.9997634848424987
