SA(1.0s) [g],Loss_ratio
0.05000000000000001,1.3952574273723429e-08
0.056172467201025755,7.2613124069143e-08
0.06310692142900626,3.407510354269672e-07
0.07089742948257126,1.442553046820949e-06
0.07964967064493539,5.512511264021969e-06
0.08948237023750269,1.9027868440713025e-05
0.10052891014472326,5.937676034316053e-05
0.11293913815718663,0.00016767682769646685
0.1268814006769336,0.00042905495799401837
0.14254482635890514,0.0009964088071264755
0.16014189166643014,0.0021045374646014416
0.17991130314285533,0.004053971355462338
0.2021212354977168,0.007149303172301248
0.2270729694325259,0.011604330310232091
0.2551049785537617,0.017467582637228314
0.28659752081259104,0.024645397350902667
0.3219777967548112,0.03307064756871756
0.36172574455336326,0.04298267044443977
0.4063805504338082,0.055199470011213496
0.45654796280755766,0.07124732727767764
0.5129085093300529,0.09328666971700164
0.5762267283493882,0.1238726594071686
0.6473615399712076,0.16561690743727753
0.7272778974247632,0.2207493367737277
0.8170598767824696,0.2905180321435335
0.9179253825967483,0.3744455259824384
1.0312426689380967,0.4696840598569064
1.1585488999444697,0.5708907238703136
1.3015710016583038,0.6709506198230641
1.4622490880091454,0.7624826516754376
1.6427627787184707,0.8396034530073
1.8455607661325835,0.8992259814266661
2.0733940320616497,0.9413851316344173
2.329353165215711,0.9685748762016014
2.6169102854537,0.9845297106316463
2.9399661435534976,0.9930299530345463
3.3029030354176987,0.9971341362632755
3.710644248503383,0.9989272261549801
4.168720846874621,0.999635156345978
4.683346700825936,0.999887460025261
5.261502778863538,0.9999685597551173
5.911031845476362,0.9999920544212013
6.64074484928479,0.9999981853447284
7.4605404447366075,0.9999996257751756
8.381539268677866,0.9999999303627389
9.416234793278331,0.9999999883138497
10.578662801651687,0.999999998232284
11.884591785129816,0.9999999997590713
13.351736844955687,0.9999999999704232
15.0,0.9999999999967306
