SA(1.0s) [g],Loss_ratio
0.05000000000000001,0.00020880669600631952
0.056172467201025755,0.0003346343457653389
0.06310692142900626,0.0005281322786312049
0.07089742948257126,0.0008210241887767312
0.07964967064493539,0.0012574774801207501
0.08948237023750269,0.0018978390257577914
0.10052891014472326,0.0028229955404287747
0.11293913815718663,0.004139249299418346
0.1268814006769336,0.005983483960986064
0.14254482635890514,0.008528250656926629
0.16014189166643014,0.011986239586803754
0.17991130314285533,0.016613433612271224
0.2021212354977168,0.022710093555966693
0.2270729694325259,0.030618634342936567
0.2551049785537617,0.04071745643615153
0.28659752081259104,0.053409937249274675
0.3219777967548112,0.06910809216735972
0.36172574455336326,0.08821089486811486
0.4063805504338082,0.11107788313890957
0.45654796280755766,0.1379994151105291
0.5129085093300529,0.1691656915914174
0.5762267283493882,0.20463730460048357
0.6473615399712076,0.24432048021870786
0.7272778974247632,0.287950237456737
0.8170598767824696,0.33508430462177446
0.9179253825967483,0.385109803951635
1.0312426689380967,0.4372634947234775
1.1585488999444697,0.49066489295685284
1.3015710016583038,0.5443600616568867
1.4622490880091454,0.5973725180703431
1.6427627787184707,0.6487567504394344
1.8455607661325835,0.6976494387875096
2.0733940320616497,0.7433137071924497
2.329353165215711,0.7851725692440821
2.6169102854537,0.8228290344212896
2.9399661435534976,0.8560719162501317
3.3029030354176987,0.8848679828983134
3.710644248503383,0.9093424863580484
4.168720846874621,0.9297511168284671
4.683346700825936,0.9464469517240156
5.261502778863538,0.9598459895929321
5.911031845476362,0.9703944441455719
6.64074484928479,0.9785402466136964
7.4605404447366075,0.984710317778158
8.381539268677866,0.9892942736143635
9.416234793278331,0.9926344427402776
10.578662801651687,0.9950214796357836
11.884591785129816,0.9966944885286751
13.351736844955687,0.9978444213506834
15.0,0.9986195418753215
