SA(0.6s) [g],Loss_ratio
0.05000000000000001,1.134624350029867e-08
0.056172467201025755,4.2358962948352286e-08
0.06310692142900626,1.4830989258363126e-07
0.07089742948257126,4.871175686704811e-07
0.07964967064493539,1.501282380222957e-06
0.08948237023750269,4.34315865562307e-06
0.10052891014472326,1.1798965842357846e-05
0.11293913815718663,3.0115971359778727e-05
0.1268814006769336,7.226634559416302e-05
0.14254482635890514,0.00016315558108408458
0.16014189166643014,0.00034691769768946943
0.17991130314285533,0.0006956079732623576
0.2021212354977168,0.0013174538745638676
0.2270729694325259,0.0023619803802231
0.2551049785537617,0.0040198388665983855
0.28659752081259104,0.006517977831939066
0.3219777967548112,0.010115752381481975
0.36172574455336326,0.015112625138503318
0.4063805504338082,0.021879537806661405
0.45654796280755766,0.030920204257791163
0.5129085093300529,0.04295460914662623
0.5762267283493882,0.05899851307573023
0.6473615399712076,0.08039722649378958
0.7272778974247632,0.10876761885843583
0.8170598767824696,0.14581491805509747
0.9179253825967483,0.19302116139946615
1.0312426689380967,0.2512455169264192
1.1585488999444697,0.32032256195634096
1.3015710016583038,0.39877666124249794
1.4622490880091454,0.48376992549742037
1.6427627787184707,0.5713550502967363
1.8455607661325835,0.6570173847971208
2.0733940320616497,0.7363907542797454
2.329353165215711,0.8059614078162742
2.6169102854537,0.8635696512985813
2.9399661435534976,0.9085861007393838
3.3029030354176987,0.9417504737057691
3.710644248503383,0.9647662652638417
4.168720846874621,0.9798017658574876
4.683346700825936,0.9890417104432668
5.261502778863538,0.994380386087675
5.911031845476362,0.9972790010820963
6.64074484928479,0.9987572371688394
7.4605404447366075,0.9994650479886645
8.381539268677866,0.9997831399673763
9.416234793278331,0.99991726461782
10.578662801651687,0.9999703112438816
11.884591785129816,0.9999899849612613
13.351736844955687,0.9999968255408717
15.0,0.9999990549331311
