SA(0.3s) [g],Loss_ratio
0.05000000000000001,7.040986050865783e-08
0.056172467201025755,1.718942425510406e-07
0.06310692142900626,4.059506898135279e-07
0.07089742948257126,9.275240215655957e-07
0.07964967064493539,2.050601560749099e-06
0.08948237023750269,4.387490875784606e-06
0.10052891014472326,9.086928548063256e-06
0.11293913815718663,1.8221595166190153e-05
0.1268814006769336,3.538712998277794e-05
0.14254482635890514,6.657917342987596e-05
0.16014189166643014,0.00012140555422089916
0.17991130314285533,0.00021466139313370826
0.2021212354977168,0.00036824412669144156
0.2270729694325259,0.0006133213796614467
0.2551049785537617,0.000992609061942923
0.28659752081259104,0.0015626054749589724
0.3219777967548112,0.0023957008319392186
0.36172574455336326,0.0035822701615684243
0.4063805504338082,0.00523315483745776
0.45654796280755766,0.007483278143786083
0.5129085093300529,0.010497387966455357
0.5762267283493882,0.014478886815411774
0.6473615399712076,0.019682206007375865
0.7272778974247632,0.026428094277870642
0.8170598767824696,0.0351195720259284
0.9179253825967483,0.04625442509020482
1.0312426689380967,0.060428474281088516
1.1585488999444697,0.07832309819153496
1.3015710016583038,0.10067122571526368
1.4622490880091454,0.12819863810446008
1.6427627787184707,0.16154188001199207
1.8455607661325835,0.20114976516417102
2.0733940320616497,0.24718121982291344
2.329353165215711,0.29941653007515096
2.6169102854537,0.3572004537304942
2.9399661435534976,0.41943310075979845
3.3029030354176987,0.48461784486611115
3.710644248503383,0.5509657859857839
4.168720846874621,0.6165454408168614
4.683346700825936,0.6794569620611406
5.261502778863538,0.7380046976732498
5.911031845476362,0.7908418283375119
6.64074484928479,0.837066287650672
7.4605404447366075,0.8762568126316561
8.381539268677866,0.9084493491628348
9.416234793278331,0.9340643747502035
10.578662801651687,0.9538027213136067
11.884591785129816,0.9685300079196593
13.351736844955687,0.9791679543141922
15.0,0.9866058407620449
