SA(0.3s) [g],Loss_ratio
0.05000000000000001,4.255459128599259e-06
0.056172467201025755,8.879247251558643e-06
0.06310692142900626,1.7957685523384282e-05
0.07089742948257126,3.521877318473088e-05
0.07964967064493539,6.70174614414598e-05
0.08948237023750269,0.00012381465303101802
0.10052891014472326,0.0002222553056699328
0.11293913815718663,0.00038797497400592796
0.1268814006769336,0.000659257641665223
0.14254482635890514,0.0010916631996223892
0.16014189166643014,0.0017637510876345075
0.17991130314285533,0.002784051364974044
0.2021212354977168,0.004299458784153581
0.2270729694325259,0.006505196725951267
0.2551049785537617,0.009656322711568143
0.28659752081259104,0.014080307409270614
0.3219777967548112,0.02018941712975643
0.36172574455336326,0.028490461005990796
0.4063805504338082,0.039588093922871596
0.45654796280755766,0.05417667632485882
0.5129085093300529,0.07301525037276044
0.5762267283493882,0.09688112006385065
0.6473615399712076,0.12650026761895322
0.7272778974247632,0.16245740759037913
0.8170598767824696,0.20509424543467344
0.9179253825967483,0.25441018664622217
1.0312426689380967,0.3099836359795977
1.1585488999444697,0.37093249033100284
1.3015710016583038,0.43592846534657226
1.4622490880091454,0.5032716473216994
1.6427627787184707,0.5710205952637668
1.8455607661325835,0.637161962754814
2.0733940320616497,0.6997948795500982
2.329353165215711,0.757301635488584
2.6169102854537,0.8084786529021446
2.9399661435534976,0.8526097391780602
3.3029030354176987,0.8894750810455438
3.710644248503383,0.9193014316203973
4.168720846874621,0.9426685786787992
4.683346700825936,0.9603925029394634
5.261502778863538,0.9734060428085546
5.911031845476362,0.9826541264725954
6.64074484928479,0.989014371059349
7.4605404447366075,0.9932470129952721
8.381539268677866,0.9959723423397921
9.416234793278331,0.9976700151706214
10.578662801651687,0.998693019806511
11.884591785129816,0.999289304621437
13.351736844955687,0.9996254668969329
15.0,0.9998087540957311
