SA(0.3s) [g],Loss_ratio
0.05000000000000001,3.8864955862472075e-07
0.056172467201025755,1.0432100103818786e-06
0.06310692142900626,2.670190066222933e-06
0.07089742948257126,6.518650052628195e-06
0.07964967064493539,1.5181627177640601e-05
0.08948237023750269,3.373948083737477e-05
0.10052891014472326,7.157298531309531e-05
0.11293913815718663,0.00014497809957439992
0.1268814006769336,0.00028052749736227623
0.14254482635890514,0.0005187726476616306
0.16014189166643014,0.0009173944065371864
0.17991130314285533,0.0015524317771025476
0.2021212354977168,0.0025160138840294114
0.2270729694325259,0.003909416120406073
0.2551049785537617,0.005831490973415188
0.28659752081259104,0.008364523596662026
0.3219777967548112,0.011561827042406459
0.36172574455336326,0.0154430207718387
0.4063805504338082,0.020002931013515437
0.45654796280755766,0.025237799645535252
0.5129085093300529,0.03118819519670415
0.5762267283493882,0.03799282116556349
0.6473615399712076,0.045943013381368504
0.7272778974247632,0.05552563617855373
0.8170598767824696,0.06744293280670036
0.9179253825967483,0.08260103716130156
1.0312426689380967,0.10206285912238512
1.1585488999444697,0.12696459475940064
1.3015710016583038,0.1583979770157572
1.4622490880091454,0.19726376118490013
1.6427627787184707,0.24410759627303474
1.8455607661325835,0.2989580455653992
2.0733940320616497,0.36119616586403536
2.329353165215711,0.42949206484962166
2.6169102854537,0.5018406417925676
2.9399661435534976,0.575712974782295
3.3029030354176987,0.6483133712249358
3.710644248503383,0.7169024695565291
4.168720846874621,0.7791246576306592
4.683346700825936,0.8332726429909612
5.261502778863538,0.8784365113903976
5.911031845476362,0.9145145320372426
6.64074484928479,0.9420979127214314
7.4605404447366075,0.962269939312521
8.381539268677866,0.9763732520649412
9.416234793278331,0.9857955870923573
10.578662801651687,0.9918084096498109
11.884591785129816,0.9954720679816944
13.351736844955687,0.997602747273525
15.0,0.9987851118678824
