SA(0.6s) [g],Loss_ratio
0.05000000000000001,4.350860021151704e-08
0.056172467201025755,1.377357280840652e-07
0.06310692142900626,4.130905645050032e-07
0.07089742948257126,1.1739624848849942e-06
0.07964967064493539,3.1620398826981423e-06
0.08948237023750269,8.074045125894269e-06
0.10052891014472326,1.955001339750129e-05
0.11293913815718663,4.49028478751723e-05
0.1268814006769336,9.786589877018303e-05
0.14254482635890514,0.0002024903381301846
0.16014189166643014,0.0003979308590682462
0.17991130314285533,0.0007431787657449563
0.2021212354977168,0.0013199548169330222
0.2270729694325259,0.0022313113388176377
0.2551049785537617,0.003593562601060624
0.28659752081259104,0.005520494595805281
0.3219777967548112,0.008101543894692276
0.36172574455336326,0.011379193647182862
0.4063805504338082,0.015333850409248352
0.45654796280755766,0.019885242401622403
0.5129085093300529,0.024916730026213973
0.5762267283493882,0.030322987515336193
0.6473615399712076,0.036074052742698245
0.7272778974247632,0.042282543891480624
0.8170598767824696,0.04925851784756859
0.9179253825967483,0.05753912912269189
1.0312426689380967,0.0678868804892082
1.1585488999444697,0.08125784626943916
1.3015710016583038,0.0987461197279236
1.4622490880091454,0.12151038951217284
1.6427627787184707,0.15068341342622255
1.8455607661325835,0.18725918289442137
2.0733940320616497,0.23195180205329713
2.329353165215711,0.2850292544931168
2.6169102854537,0.34614381968557617
2.9399661435534976,0.41420154741967735
3.3029030354176987,0.48732401652165164
3.710644248503383,0.5629462877423079
4.168720846874621,0.6380633858671735
4.683346700825936,0.7095928473410842
5.261502778863538,0.7747800172709794
5.911031845476362,0.8315533178237068
6.64074484928479,0.8787478053793444
7.4605404447366075,0.9161532916465567
8.381539268677866,0.9443933718771844
9.416234793278331,0.9646851319211369
10.578662801651687,0.9785517926687752
11.884591785129816,0.9875577612622733
13.351736844955687,0.9931133750483885
15.0,0.9963667894251347
