SA(0.3s) [g],Loss_ratio
0.05000000000000001,6.365988992396156e-07
0.056172467201025755,1.379521496835956e-06
0.06310692142900626,2.900415039741588e-06
0.07089742948257126,5.917114734454998e-06
0.07964967064493539,1.171475170770875e-05
0.08948237023750269,2.251083716124369e-05
0.10052891014472326,4.1991013908943e-05
0.11293913815718663,7.605156387818223e-05
0.1268814006769336,0.0001337643333368166
0.14254482635890514,0.00022853956376291397
0.16014189166643014,0.00037940105360545484
0.17991130314285533,0.0006122124093434045
0.2021212354977168,0.0009606196998047267
0.2270729694325259,0.0014664326608567148
0.2551049785537617,0.002179189194958292
0.28659752081259104,0.0031547697094451103
0.3219777967548112,0.004453165895573691
0.36172574455336326,0.006135847983534826
0.4063805504338082,0.008263557793265387
0.45654796280755766,0.01089568277799779
0.5129085093300529,0.014092514659265693
0.5762267283493882,0.01792154832909404
0.6473615399712076,0.022468462275585247
0.7272778974247632,0.02785255138712267
0.8170598767824696,0.034245262855756416
0.9179253825967483,0.04188930597213387
1.0312426689380967,0.051114803209820196
1.1585488999444697,0.06234835531086359
1.3015710016583038,0.07611088854965246
1.4622490880091454,0.09300083995638048
1.6427627787184707,0.11366063080564118
1.8455607661325835,0.13872641151428447
2.0733940320616497,0.16876358004202285
2.329353165215711,0.20419333106732185
2.6169102854537,0.2452181160016757
2.9399661435534976,0.2917558945643425
3.3029030354176987,0.343393875867956
3.710644248503383,0.39937156917390165
4.168720846874621,0.45860010829685594
4.683346700825936,0.5197201042147344
5.261502778863538,0.5811943524002249
5.911031845476362,0.6414256684610831
6.64074484928479,0.6988852751437653
7.4605404447366075,0.7522347232779476
8.381539268677866,0.8004250167646182
9.416234793278331,0.8427604025333598
10.578662801651687,0.8789203792017475
11.884591785129816,0.9089405041841794
13.351736844955687,0.9331589873446636
15.0,0.9521405466244959
