SA(0.6s) [g],Loss_ratio
0.05000000000000001,3.0415412466400228e-09
0.056172467201025755,1.4470766812602066e-08
0.06310692142900626,6.336772974124827e-08
0.07089742948257126,2.554762750850426e-07
0.07964967064493539,9.486050017049053e-07
0.08948237023750269,3.24520900439329e-06
0.10052891014472326,1.0233416982252663e-05
0.11293913815718663,2.9761311259912662e-05
0.1268814006769336,7.987510760396055e-05
0.14254482635890514,0.00019798168828608634
0.16014189166643014,0.00045361008832452425
0.17991130314285533,0.0009617315465404731
0.2021212354977168,0.0018893287807414672
0.2270729694325259,0.003444602302486849
0.2551049785537617,0.005839905407508833
0.28659752081259104,0.009229453351408234
0.3219777967548112,0.013639487047363813
0.36172574455336326,0.01892347083889121
0.4063805504338082,0.024776454468719945
0.45654796280755766,0.030824738368485687
0.5129085093300529,0.036775530171802594
0.5762267283493882,0.042582570841604946
0.6473615399712076,0.04857340390029569
0.7272778974247632,0.055497173083609755
0.8170598767824696,0.06448195669245604
0.9179253825967483,0.07692502714475584
1.0312426689380967,0.09436356870620889
1.1585488999444697,0.11837218031223357
1.3015710016583038,0.15049776460690112
1.4622490880091454,0.19218398544029008
1.6427627787184707,0.24459697472057837
1.8455607661325835,0.30828995199307274
2.0733940320616497,0.38274894988750296
2.329353165215711,0.4659921522993367
2.6169102854537,0.5544588359492795
2.9399661435534976,0.643355437222954
3.3029030354176987,0.7274426394874558
3.710644248503383,0.8020425485074566
4.168720846874621,0.8639312094601048
4.683346700825936,0.9118211669637486
5.261502778863538,0.9463095413621813
5.911031845476362,0.9693789302986477
6.64074484928479,0.9836865070364361
7.4605404447366075,0.9919009941272041
8.381539268677866,0.9962609398129579
9.416234793278331,0.9983976783597467
10.578662801651687,0.999363622089743
11.884591785129816,0.9997660735634741
13.351736844955687,0.9999205031689693
15.0,0.9999750477743458
