SA(0.6s) [g],Loss_ratio
0.05000000000000001,4.798476405998287e-07
0.056172467201025755,1.5018465803373628e-06
0.06310692142900626,4.4051582433868315e-06
0.07089742948257126,1.2114606134699945e-05
0.07964967064493539,3.125448896235117e-05
0.08948237023750269,7.569617798072747e-05
0.10052891014472326,0.0001722566654634827
0.11293913815718663,0.00036872761509098575
0.1268814006769336,0.0007435141888955444
0.14254482635890514,0.0014149382205436213
0.16014189166643014,0.002547423983660752
0.17991130314285533,0.004352484446552519
0.2021212354977168,0.007085581326645169
0.2270729694325259,0.011045140402046478
0.2551049785537617,0.016584752360671397
0.28659752081259104,0.0241497944783795
0.3219777967548112,0.03434193470769379
0.36172574455336326,0.0479992863063036
0.4063805504338082,0.06626130541841241
0.45654796280755766,0.09057419632922734
0.5129085093300529,0.12259272003918194
0.5762267283493882,0.16395239602436984
0.6473615399712076,0.21592147110010057
0.7272778974247632,0.27898840885828335
0.8170598767824696,0.3524854646053798
0.9179253825967483,0.4343736144107224
1.0312426689380967,0.521299163782781
1.1585488999444697,0.608968483419621
1.3015710016583038,0.692787447198605
1.4622490880091454,0.7686132959930753
1.6427627787184707,0.8334148831519087
1.8455607661325835,0.8856618553712415
2.0733940320616497,0.9253571352394392
2.329353165215711,0.9537481272978616
2.6169102854537,0.972846786978114
2.9399661435534976,0.9849212636448766
3.3029030354176987,0.9920905841581824
3.710644248503383,0.9960860385800526
4.168720846874621,0.9981748339655674
4.683346700825936,0.999198729309972
5.261502778863538,0.9996691173485674
5.911031845476362,0.9998715728114913
6.64074484928479,0.9999531794028497
7.4605404447366075,0.999983976531639
8.381539268677866,0.99999485496663
9.416234793278331,0.9999984507168236
10.578662801651687,0.9999995626728194
11.884591785129816,0.99999988432012
13.351736844955687,0.9999999713354182
15.0,0.9999999933480882
