SA(0.6s) [g],Loss_ratio
0.05000000000000001,3.0110049814568995e-08
0.056172467201025755,1.2992542215428672e-07
0.06310692142900626,5.146590536742046e-07
0.07089742948257126,1.8722129361825603e-06
0.07964967064493539,6.257435746598317e-06
0.08948237023750269,1.9225283946322506e-05
0.10052891014472326,5.433207513662608e-05
0.11293913815718663,0.00014134214542723121
0.1268814006769336,0.00033877414942162787
0.14254482635890514,0.0007489434417447649
0.16014189166643014,0.0015292453169453157
0.17991130314285533,0.00288891244613248
0.2021212354977168,0.005060195529376665
0.2270729694325259,0.008241643126719322
0.2551049785537617,0.012529364099842823
0.28659752081259104,0.017871792552141618
0.3219777967548112,0.024089753478862958
0.36172574455336326,0.0309848214487464
0.4063805504338082,0.03851823538121593
0.45654796280755766,0.04700102486927663
0.5129085093300529,0.05722087672054583
0.5762267283493882,0.07045641518350716
0.6473615399712076,0.08838145125084103
0.7272778974247632,0.11290410079421784
0.8170598767824696,0.1459839117811539
0.9179253825967483,0.18942261611580719
1.0312426689380967,0.24457475405105117
1.1585488999444697,0.3119358712157245
1.3015710016583038,0.39066309505846997
1.4622490880091454,0.47821345079034916
1.6427627787184707,0.5703443480644074
1.8455607661325835,0.6616308273146004
2.0733940320616497,0.7464363128370524
2.329353165215711,0.8200451025785408
2.6169102854537,0.8795629474721832
2.9399661435534976,0.924281697134931
3.3029030354176987,0.9554355796897288
3.710644248503383,0.9755210522898938
4.168720846874621,0.9874846715619803
4.683346700825936,0.9940582962647166
5.261502778863538,0.9973859874999288
5.911031845476362,0.9989361925418621
6.64074484928479,0.9996001314642002
7.4605404447366075,0.9998613541052661
8.381539268677866,0.9999557051288211
9.416234793278331,0.9999869728219
10.578662801651687,0.9999964758548159
11.884591785129816,0.9999991236600264
13.351736844955687,0.9999997998017647
15.0,0.9999999580040428
