SA(0.3s) [g],Loss_ratio
0.05000000000000001,9.465128536501055e-09
0.056172467201025755,3.0719389865208064e-08
0.06310692142900626,9.480006266104901e-08
0.07089742948257126,2.782136511170208e-07
0.07964967064493539,7.76593016188487e-07
0.08948237023750269,2.062215706916115e-06
0.10052891014472326,5.210638207769902e-06
0.11293913815718663,1.2530451177655834e-05
0.1268814006769336,2.868655769843187e-05
0.14254482635890514,6.254030452105264e-05
0.16014189166643014,0.00012988694628457976
0.17991130314285533,0.00025708315408312643
0.2021212354977168,0.00048516892026144177
0.2270729694325259,0.0008735131457719037
0.2551049785537617,0.0015013979951057298
0.28659752081259104,0.002465613328516131
0.3219777967548112,0.0038724674033955796
0.36172574455336326,0.0058239568507785335
0.4063805504338082,0.008400157487326388
0.45654796280755766,0.011642635830738435
0.5129085093300529,0.015545769407702687
0.5762267283493882,0.020063084834974626
0.6473615399712076,0.025133305715696108
0.7272778974247632,0.03072596379706142
0.8170598767824696,0.03690050979321932
0.9179253825967483,0.0438678925184872
1.0312426689380967,0.05204137860976982
1.1585488999444697,0.06206466687143554
1.3015710016583038,0.07480928488830632
1.4622490880091454,0.09133787392634465
1.6427627787184707,0.11283328274668594
1.8455607661325835,0.1404947159331062
2.0733940320616497,0.17540287107828978
2.329353165215711,0.21835891373264943
2.6169102854537,0.26970977467767865
2.9399661435534976,0.3291843592307792
3.3029030354176987,0.39577748829029286
3.710644248503383,0.4677233676617966
4.168720846874621,0.5425912731991622
4.683346700825936,0.6175111133882096
5.261502778863538,0.6895013966344483
5.911031845476362,0.7558390678718769
6.64074484928479,0.8143931348849177
7.4605404447366075,0.8638502309749652
8.381539268677866,0.9037890289299271
9.416234793278331,0.9346013463893046
10.578662801651687,0.9572960926202644
11.884591785129816,0.9732453402630831
13.351736844955687,0.9839343984158632
15.0,0.99076277178539
