SA(0.6s) [g],Loss_ratio
0.05000000000000001,1.22097433558066e-07
0.056172467201025755,4.787067263478663e-07
0.06310692142900626,1.7268366751588272e-06
0.07089742948257126,5.7340677032557965e-06
0.07964967064493539,1.7537257223931843e-05
0.08948237023750269,4.943871218741069e-05
0.10052891014472326,0.00012858264161316193
0.11293913815718663,0.00030890538644097747
0.1268814006769336,0.0006865539761192586
0.14254482635890514,0.0014145922956340098
0.16014189166643014,0.0027096136247641233
0.17991130314285533,0.004843303987182835
0.2021212354977168,0.008119729960452954
0.2270729694325259,0.01285373876754743
0.2551049785537617,0.01937939489017279
0.28659752081259104,0.028116722627865822
0.3219777967548112,0.03970161754524083
0.36172574455336326,0.05514378383471327
0.4063805504338082,0.07594134700862053
0.45654796280755766,0.10406917156499129
0.5129085093300529,0.14177735794700835
0.5762267283493882,0.19117951807918865
0.6473615399712076,0.25366992477597505
0.7272778974247632,0.32928311375012853
0.8170598767824696,0.41618713700638776
0.9179253825967483,0.5105405091507353
1.0312426689380967,0.6068847720541902
1.1585488999444697,0.6990683045922715
1.3015710016583038,0.7814645835417842
1.4622490880091454,0.8500871052935024
1.6427627787184707,0.9032220146226968
1.8455607661325835,0.9414019682607444
2.0733940320616497,0.9668194767956612
2.329353165215711,0.9824748711354789
2.6169102854537,0.9913852474867952
2.9399661435534976,0.9960664990567623
3.3029030354176987,0.9983345464518403
3.710644248503383,0.9993470770202408
4.168720846874621,0.9997632922676011
4.683346700825936,0.9999207309196689
5.261502778863538,0.9999755025254444
5.911031845476362,0.9999930191697038
6.64074484928479,0.9999981670416493
7.4605404447366075,0.9999995568079494
8.381539268677866,0.9999999013729665
9.416234793278331,0.9999999798085768
10.578662801651687,0.9999999961986824
11.884591785129816,0.9999999993421149
13.351736844955687,0.9999999998953627
15.0,0.999999999984709
