SA(0.3s) [g],Loss_ratio
0.05000000000000001,6.546158948406156e-07
0.056172467201025755,1.60782114599356e-06
0.06310692142900626,3.7897850440837826e-06
0.07089742948257126,8.574322243015686e-06
0.07964967064493539,1.8624676576339817e-05
0.08948237023750269,3.885010612063034e-05
0.10052891014472326,7.784670764395263e-05
0.11293913815718663,0.0001498949514605941
0.1268814006769336,0.0002774706995789966
0.14254482635890514,0.0004940309845321844
0.16014189166643014,0.0008465872161731004
0.17991130314285533,0.0013973576800981658
0.2021212354977168,0.0022237335628332634
0.2270729694325259,0.003416054641676425
0.2551049785537617,0.0050733776495422486
0.28659752081259104,0.007298494204745626
0.3219777967548112,0.010194665006430344
0.36172574455336326,0.013867426028663789
0.4063805504338082,0.01843484763803688
0.45654796280755766,0.024048372796991017
0.5129085093300529,0.030923763435566787
0.5762267283493882,0.03937816250153183
0.6473615399712076,0.04986567247598683
0.7272778974247632,0.06300118104925939
0.8170598767824696,0.07956132222502646
0.9179253825967483,0.10045296934088832
1.0312426689380967,0.1266436023660664
1.1585488999444697,0.1590539931020575
1.3015710016583038,0.19842131828499554
1.4622490880091454,0.2451490756348237
1.6427627787184707,0.2991675334550111
1.8455607661325835,0.35983280184198874
2.0733940320616497,0.4258916740655175
2.329353165215711,0.49553151395499
2.6169102854537,0.5665197820480509
2.9399661435534976,0.636418903002256
3.3029030354176987,0.7028439079071659
3.710644248503383,0.7637182734420302
4.168720846874621,0.8174819430498129
4.683346700825936,0.8632157693592846
5.261502778863538,0.9006657873798203
5.911031845476362,0.930173072599598
6.64074484928479,0.9525339040808658
7.4605404447366075,0.9688255825775618
8.381539268677866,0.9802337813784602
9.416234793278331,0.9879093429724431
10.578662801651687,0.9928698487867043
11.884591785129816,0.9959484698532479
13.351736844955687,0.9977829046728295
15.0,0.998832142351489
