SA(0.6s) [g],Loss_ratio
0.05000000000000001,9.380935801495127e-08
0.056172467201025755,3.047401328393207e-07
0.06310692142900626,9.321298312769955e-07
0.07089742948257126,2.685316002426497e-06
0.07964967064493539,7.2880576539924306e-06
0.08948237023750269,1.8641051117185283e-05
0.10052891014472326,4.495107230875762e-05
0.11293913815718663,0.0001022397046684276
0.1268814006769336,0.0002194550782702254
0.14254482635890514,0.0004448396111311648
0.16014189166643014,0.0008522004744320466
0.17991130314285533,0.0015445201364687412
0.2021212354977168,0.0026515827542973104
0.2270729694325259,0.004318937148206659
0.2551049785537617,0.006688346925277067
0.28659752081259104,0.009874735553996258
0.3219777967548112,0.013949864437564425
0.36172574455336326,0.018945685953250718
0.4063805504338082,0.024887695735699607
0.45654796280755766,0.031859906051561186
0.5129085093300529,0.04009078613926856
0.5762267283493882,0.05003877966934006
0.6473615399712076,0.062451838512829524
0.7272778974247632,0.07837954038170858
0.8170598767824696,0.09912589853165399
0.9179253825967483,0.12614044172964828
1.0312426689380967,0.16085089608782488
1.1585488999444697,0.20444455779834184
1.3015710016583038,0.2576134544430039
1.4622490880091454,0.3202956645456461
1.6427627787184707,0.3914685809737163
1.8455607661325835,0.4690662010916416
2.0733940320616497,0.5500846645100685
2.329353165215711,0.6308993849139868
2.6169102854537,0.7077520277316285
2.9399661435534976,0.7773018848407023
3.3029030354176987,0.8371040105457117
3.710644248503383,0.8858936015713277
4.168720846874621,0.9236172831412774
4.683346700825936,0.9512312477474965
5.261502778863538,0.9703507453670237
5.911031845476362,0.9828621793160413
6.64074484928479,0.9905944727873587
7.4605404447366075,0.9951047249050033
8.381539268677866,0.9975863400087117
9.416234793278331,0.9988736569648
10.578662801651687,0.9995029524299543
11.884591785129816,0.999792729905652
13.351736844955687,0.9999183788607782
15.0,0.9999696649288752
