SA(0.3s) [g],Loss_ratio
0.05000000000000001,7.430654451745512e-08
0.056172467201025755,2.0935490366857933e-07
0.06310692142900626,5.636820350540806e-07
0.07089742948257126,1.4505972948331004e-06
0.07964967064493539,3.568582402013743e-06
0.08948237023750269,8.393914774379453e-06
0.10052891014472326,1.8881989012847772e-05
0.11293913815718663,4.0630490440607406e-05
0.1268814006769336,8.36563258088452e-05
0.14254482635890514,0.00016486413714597028
0.16014189166643014,0.0003110947850535006
0.17991130314285533,0.0005623165640891602
0.2021212354977168,0.0009740965916578859
0.2270729694325259,0.0016180901249487013
0.2551049785537617,0.002579126759322831
0.28659752081259104,0.003947804230610352
0.3219777967548112,0.005808490265956951
0.36172574455336326,0.008224223735104346
0.4063805504338082,0.01122182593682794
0.45654796280755766,0.01478193586844212
0.5129085093300529,0.018838961118764676
0.5762267283493882,0.023294633862143158
0.6473615399712076,0.028046057025212515
0.7272778974247632,0.03302550762232669
0.8170598767824696,0.038245932302438196
0.9179253825967483,0.04384412237209002
1.0312426689380967,0.050113641984433306
1.1585488999444697,0.05752162345573734
1.3015710016583038,0.06670672522158844
1.4622490880091454,0.07845860734279085
1.6427627787184707,0.09368098638891752
1.8455607661325835,0.11334004732354151
2.0733940320616497,0.13839812100709922
2.329353165215711,0.16973063978160552
2.6169102854537,0.2080246996589435
2.9399661435534976,0.2536619332103227
3.3029030354176987,0.30659696882142545
3.710644248503383,0.36625310066789635
4.168720846874621,0.43146430376959943
4.683346700825936,0.5004923620096974
5.261502778863538,0.5711367353651998
5.911031845476362,0.6409341736187469
6.64074484928479,0.7074207711972099
7.4605404447366075,0.7684094926676146
8.381539268677866,0.8222286709326505
9.416234793278331,0.8678749431936242
10.578662801651687,0.905055212161122
11.884591785129816,0.9341194359871682
13.351736844955687,0.9559105114265539
15.0,0.9715721010943822
