SA(0.6s) [g],Loss_ratio
0.05000000000000001,4.3660821624769144e-10
0.056172467201025755,2.398714665785562e-09
0.06310692142900626,1.2067832599882422e-08
0.07089742948257126,5.5611198201965806e-08
0.07964967064493539,2.3480846588208594e-07
0.08948237023750269,9.087439058419467e-07
0.10052891014472326,3.224996191003582e-06
0.11293913815718663,1.0500064593704784e-05
0.1268814006769336,3.13821975286066e-05
0.14254482635890514,8.615968131735486e-05
0.16014189166643014,0.00021747696145910103
0.17991130314285533,0.0005051758855676769
0.2021212354977168,0.001081222362359402
0.2270729694325259,0.0021353478273812678
0.2551049785537617,0.0038984227484735565
0.28659752081259104,0.006594051397029221
0.3219777967548112,0.010363033117685294
0.36172574455336326,0.01518657143608677
0.4063805504338082,0.020849967038269215
0.45654796280755766,0.026984436487125212
0.5129085093300529,0.0331962005482015
0.5762267283493882,0.039251611719948086
0.6473615399712076,0.04525745648757396
0.7272778974247632,0.0517735402093132
0.8170598767824696,0.0598209963224656
0.9179253825967483,0.07079173288617054
1.0312426689380967,0.08630381444029651
1.1585488999444697,0.10806428940620727
1.3015710016583038,0.1377771895085881
1.4622490880091454,0.17707046126593048
1.6427627787184707,0.22734875126552714
1.8455607661325835,0.2894740609055484
2.0733940320616497,0.3632739112169861
2.329353165215711,0.44703860928307887
2.6169102854537,0.5372842030851873
2.9399661435534976,0.6290205252420307
3.3029030354176987,0.7165636758173941
3.710644248503383,0.7946719357222278
4.168720846874621,0.8596127314489721
4.683346700825936,0.9097850869911153
5.261502778863538,0.945716762301535
5.911031845476362,0.9695189341204503
6.64074484928479,0.9840750155715727
7.4605404447366075,0.9922789118967844
8.381539268677866,0.9965338828549187
9.416234793278331,0.9985621146682999
10.578662801651687,0.9994497048234867
11.884591785129816,0.9998059825297744
13.351736844955687,0.9999370583616065
15.0,0.9999812307210796
