SA(0.6s) [g],Loss_ratio
0.05000000000000001,3.3158441312686195e-07
0.056172467201025755,1.0297857784280495e-06
0.06310692142900626,3.0055778655557753e-06
0.07089742948257126,8.246505564196705e-06
0.07964967064493539,2.1277767317290368e-05
0.08948237023750269,5.165052419947026e-05
0.10052891014472326,0.00011801183421781824
0.11293913815718663,0.0002539376469350152
0.1268814006769336,0.0005149647842203564
0.14254482635890514,0.0009850072949440845
0.16014189166643014,0.0017789360501711316
0.17991130314285533,0.0030373976408621163
0.2021212354977168,0.004911111717883337
0.2270729694325259,0.00753570064348224
0.2551049785537617,0.011004055087263999
0.28659752081259104,0.015348979507672134
0.3219777967548112,0.020550824870077745
0.36172574455336326,0.02658009909634551
0.4063805504338082,0.03347368472532649
0.45654796280755766,0.04142929333724807
0.5129085093300529,0.0508926497758097
0.5762267283493882,0.06261096794245041
0.6473615399712076,0.07763502702893034
0.7272778974247632,0.09726522045837002
0.8170598767824696,0.12294635048637782
0.9179253825967483,0.15611703139264865
1.0312426689380967,0.19801559732323917
1.1585488999444697,0.2494454775666713
1.3015710016583038,0.31051849084610117
1.4622490880091454,0.38042358679863925
1.6427627787184707,0.4572962751478233
1.8455607661325835,0.5382679671239762
2.0733940320616497,0.6197396092012802
2.329353165215711,0.6978554882623035
2.6169102854537,0.7690777404311874
2.9399661435534976,0.8307154990707665
3.3029030354176987,0.8812693872078856
3.710644248503383,0.9205115059380264
4.168720846874621,0.9493072644177895
4.683346700825936,0.9692613276999671
5.261502778863538,0.9823067959793989
5.911031845476362,0.9903467804620681
6.64074484928479,0.9950144231523631
7.4605404447366075,0.9975653668538247
8.381539268677866,0.9988769948104915
9.416234793278331,0.9995111592077395
10.578662801651687,0.9997993474880362
11.884591785129816,0.9999223915487258
13.351736844955687,0.9999717320987256
15.0,0.9999903091026825
