SA(0.3s) [g],Loss_ratio
0.05000000000000001,5.031040032910106e-07
0.056172467201025755,1.426018004213603e-06
0.06310692142900626,3.8285800844306555e-06
0.07089742948257126,9.73933776782232e-06
0.07964967064493539,2.3483300905197127e-05
0.08948237023750269,5.369313123990138e-05
0.10052891014472326,0.00011647762861290434
0.11293913815718663,0.00023989453998236047
0.1268814006769336,0.0004694779657224702
0.14254482635890514,0.0008739500996673589
0.16014189166643014,0.0015496080776680743
0.17991130314285533,0.002621657333776328
0.2021212354977168,0.0042415172263859215
0.2270729694325259,0.006581198180634035
0.2551049785537617,0.009828942994836993
0.28659752081259104,0.014193222876873076
0.3219777967548112,0.019922969176863085
0.36172574455336326,0.02734882427782706
0.4063805504338082,0.036942691190731826
0.45654796280755766,0.04938246769581574
0.5129085093300529,0.06559894415087572
0.5762267283493882,0.08677650415004486
0.6473615399712076,0.11428176181033356
0.7272778974247632,0.1495059782813885
0.8170598767824696,0.1936271583487988
0.9179253825967483,0.24732297694742106
1.0312426689380967,0.310490476176697
1.1585488999444697,0.38204471351393127
1.3015710016583038,0.4598672276340504
1.4622490880091454,0.5409502328300457
1.6427627787184707,0.621735608434177
1.8455607661325835,0.6985913154261411
2.0733940320616497,0.7683219389717257
2.329353165215711,0.8285940853088639
2.6169102854537,0.8781801455209899
2.9399661435534976,0.9169780292359863
3.3029030354176987,0.9458290154313668
3.710644248503383,0.9662065880248532
4.168720846874621,0.9798696810458664
4.683346700825936,0.9885621279349781
5.261502778863538,0.9938071264888351
5.911031845476362,0.9968076149686749
6.64074484928479,0.9984344044525092
7.4605404447366075,0.9992700606559407
8.381539268677866,0.999676651714999
9.416234793278331,0.999863983074862
10.578662801651687,0.9999456948548139
11.884591785129816,0.9999794304940993
13.351736844955687,0.9999926112575931
15.0,0.9999974839025285
