SA(0.3s) [g],Loss_ratio
0.05000000000000001,5.646600706815664e-06
0.056172467201025755,1.1197461251105657e-05
0.06310692142900626,2.1556670350031396e-05
0.07089742948257126,4.0295888080466025e-05
0.07964967064493539,7.315749535006243e-05
0.08948237023750269,0.00012903163488661165
0.10052891014472326,0.00022116446770523713
0.11293913815718663,0.00036854136509359984
0.1268814006769336,0.0005973276431737118
0.14254482635890514,0.0009421928599356755
0.16014189166643014,0.0014473183304420157
0.17991130314285533,0.0021669227502354115
0.2021212354977168,0.0031652650644003024
0.2270729694325259,0.0045163063208905445
0.2551049785537617,0.006303509666521324
0.28659752081259104,0.00862056417724909
0.3219777967548112,0.011574028952930953
0.36172574455336326,0.015288884274814054
0.4063805504338082,0.019917637351460096
0.45654796280755766,0.025652909792587834
0.5129085093300529,0.032742375596266624
0.5762267283493882,0.04150367694430987
0.6473615399712076,0.052335774864108425
0.7272778974247632,0.06572240473185836
0.8170598767824696,0.08222320843600213
0.9179253825967483,0.1024489340753228
1.0312426689380967,0.12701891612249352
1.1585488999444697,0.1565017694032331
1.3015710016583038,0.19134353078061325
1.4622490880091454,0.23179084077812176
1.6427627787184707,0.27781949989131277
1.8455607661325835,0.3290801418315501
2.0733940320616497,0.38487223153646294
2.329353165215711,0.44415481154588854
2.6169102854537,0.5055975421776835
2.9399661435534976,0.5676693043387586
3.3029030354176987,0.6287551224818975
3.710644248503383,0.6872868156653661
4.168720846874621,0.7418698720344271
4.683346700825936,0.7913893502496527
5.261502778863538,0.8350811746371907
5.911031845476362,0.8725612470631567
6.64074484928479,0.9038119842714489
7.4605404447366075,0.9291326175802012
8.381539268677866,0.949064486559209
9.416234793278331,0.9643048032977433
10.578662801651687,0.9756218583023012
11.884591785129816,0.9837819307125689
13.351736844955687,0.9894942097876097
15.0,0.993375879956275
