SA(1.0s) [g],Loss_ratio
0.05000000000000001,8.579659727281364e-07
0.056172467201025755,2.201632475801185e-06
0.06310692142900626,5.392685079508297e-06
0.07089742948257126,1.2611352661118236e-05
0.07964967064493539,2.8167293043873665e-05
0.08948237023750269,6.010497805596371e-05
0.10052891014472326,0.00012258687071290962
0.11293913815718663,0.00023909579603179076
0.1268814006769336,0.00044624378137972376
0.14254482635890514,0.0007976072583566808
0.16014189166643014,0.001366637815925509
0.17991130314285533,0.002247539715364805
0.2021212354977168,0.0035533324927911167
0.2270729694325259,0.005411325777500325
0.2551049785537617,0.007957862319952859
0.28659752081259104,0.011335975997139609
0.3219777967548112,0.015700738698152354
0.36172574455336326,0.021236609494665104
0.4063805504338082,0.028188476170585466
0.45654796280755766,0.036903482246930026
0.5129085093300529,0.04787524082273262
0.5762267283493882,0.06177732016256856
0.6473615399712076,0.07947060793455744
0.7272778974247632,0.10197040714870878
0.8170598767824696,0.13036416334890272
0.9179253825967483,0.1656791722542654
1.0312426689380967,0.20871061117086231
1.1585488999444697,0.25983238544485665
1.3015710016583038,0.31882427864526375
1.4622490880091454,0.38475530556574455
1.6427627787184707,0.4559610469943438
1.8455607661325835,0.5301393648209886
2.0733940320616497,0.6045649066535743
2.329353165215711,0.6763934795240695
2.6169102854537,0.743001649000526
2.9399661435534976,0.8022941869845812
3.3029030354176987,0.8529178892356281
3.710644248503383,0.8943437806541428
4.168720846874621,0.9268131555386552
4.683346700825936,0.951175096488512
5.261502778863538,0.9686640845832214
5.911031845476362,0.9806710846785677
6.64074484928479,0.9885513998644586
7.4605404447366075,0.9934937265483491
8.381539268677866,0.9964548247295966
9.416234793278331,0.9981490680800997
10.578662801651687,0.999074576786886
11.884591785129816,0.9995571440988675
13.351736844955687,0.9997972532714172
15.0,0.9999112370020692
