SA(0.3s) [g],Loss_ratio
0.05000000000000001,5.551115123125783e-18
0.056172467201025755,4.4408920985006264e-17
0.06310692142900626,4.6074255521944e-16
0.07089742948257126,4.429789868254375e-15
0.07964967064493539,3.8985481509712376e-14
0.08948237023750269,3.1486480089881754e-13
0.10052891014472326,2.3336943488772025e-12
0.11293913815718663,1.5876006065340676e-11
0.1268814006769336,9.914875587213602e-11
0.14254482635890514,5.685374004915645e-10
0.16014189166643014,2.9939475953977284e-09
0.17991130314285533,1.4482466187404342e-08
0.2021212354977168,6.436772229112543e-08
0.2270729694325259,2.6293732737214804e-07
0.2551049785537617,9.87521252210355e-07
0.28659752081259104,3.4113554297166005e-06
0.3219777967548112,1.0844257379433175e-05
0.36172574455336326,3.174003351590904e-05
0.4063805504338082,8.559272138685125e-05
0.45654796280755766,0.00021282908691483415
0.5129085093300529,0.00048843022162276
0.5762267283493882,0.001035745914717917
0.6473615399712076,0.0020323580567122193
0.7272778974247632,0.0036966919391691723
0.8170598767824696,0.006246960328346996
0.9179253825967483,0.009836255986229293
1.0312426689380967,0.014486571286490169
1.1585488999444697,0.020059735327614136
1.3015710016583038,0.026301189554938022
1.4622490880091454,0.03296695771323303
1.6427627787184707,0.04000419508653667
1.8455607661325835,0.04772313344049366
2.0733940320616497,0.05689441634123421
2.329353165215711,0.06873677554753849
2.6169102854537,0.0848099217086972
2.9399661435534976,0.10686494635263816
3.3029030354176987,0.13670024248685939
3.710644248503383,0.17602137807502108
4.168720846874621,0.22624417822611353
4.683346700825936,0.28817068361504256
5.261502778863538,0.36154385251451154
5.911031845476362,0.44461838495240774
6.64074484928479,0.5339802645394627
7.4605404447366075,0.6248173817870306
8.381539268677866,0.7116745105475927
9.416234793278331,0.789500401679299
10.578662801651687,0.8546403351406654
11.884591785129816,0.9054345242723328
13.351736844955687,0.9422488391113089
15.0,0.9669982736517194
