SA(1.0s) [g],Loss_ratio
0.05000000000000001,1.0771873372039665e-05
0.056172467201025755,2.134433965023663e-05
0.06310692142900626,4.098213964642272e-05
0.07089742948257126,7.627389640265659e-05
0.07964967064493539,0.00013765887932224994
0.08948237023750269,0.0002410415959150092
0.10052891014472326,0.00040972649066460255
0.11293913815718663,0.0006765754850956651
0.1268814006769336,0.0010862391165049334
0.14254482635890514,0.0016973052508237163
0.16014189166643014,0.0025842847354819345
0.17991130314285533,0.0038395344831954783
0.2021212354977168,0.005575493792080282
0.2270729694325259,0.007927913648259462
0.2551049785537617,0.011060966798862698
0.28659752081259104,0.0151750743454666
0.3219777967548112,0.02051781582738157
0.36172574455336326,0.027397322382650875
0.4063805504338082,0.03619614718810314
0.45654796280755766,0.04738200826381006
0.5129085093300529,0.061510424213765805
0.5762267283493882,0.07921363347666882
0.6473615399712076,0.10117079515294143
0.7272778974247632,0.12805662179507282
0.8170598767824696,0.1604692641986363
0.9179253825967483,0.19884299848718384
1.0312426689380967,0.2433561729685234
1.1585488999444697,0.2938487726477757
1.3015710016583038,0.34976562223957103
1.4622490880091454,0.41013973752222566
1.6427627787184707,0.47362535345131296
1.8455607661325835,0.5385822832011549
2.0733940320616497,0.6032039549746184
2.329353165215711,0.6656727967104337
2.6169102854537,0.7243207339877529
2.9399661435534976,0.7777710238925856
3.3029030354176987,0.825040989695816
3.710644248503383,0.8655926943421974
4.168720846874621,0.8993283627232367
4.683346700825936,0.9265370681595122
5.261502778863538,0.9478066411975387
5.911031845476362,0.963918521827779
6.64074484928479,0.9757430378570459
7.4605404447366075,0.9841490695205336
8.381539268677866,0.9899366466877045
9.416234793278331,0.9937952870390813
10.578662801651687,0.9962861077550108
11.884591785129816,0.9978426645417069
13.351736844955687,0.9987842282926626
15.0,0.9993354781813991
