SA(1.0s) [g],Loss_ratio
0.05000000000000001,2.3552495126422103e-08
0.056172467201025755,8.820210925519767e-08
0.06310692142900626,3.085635107813456e-07
0.07089742948257126,1.008670454494265e-06
0.07964967064493539,3.081959312983829e-06
0.08948237023750269,8.805082425422663e-06
0.10052891014472326,2.3531672812787677e-05
0.11293913815718663,5.885784010093431e-05
0.1268814006769336,0.00013786465234109094
0.14254482635890514,0.00030263805756956536
0.16014189166643014,0.0006231909840049731
0.17991130314285533,0.001205200670193457
0.2021212354977168,0.0021923026457419115
0.2270729694325259,0.003758477770273827
0.2551049785537617,0.0060889587139570656
0.28659752081259104,0.00935459190286746
0.3219777967548112,0.01369274115016423
0.36172574455336326,0.019212969082433105
0.4063805504338082,0.02604269312687065
0.45654796280755766,0.034414802634424896
0.5129085093300529,0.04477984045497411
0.5762267283493882,0.05790864946748223
0.6473615399712076,0.07494574527729886
0.7272778974247632,0.09738115655568079
0.8170598767824696,0.12692370423121277
0.9179253825967483,0.16527443648695087
1.0312426689380967,0.21381375168235384
1.1585488999444697,0.2732356040550278
1.3015710016583038,0.3431923343314348
1.4622490880091454,0.42204675552274445
1.6427627787184707,0.5068412072475467
1.8455607661325835,0.5935609390472226
2.0733940320616497,0.6776857148522717
2.329353165215711,0.7549163805551247
2.6169102854537,0.8218832156595319
2.9399661435534976,0.8766351668759355
3.3029030354176987,0.9187832019661231
3.710644248503383,0.9492934386887429
4.168720846874621,0.9700390500602758
4.683346700825936,0.9832763210016892
5.261502778863538,0.991195671588955
5.911031845476362,0.9956345013208642
6.64074484928479,0.9979638841322548
7.4605404447366075,0.9991076718474359
8.381539268677866,0.9996329035736476
9.416234793278331,0.9998583553485062
10.578662801651687,0.99994877748733
11.884591785129816,0.999982650841386
13.351736844955687,0.9999944994745367
15.0,0.9999983683744277
