SA(0.3s) [g],Loss_ratio
0.05000000000000001,6.67410894328313e-09
0.056172467201025755,1.764607697740672e-08
0.06310692142900626,4.5127302589209606e-08
0.07089742948257126,1.1163517334988882e-07
0.07964967064493539,2.671597752135213e-07
0.08948237023750269,6.185739724051675e-07
0.10052891014472326,1.3858303652802828e-06
0.11293913815718663,3.004551663932098e-06
0.1268814006769336,6.304649123395345e-06
0.14254482635890514,1.280627606279894e-05
0.16014189166643014,2.5185171354613624e-05
0.17991130314285533,4.796441069333523e-05
0.2021212354977168,8.848160123531846e-05
0.2270729694325259,0.00015815140773917658
0.2551049785537617,0.00027398675860330066
0.28659752081259104,0.00046025879349266275
0.3219777967548112,0.0007500787258248931
0.36172574455336326,0.0011866038563390301
0.4063805504338082,0.0018235496413750109
0.45654796280755766,0.002724780016825107
0.5129085093300529,0.003962985558299203
0.5762267283493882,0.0056178419088358696
0.6473615399712076,0.007774508300524019
0.7272778974247632,0.010523751515402463
0.8170598767824696,0.013965191232077562
0.9179253825967483,0.01821498460982338
1.0312426689380967,0.02341858936591109
1.1585488999444697,0.029768074015272185
1.3015710016583038,0.037521939626244
1.4622490880091454,0.04702387153630308
1.6427627787184707,0.05871561795778439
1.8455607661325835,0.0731386508794994
2.0733940320616497,0.0909196689953145
2.329353165215711,0.11273647688946949
2.6169102854537,0.13926328155333167
2.9399661435534976,0.17109778199766895
3.3029030354176987,0.20867621186237204
3.710644248503383,0.252186165014538
4.168720846874621,0.3014898542326655
4.683346700825936,0.35607159760754203
5.261502778863538,0.4150220658664842
5.911031845476362,0.4770677887596055
6.64074484928479,0.5406478684482467
7.4605404447366075,0.6040317973249425
8.381539268677866,0.6654643829206213
9.416234793278331,0.7233179545101671
10.578662801651687,0.7762298690880637
11.884591785129816,0.8232056045674498
13.351736844955687,0.8636740269288576
15.0,0.897490260705071
