SA(1.0s) [g],Loss_ratio
0.05000000000000001,7.189816625396972e-09
0.056172467201025755,2.668692276053264e-08
0.06310692142900626,9.313431508228831e-08
0.07089742948257126,3.0566001499310325e-07
0.07964967064493539,9.435928948253736e-07
0.08948237023750269,2.74070373481039e-06
0.10052891014472326,7.492094619737655e-06
0.11293913815718663,1.9282475619786244e-05
0.1268814006769336,4.674372301361474e-05
0.14254482635890514,0.00010678320344594817
0.16014189166643014,0.00023002014203059586
0.17991130314285533,0.0004675591270904001
0.2021212354977168,0.0008976761816701262
0.2270729694325259,0.0016297765415404786
0.2551049785537617,0.002802338166487023
0.28659752081259104,0.0045725056468064185
0.3219777967548112,0.007098276731455539
0.36172574455336326,0.010519426797616456
0.4063805504338082,0.014948385239145734
0.45654796280755766,0.020483974124214054
0.5129085093300529,0.027256519352013755
0.5762267283493882,0.03550224985190918
0.6473615399712076,0.04565161262129431
0.7272778974247632,0.05840587413734593
0.8170598767824696,0.07477379265816861
0.9179253825967483,0.09604582233435087
1.0312426689380967,0.12369373875976544
1.1585488999444697,0.15919452216815844
1.3015710016583038,0.20378798327291786
1.4622490880091454,0.2581913583793224
1.6427627787184707,0.32231411795495946
1.8455607661325835,0.3950388980319931
2.0733940320616497,0.47414686322888755
2.329353165215711,0.5564517477826949
2.6169102854537,0.6381589276048008
2.9399661435534976,0.7153952424508423
3.3029030354176987,0.7847900735201151
3.710644248503383,0.8439599020547499
4.168720846874621,0.8917739670034919
4.683346700825936,0.9283489890350455
5.261502778863538,0.9548060954075438
5.911031845476362,0.9728877046305411
6.64074484928479,0.9845536859243351
7.4605404447366075,0.9916541244353337
8.381539268677866,0.9957284141876348
9.416234793278331,0.9979312083847238
10.578662801651687,0.9990527879781672
11.884591785129816,0.9995903436958777
13.351736844955687,0.9998327697353208
15.0,0.9999356051942925
