SA(1.0s) [g],Loss_ratio
0.05000000000000001,1.7053218670515237e-09
0.056172467201025755,8.613915031263632e-09
0.06310692142900626,3.991334372455136e-08
0.07089742948257126,1.697023813806986e-07
0.07964967064493539,6.623069692512918e-07
0.08948237023750269,2.3735924931100887e-06
0.10052891014472326,7.815063625193907e-06
0.11293913815718663,2.3652660101614045e-05
0.1268814006769336,6.5847226316762e-05
0.14254482635890514,0.00016875423259015145
0.16014189166643014,0.00039852988491521636
0.17991130314285533,0.0008683451068191462
0.2021212354977168,0.0017483651305708727
0.2270729694325259,0.0032596393325952603
0.2551049785537617,0.0056427223493013875
0.28659752081259104,0.00910328119627799
0.3219777967548112,0.013756623474173979
0.36172574455336326,0.019610243698462353
0.4063805504338082,0.026622186619297807
0.45654796280755766,0.03484446696005848
0.5129085093300529,0.04461512891624563
0.5762267283493882,0.05672727595672209
0.6473615399712076,0.07250420139526023
0.7272778974247632,0.09374691079318236
0.8170598767824696,0.12256383346777955
0.9179253825967483,0.16110668253688648
1.0312426689380967,0.21121706441171206
1.1585488999444697,0.27397556944357704
1.3015710016583038,0.3491884243640631
1.4622490880091454,0.43494749997236054
1.6427627787184707,0.5274860654998683
1.8455607661325835,0.6215279830557319
2.0733940320616497,0.7111560756098187
2.329353165215711,0.790980590813844
2.6169102854537,0.8572163289911928
2.9399661435534976,0.9082915118023052
3.3029030354176987,0.9448126861855188
3.710644248503383,0.968982672433298
4.168720846874621,0.9837630437122014
4.683346700825936,0.9921025173871159
5.261502778863538,0.9964384383857323
5.911031845476362,0.9985134969799684
6.64074484928479,0.9994267032088953
7.4605404447366075,0.9997959704725394
8.381539268677866,0.9999330728189615
9.416234793278331,0.999979784802379
10.578662801651687,0.999994382371842
11.884591785129816,0.9999985647893855
13.351736844955687,0.9999996631004074
15.0,0.9999999273757855
