SA(0.3s) [g],Loss_ratio
0.05000000000000001,3.1301384983972727e-09
0.056172467201025755,8.112695276674132e-09
0.06310692142900626,2.0397653871517818e-08
0.07089742948257126,4.975491793013376e-08
0.07964967064493539,1.1775044821971115e-07
0.08948237023750269,2.7039150026775264e-07
0.10052891014472326,6.025099052342498e-07
0.11293913815718663,1.302917842616047e-06
0.1268814006769336,2.7346232110592174e-06
0.14254482635890514,5.5713104068877415e-06
0.16014189166643014,1.101933321605575e-05
0.17991130314285533,2.116208103477568e-05
0.2021212354977168,3.9467854081826076e-05
0.2270729694325259,7.149897781881798e-05
0.2551049785537617,0.00012584361477117613
0.28659752081259104,0.00021525810118569466
0.3219777967548112,0.00035795544341378775
0.36172574455336326,0.0005789101858686696
0.4063805504338082,0.0009109858789546178
0.45654796280755766,0.0013956534839900338
0.5129085093300529,0.002083088496538849
0.5762267283493882,0.003031540639037722
0.6473615399712076,0.004306077022832417
0.7272778974247632,0.005977093003437307
0.8170598767824696,0.008119311112469057
0.9179253825967483,0.010812256313910047
1.0312426689380967,0.014143292485787896
1.1585488999444697,0.018214125745134337
1.3015710016583038,0.02315116537563296
1.4622490880091454,0.029119299874456994
1.6427627787184707,0.03633760189365817
1.8455607661325835,0.0450944084942001
2.0733940320616497,0.05575836235427186
2.329353165215711,0.06878157022042361
2.6169102854537,0.0846912103749877
2.9399661435534976,0.10406679215369136
3.3029030354176987,0.12750183292828876
3.710644248503383,0.15555086876882018
4.168720846874621,0.18866525069698462
4.683346700825936,0.22712378737834973
5.261502778863538,0.27096655588612123
5.911031845476362,0.3199416109130773
6.64074484928479,0.3734743722253758
7.4605404447366075,0.4306677846304425
8.381539268677866,0.4903378426157866
9.416234793278331,0.5510840951310101
10.578662801651687,0.6113890880322713
11.884591785129816,0.66973548652901
13.351736844955687,0.7247260407384275
15.0,0.7751905427166706
