SA(1.0s) [g],Loss_ratio
0.05000000000000001,1.2905181497085972e-05
0.056172467201025755,2.3377789057399403e-05
0.06310692142900626,4.138170860625845e-05
0.07089742948257126,7.160238207893911e-05
0.07964967064493539,0.0001211523369107903
0.08948237023750269,0.00020054805155037548
0.10052891014472326,0.0003249476522038164
0.11293913815718663,0.0005156730572332014
0.1268814006769336,0.0008020352827952382
0.14254482635890514,0.0012234829502607459
0.16014189166643014,0.0018321057315685786
0.17991130314285533,0.002695547642360174
0.2021212354977168,0.003900414452126522
0.2270729694325259,0.005556280317165963
0.2551049785537617,0.007800385890302037
0.28659752081259104,0.010803040712512625
0.3219777967548112,0.014773563717391804
0.36172574455336326,0.01996629684981071
0.4063805504338082,0.026685815743033206
0.45654796280755766,0.03528998746403919
0.5129085093300529,0.04618908595098343
0.5762267283493882,0.059838909664409363
0.6473615399712076,0.07672590989926086
0.7272778974247632,0.09734286811557678
0.8170598767824696,0.12215472417342244
0.9179253825967483,0.15155570961026038
1.0312426689380967,0.18582079780322475
1.1585488999444697,0.22505633053449786
1.3015710016583038,0.26915611603150247
1.4622490880091454,0.31776991013895384
1.6427627787184707,0.3702906810384558
1.8455607661325835,0.4258653060913947
2.0733940320616497,0.48343050419854505
2.329353165215711,0.5417722809765078
2.6169102854537,0.5996035702364532
2.9399661435534976,0.6556517825884545
3.3029030354176987,0.7087462278174852
3.710644248503383,0.7578952396186814
4.168720846874621,0.8023443500472247
4.683346700825936,0.8416097432110637
5.261502778863538,0.8754848949620387
5.911031845476362,0.9040220709475526
6.64074484928479,0.9274935298861215
7.4605404447366075,0.9463393588729855
8.381539268677866,0.9611096194082503
9.416234793278331,0.9724079625180059
10.578662801651687,0.9808423722381971
11.884591785129816,0.986986649790952
13.351736844955687,0.9913541090339294
15.0,0.9943830933486321
