SA(0.6s) [g],Loss_ratio
0.05000000000000001,3.471334331095477e-12
0.056172467201025755,2.19456175454269e-11
0.06310692142900626,1.280151318283629e-10
0.07089742948257126,6.891421489019223e-10
0.07964967064493539,3.4242980895271557e-09
0.08948237023750269,1.5708756978538575e-08
0.10052891014472326,6.65464205684696e-08
0.11293913815718663,2.6039977184533215e-07
0.1268814006769336,9.41516904701123e-07
0.14254482635890514,3.1466447431460766e-06
0.16014189166643014,9.724923933768225e-06
0.17991130314285533,2.7807543299362974e-05
0.2021212354977168,7.360978083563174e-05
0.2270729694325259,0.00018051478929473897
0.2551049785537617,0.00041045402825309885
0.28659752081259104,0.0008662450803670563
0.3219777967548112,0.001699011767512504
0.36172574455336326,0.003101891070055252
0.4063805504338082,0.005282249529460786
0.45654796280755766,0.008412603666387642
0.5129085093300529,0.012574757432991924
0.5762267283493882,0.01772577556352367
0.6473615399712076,0.023717724691764936
0.7272778974247632,0.03038792283371268
0.8170598767824696,0.0377055766280332
0.9179253825967483,0.045929230347873266
1.0312426689380967,0.05571695535626395
1.1585488999444697,0.0681483034927667
1.3015710016583038,0.08465553720030441
1.4622490880091454,0.10689645513794652
1.6427627787184707,0.13660592008983585
1.8455607661325835,0.17543195962824704
2.0733940320616497,0.22472095283521498
2.329353165215711,0.28520960051061306
2.6169102854537,0.3566369336089084
2.9399661435534976,0.4373865434358736
3.3029030354176987,0.5243410941238853
3.710644248503383,0.6131106777071667
4.168720846874621,0.6986689685664069
4.683346700825936,0.7762531083443687
5.261502778863538,0.8422507377921369
5.911031845476362,0.8947860445882146
6.64074484928479,0.9338349375886451
7.4605404447366075,0.9608856353065696
8.381539268677866,0.9783209424854323
9.416234793278331,0.9887612302768071
10.578662801651687,0.9945615707265172
11.884591785129816,0.9975479949295869
13.351736844955687,0.9989715486738101
15.0,0.9995992478683478
