SA(0.6s) [g],Loss_ratio
0.05000000000000001,8.614887692104389e-11
0.056172467201025755,3.5267299081098717e-10
0.06310692142900626,1.3671062670805868e-09
0.07089742948257126,5.018669640977081e-09
0.07964967064493539,1.7449596145802105e-08
0.08948237023750269,5.747157513780188e-08
0.10052891014472326,1.7933274653048058e-07
0.11293913815718663,5.302506936422092e-07
0.1268814006769336,1.4859507665831995e-06
0.14254482635890514,3.947547515675832e-06
0.16014189166643014,9.944031451414315e-06
0.17991130314285533,2.375960954820178e-05
0.2021212354977168,5.386519132051238e-05
0.2270729694325259,0.00011591656399764783
0.2551049785537617,0.00023689721977804282
0.28659752081259104,0.00046004657547031873
0.3219777967548112,0.0008495222539102176
0.36172574455336326,0.0014929756788657933
0.4063805504338082,0.0024997842867515883
0.45654796280755766,0.003993143735025245
0.5129085093300529,0.006096020764936894
0.5762267283493882,0.008914021737356503
0.6473615399712076,0.012521639508942202
0.7272778974247632,0.016960468278785796
0.8170598767824696,0.022257107635489656
0.9179253825967483,0.028463830230985962
1.0312426689380967,0.0357176202290895
1.1585488999444697,0.04430555781271716
1.3015710016583038,0.05471993503675484
1.4622490880091454,0.0676869304321886
1.6427627787184707,0.08415762182323867
1.8455607661325835,0.10525675877448958
2.0733940320616497,0.13218982463563386
2.329353165215711,0.1661113534517585
2.6169102854537,0.20795940468865798
2.9399661435534976,0.25826666502506884
3.3029030354176987,0.31697035315545874
3.710644248503383,0.3832583861165696
4.168720846874621,0.4554999849606563
4.683346700825936,0.5313050801511505
5.261502778863538,0.6077330378117689
5.911031845476362,0.6816313818785389
6.64074484928479,0.750042912139641
7.4605404447366075,0.8105923753823177
8.381539268677866,0.8617643895654419
9.416234793278331,0.9030139992710423
10.578662801651687,0.934699024702323
11.884591785129816,0.9578711045658397
13.351736844955687,0.9739932473020011
15.0,0.9846575263766751
