SA(1.0s) [g],Loss_ratio
0.05000000000000001,2.387845890294838e-07
0.056172467201025755,6.24894781048324e-07
0.06310692142900626,1.566520071605293e-06
0.07089742948257126,3.7625192894186197e-06
0.07964967064493539,8.660331782089915e-06
0.08948237023750269,1.9108215087809692e-05
0.10052891014472326,4.0427239800300274e-05
0.11293913815718663,8.204695637588633e-05
0.1268814006769336,0.0001598034205246901
0.14254482635890514,0.0002988751983325211
0.16014189166643014,0.0005371248344015145
0.17991130314285533,0.0009283575122370825
0.2021212354977168,0.001544806728080872
0.2270729694325259,0.0024781677033610286
0.2551049785537617,0.0038388886981575833
0.28659752081259104,0.005754274932659759
0.3219777967548112,0.008367136873166427
0.36172574455336326,0.011837840325308846
0.4063805504338082,0.016353097956082537
0.45654796280755766,0.02214407550636614
0.5129085093300529,0.02951404080479271
0.5762267283493882,0.03887205981883225
0.6473615399712076,0.050764954315626463
0.7272778974247632,0.06589614400349288
0.8170598767824696,0.08511846190611828
0.9179253825967483,0.10938961076851
1.0312426689380967,0.13968407188610255
1.1585488999444697,0.17686367852171478
1.3015710016583038,0.22151959310406705
1.4622490880091454,0.27380910050073837
1.6427627787184707,0.3333187121629895
1.8455607661325835,0.39898749633311126
2.0733940320616497,0.46911881080083534
2.329353165215711,0.5414940438627045
2.6169102854537,0.6135807536678763
2.9399661435534976,0.6828048732553865
3.3029030354176987,0.7468392059227047
3.710644248503383,0.8038542930092778
4.168720846874621,0.8526856111153172
4.683346700825936,0.8928909710485775
5.261502778863538,0.9246978252345761
5.911031845476362,0.9488640092837626
6.64074484928479,0.9664905357661775
7.4605404447366075,0.9788282804733686
8.381539268677866,0.9871128544681296
9.416234793278331,0.9924479073897781
10.578662801651687,0.9957418975724515
11.884591785129816,0.9976913489257957
13.351736844955687,0.9987969794289879
15.0,0.9993977720384182
