SA(1.0s) [g],Loss_ratio
0.05000000000000001,9.345633988910864e-10
0.056172467201025755,5.287763249484101e-09
0.06310692142900626,2.719374957438348e-08
0.07089742948257126,1.2715804047491728e-07
0.07964967064493539,5.408332119538616e-07
0.08948237023750269,2.0932602731782434e-06
0.10052891014472326,7.376559399430161e-06
0.11293913815718663,2.3682562367299824e-05
0.1268814006769336,6.932266763163276e-05
0.14254482635890514,0.0001851781141175957
0.16014189166643014,0.0004519147922804889
0.17991130314285533,0.0010089684127426168
0.2021212354977168,0.0020644879617569387
0.2270729694325259,0.0038800746530637475
0.2551049785537617,0.006718198953861221
0.28659752081259104,0.010759645315232243
0.3219777967548112,0.016028345398828338
0.36172574455336326,0.02238181773426395
0.4063805504338082,0.02961312119351951
0.45654796280755766,0.03765829752808457
0.5129085093300529,0.04683734495989464
0.5762267283493882,0.058022956379228253
0.6473615399712076,0.07266103253082296
0.7272778974247632,0.09264498805640886
0.8170598767824696,0.12011175114127723
0.9179253825967483,0.1572208746315395
1.0312426689380967,0.2058997664844542
1.1585488999444697,0.26746850991577975
1.3015710016583038,0.34209797613545645
1.4622490880091454,0.42822119971386546
1.6427627787184707,0.5221951911712412
1.8455607661325835,0.6185310180996569
2.0733940320616497,0.710801120853717
2.329353165215711,0.7929944236995261
2.6169102854537,0.8608310284902427
2.9399661435534976,0.9125377753597675
3.3029030354176987,0.9488350311440773
3.710644248503383,0.9722436669568212
4.168720846874621,0.9860828814875893
4.683346700825936,0.9935689565593351
5.261502778863538,0.9972680151470144
5.911031845476362,0.998935325220822
6.64074484928479,0.9996200600567468
7.4605404447366075,0.9998760310991515
8.381539268677866,0.9999630633940513
9.416234793278331,0.9999899611349027
10.578662801651687,0.9999975133843446
11.884591785129816,0.9999994390738924
13.351736844955687,0.9999998848391557
15.0,0.9999999784930388
