SA(0.6s) [g],Loss_ratio
0.05000000000000001,2.3200087795327564e-09
0.056172467201025755,8.192216405245034e-09
0.06310692142900626,2.7439941235885e-08
0.07089742948257126,8.719582218486011e-08
0.07964967064493539,2.629099891071629e-07
0.08948237023750269,7.523055013614055e-07
0.10052891014472326,2.0433566007227456e-06
0.11293913815718663,5.269337834568067e-06
0.1268814006769336,1.2904572736405218e-05
0.14254482635890514,3.002191577956559e-05
0.16014189166643014,6.637333600684748e-05
0.17991130314285533,0.00013950502347038208
0.2021212354977168,0.00027889574434863956
0.2270729694325259,0.0005306507361216517
0.2551049785537617,0.0009616273801415998
0.28659752081259104,0.0016612220184568595
0.3219777967548112,0.0027388155626568212
0.36172574455336326,0.004315551955087261
0.4063805504338082,0.0065110171932410985
0.45654796280755766,0.009428277878542052
0.5129085093300529,0.013143673610186174
0.5762267283493882,0.017709227494467718
0.6473615399712076,0.023174122946315864
0.7272778974247632,0.029626939808797687
0.8170598767824696,0.03725335765011693
0.9179253825967483,0.046397285246817674
1.0312426689380967,0.05760957684346011
1.1585488999444697,0.07166912591720925
1.3015710016583038,0.08956552871893918
1.4622490880091454,0.1124383426777788
1.6427627787184707,0.14147292482792148
1.8455607661325835,0.1777565315516702
2.0733940320616497,0.22210282672174403
2.329353165215711,0.27486098377771345
2.6169102854537,0.3357377128061046
2.9399661435534976,0.4036728101658519
3.3029030354176987,0.47681339755529883
3.710644248503383,0.5526212796223524
4.168720846874621,0.6281197422047126
4.683346700825936,0.7002473088915824
5.261502778863538,0.7662503317713345
5.911031845476362,0.8240287972187751
6.64074484928479,0.8723590330202159
7.4605404447366075,0.9109507817249842
8.381539268677866,0.9403418764995155
9.416234793278331,0.9616747238667673
10.578662801651687,0.9764214520462272
11.884591785129816,0.9861240724159787
13.351736844955687,0.9921968631297091
15.0,0.9958107665274989
