PGA [g],Loss_ratio
0.05000000000000001,8.570243420491507e-09
0.056172467201025755,2.133534700576867e-08
0.06310692142900626,5.155583259197628e-08
0.07089742948257126,1.2093587311579058e-07
0.07964967064493539,2.753987469183983e-07
0.08948237023750269,6.088794509473417e-07
0.10052891014472326,1.307071914913305e-06
0.11293913815718663,2.7246225733690287e-06
0.1268814006769336,5.515640393011224e-06
0.14254482635890514,1.0844686899896815e-05
0.16014189166643014,2.0712083223811683e-05
0.17991130314285533,3.843056527098044e-05
0.2021212354977168,6.928574911451712e-05
0.2270729694325259,0.00012139529437505404
0.2551049785537617,0.00020674620958798794
0.28659752081259104,0.00034233427550542925
0.3219777967548112,0.0005512576652094037
0.36172574455336326,0.000863540732042889
0.4063805504338082,0.001316405707799684
0.45654796280755766,0.0019536996059420168
0.5129085093300529,0.0028242521054428205
0.5762267283493882,0.003979109130651016
0.6473615399712076,0.005467855313862858
0.7272778974247632,0.0073345727502636465
0.8170598767824696,0.009614314285063014
0.9179253825967483,0.012331202204892734
1.0312426689380967,0.01549929986507787
1.1585488999444697,0.019127174920367106
1.3015710016583038,0.02322656728784413
1.4622490880091454,0.02782485724769448
1.6427627787184707,0.03298023382805294
1.8455607661325835,0.038797764515667285
2.0733940320616497,0.045444127259958916
2.329353165215711,0.05315868409029174
2.6169102854537,0.06225885308456379
2.9399661435534976,0.07313827266207064
3.3029030354176987,0.08625688857520819
3.710644248503383,0.10212267511282254
4.168720846874621,0.12126515119762395
4.683346700825936,0.14420121365760077
5.261502778863538,0.17139423881749383
5.911031845476362,0.2032080936512115
6.64074484928479,0.23985877022792923
7.4605404447366075,0.2813677515404543
8.381539268677866,0.327522637081596
9.416234793278331,0.3778515115695237
10.578662801651687,0.4316174826171607
11.884591785129816,0.4878383396651188
13.351736844955687,0.5453333295870815
15.0,0.6027949767705261
