SA(1.0s) [g],Loss_ratio
0.05000000000000001,4.673978377772725e-06
0.056172467201025755,9.250871639115977e-06
0.06310692142900626,1.7805311928559276e-05
0.07089742948257126,3.33365555882259e-05
0.07964967064493539,6.0736886013884604e-05
0.08948237023750269,0.00010772807364312632
0.10052891014472326,0.00018610842981711117
0.11293913815718663,0.00031334138802998067
0.1268814006769336,0.0005144948272848838
0.14254482635890514,0.0008245205010761259
0.16014189166643014,0.00129085755912971
0.17991130314285533,0.001976367472183954
0.2021212354977168,0.002962668881117742
0.2270729694325259,0.004354034755774511
0.2551049785537617,0.006282111809979874
0.28659752081259104,0.00891176622111018
0.3219777967548112,0.012448270729246959
0.36172574455336326,0.01714574379999258
0.4063805504338082,0.023316179798465817
0.45654796280755766,0.03133758817056632
0.5129085093300529,0.0416588106617472
0.5762267283493882,0.054797742840277934
0.6473615399712076,0.07132926953980624
0.7272778974247632,0.09185956891736868
0.8170598767824696,0.116984794099888
0.9179253825967483,0.1472345508132774
1.0312426689380967,0.18300381169662658
1.1585488999444697,0.2244803910469917
1.3015710016583038,0.2715780560867384
1.4622490880091454,0.3238869077856442
1.6427627787184707,0.38065211988852643
1.8455607661325835,0.4407891700601695
2.0733940320616497,0.5029385870282452
2.329353165215711,0.5655568184286863
2.6169102854537,0.6270333853966736
2.9399661435534976,0.6858194635794503
3.3029030354176987,0.7405506125463268
3.710644248503383,0.7901471878112977
4.168720846874621,0.8338798680984912
4.683346700825936,0.8713938339518805
5.261502778863538,0.9026920651182814
5.911031845476362,0.9280844880301302
6.64074484928479,0.948114080645913
7.4605404447366075,0.9634728700656465
8.381539268677866,0.9749200408485356
9.416234793278331,0.9832116793091112
10.578662801651687,0.9890479161118717
11.884591785129816,0.993039352380134
13.351736844955687,0.9956914299888389
15.0,0.9974032739820368
