SA(1.0s) [g],Loss_ratio
0.05000000000000001,3.6325547204230093e-06
0.056172467201025755,7.99801951824608e-06
0.06310692142900626,1.6960187636771985e-05
0.07089742948257126,3.464802386626276e-05
0.07964967064493539,6.82135727140709e-05
0.08948237023750269,0.00012947366206797486
0.10052891014472326,0.00023703931054043227
0.11293913815718663,0.00041883502541591454
0.1268814006769336,0.0007147619546815865
0.14254482635890514,0.0011791215152651025
0.16014189166643014,0.0018823685645118881
0.17991130314285533,0.002911899452332817
0.2021212354977168,0.0043719688857360006
0.2270729694325259,0.006383457806343712
0.2551049785537617,0.009084940827455923
0.28659752081259104,0.01263704744347192
0.3219777967548112,0.01723211731623837
0.36172574455336326,0.023110300477769973
0.4063805504338082,0.030581429587200955
0.45654796280755766,0.0400493955888859
0.5129085093300529,0.052032943351069755
0.5762267283493882,0.06717458115597064
0.6473615399712076,0.08622854067441571
0.7272778974247632,0.11002012989251587
0.8170598767824696,0.13937269673126035
0.9179253825967483,0.17500452892921275
1.0312426689380967,0.2174055017530797
1.1585488999444697,0.26671069722376045
1.3015710016583038,0.3225936669699733
1.4622490880091454,0.38420352939241625
1.6427627787184707,0.4501662117401518
1.8455607661325835,0.5186605641649473
2.0733940320616497,0.5875661385332469
2.329353165215711,0.6546641534788845
2.6169102854537,0.7178605626543708
2.9399661435534976,0.7753939660536531
3.3029030354176987,0.8259935093387525
3.710644248503383,0.8689625433098225
4.168720846874621,0.9041797820899057
4.683346700825936,0.9320265523510008
5.261502778863538,0.9532619841342479
5.911031845476362,0.9688746248692945
6.64074484928479,0.9799382188212981
7.4605404447366075,0.9874927561296122
8.381539268677866,0.9924622097585516
9.416234793278331,0.9956107180612895
10.578662801651687,0.997531644336378
11.884591785129816,0.9986600038607767
13.351736844955687,0.9992980364916951
15.0,0.9996452768936958
