SA(1.0s) [g],Loss_ratio
0.05000000000000001,6.238950467363225e-11
0.056172467201025755,3.825271099877625e-10
0.06310692142900626,2.144116340030422e-09
0.07089742948257126,1.098941782573526e-08
0.07964967064493539,5.1518285193452584e-08
0.08948237023750269,2.2097697923162406e-07
0.10052891014472326,8.675454518880521e-07
0.11293913815718663,3.118777879579371e-06
0.1268814006769336,1.0271734769506937e-05
0.14254482635890514,3.101207066462664e-05
0.16014189166643014,8.589267293784286e-05
0.17991130314285533,0.0002184209052811581
0.2021212354977168,0.0005105062667014548
0.2270729694325259,0.001098095056496118
0.2551049785537617,0.0021772973641415116
0.28659752081259104,0.003987854974472732
0.3219777967548112,0.006765325270759243
0.36172574455336326,0.010669661105959082
0.4063805504338082,0.015721345077007655
0.45654796280755766,0.021791889027741335
0.5129085093300529,0.028685884441751294
0.5762267283493882,0.036312173285778834
0.6473615399712076,0.044890124787051816
0.7272778974247632,0.05510688950441407
0.8170598767824696,0.06815821969522814
0.9179253825967483,0.08566302376674809
1.0312426689380967,0.10950008582445338
1.1585488999444697,0.14162610018581917
1.3015710016583038,0.18388322713890592
1.4622490880091454,0.2377364028382991
1.6427627787184707,0.30387379278369997
1.8455607661325835,0.3817006496784359
2.0733940320616497,0.4689088832663547
2.329353165215711,0.561392434310432
2.6169102854537,0.6537041176706425
2.9399661435534976,0.7400231856386843
3.3029030354176987,0.8153467700981303
3.710644248503383,0.8764855499135656
4.168720846874621,0.9225165638128826
4.683346700825936,0.9545842096301339
5.261502778863538,0.9752105157709989
5.911031845476362,0.9874362946899108
6.64074484928479,0.9941027933361976
7.4605404447366075,0.9974420497015682
8.381539268677866,0.998976635089365
9.416234793278331,0.9996229843235221
10.578662801651687,0.9998722726007013
11.884591785129816,0.9999602531320553
13.351736844955687,0.9999886500496904
15.0,0.9999970283159595
