SA(1.0s) [g],Loss_ratio
0.05000000000000001,5.254096900103588e-06
0.056172467201025755,1.0384034604477011e-05
0.06310692142900626,1.9944245921810213e-05
0.07089742948257126,3.723647364431982e-05
0.07964967064493539,6.760136772178127e-05
0.08948237023750269,0.0001193822564579783
0.10052891014472326,0.00020516936400150065
0.11293913815718663,0.0003433208635230889
0.1268814006769336,0.0005597206875521288
0.14254482635890514,0.0008897002214661999
0.16014189166643014,0.0013800396693122385
0.17991130314285533,0.002090995721647243
0.2021212354977168,0.00309839094602139
0.2270729694325259,0.004495946706787934
0.2551049785537617,0.006398217625867508
0.28659752081259104,0.008944630239457718
0.3219777967548112,0.01230515131610499
0.36172574455336326,0.01668791260067143
0.4063805504338082,0.022348622985208656
0.45654796280755766,0.029600795507741102
0.5129085093300529,0.038824794349440285
0.5762267283493882,0.05047267004243236
0.6473615399712076,0.06506499971755805
0.7272778974247632,0.08317582392922465
0.8170598767824696,0.10540256525069178
0.9179253825967483,0.13231966985117116
1.0312426689380967,0.16441753646673143
1.1585488999444697,0.2020317071236409
1.3015710016583038,0.24527064650033198
1.4622490880091454,0.2939529268843288
1.6427627787184707,0.34756547415302763
1.8455607661325835,0.40525316175405873
2.0733940320616497,0.46584634571598516
2.329353165215711,0.5279273529147788
2.6169102854537,0.5899304432399006
2.9399661435534976,0.6502636946599958
3.3029030354176987,0.7074369777222134
3.710644248503383,0.7601787337846215
4.168720846874621,0.8075260579959599
4.683346700825936,0.8488772527705156
5.261502778863538,0.8840025133938352
5.911031845476362,0.9130152859646588
6.64074484928479,0.9363126435210848
7.4605404447366075,0.9544966734291468
8.381539268677866,0.9682898862211119
9.416234793278331,0.9784562316860167
10.578662801651687,0.9857361486372652
11.884591785129816,0.9908001423741122
13.351736844955687,0.9942216110971948
15.0,0.9964667135264345
