PGA [g],Loss_ratio
0.05000000000000001,2.817660393894528e-09
0.056172467201025755,6.7912227341704325e-09
0.06310692142900626,1.5953408077917785e-08
0.07089742948257126,3.652792212038847e-08
0.07964967064493539,8.152370092329165e-08
0.08948237023750269,1.7735908601768103e-07
0.10052891014472326,3.7614805746821746e-07
0.11293913815718663,7.777274504405796e-07
0.1268814006769336,1.5677944540160028e-06
0.14254482635890514,3.0816020468449334e-06
0.16014189166643014,5.906435869063031e-06
0.17991130314285533,1.104015740782116e-05
0.2021212354977168,2.0126545651388832e-05
0.2270729694325259,3.578948359655998e-05
0.2551049785537617,6.208507182977051e-05
0.28659752081259104,0.00010508096934300771
0.3219777967548112,0.0001735533064416539
0.36172574455336326,0.0002797621792735405
0.4063805504338082,0.00044022821415273805
0.45654796280755766,0.0006763898221538222
0.5129085093300529,0.0010149827770102593
0.5762267283493882,0.0014879638856858059
0.6473615399712076,0.002131814040523378
0.7272778974247632,0.002986116334291694
0.8170598767824696,0.0040914188105828754
0.9179253825967483,0.005486553395269334
1.0312426689380967,0.007205771701300346
1.1585488999444697,0.00927623851584005
1.3015710016583038,0.011716548509747888
1.4622490880091454,0.014536954566680794
1.6427627787184707,0.01774188353465493
1.8455607661325835,0.02133505906314897
2.0733940320616497,0.025327176735653687
2.329353165215711,0.029745641948256827
2.6169102854537,0.03464546619433258
2.9399661435534976,0.04012010622221212
3.3029030354176987,0.04631088735184774
3.710644248503383,0.053413702936151886
4.168720846874621,0.061681904731495554
4.683346700825936,0.0714246300163397
5.261502778863538,0.08300016552911346
5.911031845476362,0.09680424951516918
6.64074484928479,0.11325342442531
7.4605404447366075,0.13276369496362084
8.381539268677866,0.15572489547092414
9.416234793278331,0.18247143192690063
10.578662801651687,0.21325052527700067
11.884591785129816,0.2481897656558222
13.351736844955687,0.28726660998329145
15.0,0.330283229583008
