SA(1.0s) [g],Loss_ratio
0.05000000000000001,1.1976501337163104e-06
0.056172467201025755,2.7160670888537467e-06
0.06310692142900626,5.942251899127005e-06
0.07089742948257126,1.2544637737649247e-05
0.07964967064493539,2.5560852660805324e-05
0.08948237023750269,5.0284895923019544e-05
0.10052891014472326,9.554454947768299e-05
0.11293913815718663,0.0001754180052363996
0.1268814006769336,0.00031136983327405005
0.14254482635890514,0.0005346842365222038
0.16014189166643014,0.000888961340059158
0.17991130314285533,0.001432368247009952
0.2021212354977168,0.00223936778409215
0.2270729694325259,0.0034018482657193873
0.2551049785537617,0.005029971571290732
0.28659752081259104,0.007253588281651297
0.3219777967548112,0.010225576140303215
0.36172574455336326,0.014128688267454156
0.4063805504338082,0.01918716951985424
0.45654796280755766,0.025683312744921895
0.5129085093300529,0.03397727991238535
0.5762267283493882,0.044526184773311786
0.6473615399712076,0.057896182949479735
0.7272778974247632,0.07475988375654065
0.8170598767824696,0.09587152907969315
0.9179253825967483,0.12201460450655277
1.0312426689380967,0.15392096126105415
1.1585488999444697,0.1921666756696701
1.3015710016583038,0.23705669653211886
1.4622490880091454,0.2885162744601375
1.6427627787184707,0.3460104579808697
1.8455607661325835,0.4085120375262732
2.0733940320616497,0.47453245393989174
2.329353165215711,0.5422198405788443
2.6169102854537,0.6095154313240176
2.9399661435534976,0.6743470488279765
3.3029030354176987,0.7348296225214856
3.710644248503383,0.7894402768524067
4.168720846874621,0.837140408731115
4.683346700825936,0.877428180921396
5.261502778863538,0.910319061546206
5.911031845476362,0.9362656857366657
6.64074484928479,0.9560380559915983
7.4605404447366075,0.9705890052246292
8.381539268677866,0.9809278485162851
9.416234793278331,0.9880187856879832
10.578662801651687,0.992712297561923
11.884591785129816,0.9957098988343708
13.351736844955687,0.9975568576129275
15.0,0.9986545474084881
