SA(1.0s) [g],Loss_ratio
0.05000000000000001,1.4920519758310214e-05
0.056172467201025755,2.85661353842559e-05
0.06310692142900626,5.3116653213181046e-05
0.07089742948257126,9.595883235257729e-05
0.07964967064493539,0.00016850318134286615
0.08948237023750269,0.00028776006833974854
0.10052891014472326,0.00047821808066693676
0.11293913815718663,0.0007739613218461395
0.1268814006769336,0.0012209392531391306
0.14254482635890514,0.0018793202572051748
0.16014189166643014,0.002825939757029156
0.17991130314285533,0.004157001558637025
0.2021212354977168,0.005991383299032693
0.2270729694325259,0.008475069651830647
0.2551049785537617,0.011787288383059624
0.28659752081259104,0.016148734609960587
0.3219777967548112,0.0218317389799449
0.36172574455336326,0.029171339201560093
0.4063805504338082,0.03857504383157225
0.45654796280755766,0.0505278676476758
0.5129085093300529,0.06558832940548753
0.5762267283493882,0.08437095234328079
0.6473615399712076,0.10751175799523666
0.7272778974247632,0.1356154707617884
0.8170598767824696,0.16918652760345063
0.9179253825967483,0.2085500257083775
1.0312426689380967,0.25377262421796315
1.1585488999444697,0.30459614146389635
1.3015710016583038,0.36039720624923616
1.4622490880091454,0.4201842161633836
1.6427627787184707,0.48263799932806706
1.8455607661325835,0.546195650736969
2.0733940320616497,0.6091693438553227
2.329353165215711,0.6698851864495351
2.6169102854537,0.7268230090738509
2.9399661435534976,0.7787374258324253
3.3029030354176987,0.8247438030560056
3.710644248503383,0.8643591691969892
4.168720846874621,0.8974960987204924
4.683346700825936,0.9244153745366274
5.261502778863538,0.9456491297212567
5.911031845476362,0.9619091498808001
6.64074484928479,0.9739948606810888
7.4605404447366075,0.9827127764353571
8.381539268677866,0.9888148957310291
9.416234793278331,0.9929588934051286
10.578662801651687,0.9956889822536077
11.884591785129816,0.9974336156878418
13.351736844955687,0.9985149424774611
15.0,0.9991649128163068
