SA(1.0s) [g],Loss_ratio
0.05000000000000001,5.919650090452366e-06
0.056172467201025755,1.1542963256855333e-05
0.06310692142900626,2.189482663096376e-05
0.07089742948257126,4.041044465901145e-05
0.07964967064493539,7.259732046022149e-05
0.08948237023750269,0.00012699757532595447
0.10052891014472326,0.00021643232287211212
0.11293913815718663,0.00035953489165277966
0.1268814006769336,0.0005825523221632046
0.14254482635890514,0.0009213721879043125
0.16014189166643014,0.0014237289845430879
0.17991130314285533,0.002151576795544397
0.2021212354977168,0.0031836924456211785
0.2270729694325259,0.004618690325561786
0.2551049785537617,0.006578756778047684
0.28659752081259104,0.00921449074379719
0.3219777967548112,0.012711188932468191
0.36172574455336326,0.017296656086376618
0.4063805504338082,0.023250100045968405
0.45654796280755766,0.030910897422327558
0.5129085093300529,0.04068509231033414
0.5762267283493882,0.053046623874335244
0.6473615399712076,0.06852975527893472
0.7272778974247632,0.08770930493979084
0.8170598767824696,0.11116630543775202
0.9179253825967483,0.13943871843360028
1.0312426689380967,0.17295965828405357
1.1585488999444697,0.21198879481260155
1.3015710016583038,0.25654555917088323
1.4622490880091454,0.30635469901682244
1.6427627787184707,0.360814928207033
1.8455607661325835,0.41899948138835696
2.0733940320616497,0.47969335699330173
2.329353165215711,0.5414664795291697
2.6169102854537,0.602775956336105
2.9399661435534976,0.6620853116563727
3.3029030354176987,0.717985251067625
3.710644248503383,0.7692999502796876
4.168720846874621,0.8151652561241267
4.683346700825936,0.8550700239892403
5.261502778863538,0.8888580222915716
5.911031845476362,0.9166940645056949
6.64074484928479,0.9390030191140193
7.4605404447366075,0.956393228887898
8.381539268677866,0.9695763465163454
9.416234793278331,0.9792939407641668
10.578662801651687,0.9862581434153177
11.884591785129816,0.9911099688846127
13.351736844955687,0.9943955571743849
15.0,0.9965580362032236
