SA(0.3s) [g],Loss_ratio
0.05000000000000001,0.0003336118058065718
0.056172467201025755,0.0005426962509800292
0.06310692142900626,0.0008592202969830266
0.07089742948257126,0.0013248763009323984
0.07964967064493539,0.001991238991421757
0.08948237023750269,0.0029199785750195885
0.10052891014472326,0.004182794107804649
0.11293913815718663,0.005861540397091574
0.1268814006769336,0.008049341490096564
0.14254482635890514,0.01085371998378642
0.16014189166643014,0.014402790108483578
0.17991130314285533,0.018855235038006454
0.2021212354977168,0.024414037848922234
0.2270729694325259,0.03134278201623553
0.2551049785537617,0.03998193216283932
0.28659752081259104,0.05076113109323418
0.3219777967548112,0.06420258129579157
0.36172574455336326,0.08091041476636637
0.4063805504338082,0.10154191206822367
0.45654796280755766,0.126758644564754
0.5129085093300529,0.1571589485017708
0.5762267283493882,0.19319715205678173
0.6473615399712076,0.23509893892907432
0.7272778974247632,0.2827852402607731
0.8170598767824696,0.33581820507408233
0.9179253825967483,0.3933814567146866
1.0312426689380967,0.4543028224891488
1.1585488999444697,0.5171214745075432
1.3015710016583038,0.5801940148967374
1.4622490880091454,0.6418269867513311
1.6427627787184707,0.70041818416735
1.8455607661325835,0.754587215249982
2.0733940320616497,0.8032775709591075
2.329353165215711,0.845817604469922
2.6169102854537,0.8819351503539155
2.9399661435534976,0.9117283410806095
3.3029030354176987,0.9356018158831579
3.710644248503383,0.9541816943672675
4.168720846874621,0.9682238518838167
4.683346700825936,0.978528406737133
5.261502778863538,0.9858697354321337
5.911031845476362,0.9909468872454483
6.64074484928479,0.9943550444319524
7.4605404447366075,0.9965754409702849
8.381539268677866,0.9979792679156483
9.416234793278331,0.9988405238527464
10.578662801651687,0.999353211210809
11.884591785129816,0.9996493144511882
13.351736844955687,0.9998152251739552
15.0,0.9999054069949845
