SA(0.6s) [g],Loss_ratio
0.05000000000000001,1.157463014322957e-13
0.056172467201025755,9.720835247861714e-13
0.06310692142900626,7.448247574259881e-12
0.07089742948257126,5.207917985750044e-11
0.07964967064493539,3.324592268150184e-10
0.08948237023750269,1.9387224992062355e-09
0.10052891014472326,1.0334401800982106e-08
0.11293913815718663,5.03962344133857e-08
0.1268814006769336,2.25050008084704e-07
0.14254482635890514,9.21390279645662e-07
0.16014189166643014,3.46350182923727e-06
0.17991130314285533,1.1974160145689084e-05
0.2021212354977168,3.815298768988784e-05
0.2270729694325259,0.00011231077967368553
0.2551049785537617,0.00030629769155149367
0.28659752081259104,0.0007763695505280334
0.3219777967548112,0.001835214775525751
0.36172574455336326,0.004060169180706008
0.4063805504338082,0.008436219885052904
0.45654796280755766,0.016514348057696138
0.5129085093300529,0.030535490790419395
0.5762267283493882,0.05343112819809237
0.6473615399712076,0.08858128631186755
0.7272778974247632,0.13922737065412694
0.8170598767824696,0.20754245157867818
0.9179253825967483,0.2935577051429069
1.0312426689380967,0.39434955752533585
1.1585488999444697,0.5039555274978306
1.3015710016583038,0.614284437920511
1.4622490880091454,0.7168540177743012
1.6427627787184707,0.8047539075187435
1.8455607661325835,0.8740789524624933
2.0733940320616497,0.9243274456013706
2.329353165215711,0.9577604539048925
2.6169102854537,0.9781594781343208
2.9399661435534976,0.9895632101302507
3.3029030354176987,0.9953998087177841
3.710644248503383,0.9981329389490341
4.168720846874621,0.9993032336958703
4.683346700825936,0.9997612073335198
5.261502778863538,0.9999249255086944
5.911031845476362,0.9999783680593723
6.64074484928479,0.9999942920946405
7.4605404447366075,0.9999986217516347
8.381539268677866,0.9999996956472567
9.416234793278331,0.9999999385688656
10.578662801651687,0.9999999886720189
11.884591785129816,0.9999999980924102
13.351736844955687,0.9999999997067599
15.0,0.9999999999588638
