SA(0.3s) [g],Loss_ratio
0.05000000000000001,9.202843487265965e-11
0.056172467201025755,4.665065611586528e-10
0.06310692142900626,2.1993814880438834e-09
0.07089742948257126,9.64673350090095e-09
0.07964967064493539,3.9377968968912214e-08
0.08948237023750269,1.4966133516924883e-07
0.10052891014472326,5.298847821577634e-07
0.11293913815718663,1.7488580731250815e-06
0.1268814006769336,5.384958818066555e-06
0.14254482635890514,1.5484731054177246e-05
0.16014189166643014,4.1635539084922125e-05
0.17991130314285533,0.00010484374465984382
0.2021212354977168,0.0002477302575144225
0.2270729694325259,0.0005505616942568293
0.2551049785537617,0.0011541792991190236
0.28659752081259104,0.0022901383826820724
0.3219777967548112,0.0043178796263506295
0.36172574455336326,0.0077689826791842945
0.4063805504338082,0.01339882403926785
0.45654796280755766,0.022243595201761928
0.5129085093300529,0.03567175543636872
0.5762267283493882,0.05540194641305046
0.6473615399712076,0.08343951536722966
0.7272778974247632,0.12187546982077035
0.8170598767824696,0.1725133310781753
0.9179253825967483,0.2363506657003655
1.0312426689380967,0.31302995287669744
1.1585488999444697,0.4004480149911387
1.3015710016583038,0.4947230273673999
1.4622490880091454,0.5906315089723273
1.6427627787184707,0.6824623746442913
1.8455607661325835,0.7650614105411887
2.0733940320616497,0.8347466767274423
2.329353165215711,0.8898177045190593
2.6169102854537,0.9305412643860695
2.9399661435534976,0.9586927882016475
3.3029030354176987,0.9768705451686608
3.710644248503383,0.9878266038566373
4.168720846874621,0.9939865161334598
4.683346700825936,0.9972154731825569
5.261502778863538,0.9987927408600206
5.911031845476362,0.9995103939545359
6.64074484928479,0.9998144266714911
7.4605404447366075,0.9999343133426386
8.381539268677866,0.9999783009423177
9.416234793278331,0.999993314253613
10.578662801651687,0.9999980796648308
11.884591785129816,0.9999994860498614
13.351736844955687,0.9999998718840581
15.0,0.9999999702652026
