SA(0.6s) [g],Loss_ratio
0.05000000000000001,6.576406086367115e-13
0.056172467201025755,3.8548442216068686e-12
0.06310692142900626,2.1100288183362185e-11
0.07089742948257126,1.078671540977183e-10
0.07964967064493539,5.150889659244484e-10
0.08948237023750269,2.2980061242794393e-09
0.10052891014472326,9.580641791018253e-09
0.11293913815718663,3.733615446255279e-08
0.1268814006769336,1.3604931701216574e-07
0.14254482635890514,4.6372916614467744e-07
0.16014189166643014,1.4792452032730277e-06
0.17991130314285533,4.418522180271722e-06
0.2021212354977168,1.2367676478219904e-05
0.2270729694325259,3.246850981038496e-05
0.2551049785537617,8.003589529002043e-05
0.28659752081259104,0.00018550746008950129
0.3219777967548112,0.00040499359504631016
0.36172574455336326,0.0008346110997490998
0.4063805504338082,0.001627887940596562
0.45654796280755766,0.0030148638926637055
0.5129085093300529,0.005321896098356915
0.5762267283493882,0.008993034234528114
0.6473615399712076,0.01461625711858841
0.7272778974247632,0.022958211720650688
0.8170598767824696,0.035005959075697785
0.9179253825967483,0.05200197784995503
1.0312426689380967,0.07544226486925668
1.1585488999444697,0.10699528706550351
1.3015710016583038,0.1483032230688031
1.4622490880091454,0.20065493519913621
1.6427627787184707,0.26457123084269774
1.8455607661325835,0.3394019914062461
2.0733940320616497,0.4230745791247839
2.329353165215711,0.512125193974473
2.6169102854537,0.6020763480857133
2.9399661435534976,0.6881100926164443
3.3029030354176987,0.7658725465310343
3.710644248503383,0.8321846069784374
4.168720846874621,0.8854599656083256
4.683346700825936,0.9257360353563874
5.261502778863538,0.9543579902090188
5.911031845476362,0.9734602281530372
6.64074484928479,0.9854235095541719
7.4605404447366075,0.9924491479772825
8.381539268677866,0.9963156071622481
9.416234793278331,0.9983085101558957
10.578662801651687,0.9992700863665438
11.884591785129816,0.9997042063865881
13.351736844955687,0.9998875179419874
15.0,0.9999598896345029
