SA(0.3s) [g],Loss_ratio
0.05000000000000001,1.7978601940527032e-11
0.056172467201025755,5.385015766634638e-11
0.06310692142900626,1.565583440665819e-10
0.07089742948257126,4.418385324278518e-10
0.07964967064493539,1.210575145682569e-09
0.08948237023750269,3.220395278225041e-09
0.10052891014472326,8.318984184851886e-09
0.11293913815718663,2.087066934830517e-08
0.1268814006769336,5.0860017486442646e-08
0.14254482635890514,1.2041168512277878e-07
0.16014189166643014,2.770133941065733e-07
0.17991130314285533,6.194015408189646e-07
0.2021212354977168,1.3464658683348677e-06
0.2270729694325259,2.8464036792630324e-06
0.2551049785537617,5.8535346812660385e-06
0.28659752081259104,1.1714413661662038e-05
0.3219777967548112,2.2823533365667894e-05
0.36172574455336326,4.3311690245867454e-05
0.4063805504338082,8.009567920730932e-05
0.45654796280755766,0.0001444238753839089
0.5129085093300529,0.00025407476142811914
0.5762267283493882,0.00043637994433374795
0.6473615399712076,0.0007322443778739252
0.7272778974247632,0.0012013182739790463
0.8170598767824696,0.001928429741114829
0.9179253825967483,0.0030313031735745956
1.0312426689380967,0.004669448891031836
1.1585488999444697,0.007053891575159982
1.3015710016583038,0.010457083832233717
1.4622490880091454,0.015221911171178576
1.6427627787184707,0.021768148584345306
1.8455607661325835,0.030594141211889917
2.0733940320616497,0.04227098728266852
2.329353165215711,0.057426307445916015
2.6169102854537,0.07671503973413155
2.9399661435534976,0.10077582843186919
3.3029030354176987,0.1301735829398217
3.710644248503383,0.16533155526780008
4.168720846874621,0.20645942588627642
4.683346700825936,0.25348673291442514
5.261502778863538,0.3060127123540319
5.911031845476362,0.36328347784916254
6.64074484928479,0.42420500861070803
7.4605404447366075,0.48739571195071824
8.381539268677866,0.5512760784088385
9.416234793278331,0.6141863734668475
10.578662801651687,0.6745178785269311
11.884591785129816,0.7308402287659364
13.351736844955687,0.782007689503077
15.0,0.8272307781465177
