SA(0.6s) [g],Loss_ratio
0.05000000000000001,0.0
0.056172467201025755,0.0
0.06310692142900626,5.551115123125783e-18
0.07089742948257126,6.106226635438361e-17
0.07964967064493539,6.106226635438361e-16
0.08948237023750269,5.73985303731206e-15
0.10052891014472326,4.936051567483446e-14
0.11293913815718663,3.9033221099771256e-13
0.1268814006769336,2.8383406736054444e-12
0.14254482635890514,1.8981760607772458e-11
0.16014189166643014,1.1679593958646706e-10
0.17991130314285533,6.614813308214453e-10
0.2021212354977168,3.4500323153885404e-09
0.2270729694325259,1.6580813994027112e-08
0.2551049785537617,7.348185671607333e-08
0.28659752081259104,3.005556742263771e-07
0.3219777967548112,1.135787034195479e-06
0.36172574455336326,3.970501102862346e-06
0.4063805504338082,1.2859621938093868e-05
0.45654796280755766,3.865700948066931e-05
0.5129085093300529,0.00010808519878456325
0.5762267283493882,0.00028177853401341053
0.6473615399712076,0.0006868462875910475
0.7272778974247632,0.001570166435840409
0.8170598767824696,0.0033772557640193877
0.9179253825967483,0.006856707084550607
1.0312426689380967,0.013180058168863645
1.1585488999444697,0.024049690760770855
1.3015710016583038,0.04174294308963064
1.4622490880091454,0.0690157221568132
1.6427627787184707,0.1087820150854847
1.8455607661325835,0.16352453545556347
2.0733940320616497,0.23449482125099164
2.329353165215711,0.32090840307675167
2.6169102854537,0.41945828373696037
2.9399661435534976,0.5244584836653419
3.3029030354176987,0.6287357667732627
3.710644248503383,0.7250713217142174
4.168720846874621,0.8077196652650176
4.683346700825936,0.8734694752671742
5.261502778863538,0.921911581338424
5.911031845476362,0.9549297516707834
6.64074484928479,0.9757306544453589
7.4605404447366075,0.9878327725758768
8.381539268677866,0.994330858128487
9.416234793278331,0.997548856681833
10.578662801651687,0.9990178683218812
11.884591785129816,0.9996357321133542
13.351736844955687,0.9998750639643104
15.0,0.9999604094885324
