SA(0.6s) [g],Loss_ratio
0.05000000000000001,3.641531520770514e-15
0.056172467201025755,2.6068036618198677e-14
0.06310692142900626,1.737721078143295e-13
0.07089742948257126,1.081024159077515e-12
0.07964967064493539,6.2753580110097575e-12
0.08948237023750269,3.4001212956269457e-11
0.10052891014472326,1.7198040769272896e-10
0.11293913815718663,8.122438444058135e-10
0.1268814006769336,3.582881763497525e-09
0.14254482635890514,1.4765710243391794e-08
0.16014189166643014,5.687437161783216e-08
0.17991130314285533,2.0484139567344964e-07
0.2021212354977168,6.902367680083899e-07
0.2270729694325259,2.177459601193643e-06
0.2551049785537617,6.436213978339157e-06
0.28659752081259104,1.7843293395292116e-05
0.3219777967548112,4.645325387802602e-05
0.36172574455336326,0.00011373722612877391
0.4063805504338082,0.00026237398452951254
0.45654796280755766,0.0005714977330318172
0.5129085093300529,0.001178421742696756
0.5762267283493882,0.00230713696033909
0.6473615399712076,0.00430316370580176
0.7272778974247632,0.007673921020150032
0.8170598767824696,0.013133303476373598
0.9179253825967483,0.021647024490647954
1.0312426689380967,0.0344691226256172
1.1585488999444697,0.05314873101160657
1.3015710016583038,0.07947294081565584
1.4622490880091454,0.11530537571421537
1.6427627787184707,0.16229325037350484
1.8455607661325835,0.22145620584391335
2.0733940320616497,0.29273231371206754
2.329353165215711,0.3746162303424457
2.6169102854537,0.46404608884360177
2.9399661435534976,0.5566512840816119
3.3029030354176987,0.6473637620600592
3.710644248503383,0.7312596917140672
4.168720846874621,0.8043989429564484
4.683346700825936,0.8644190543610195
5.261502778863538,0.910728316399453
5.911031845476362,0.9442883553774244
6.64074484928479,0.9671115733092454
7.4605404447366075,0.9816659884520119
8.381539268677866,0.9903631839735623
9.416234793278331,0.9952302461487731
10.578662801651687,0.9977795588569571
11.884591785129816,0.9990287772224998
13.351736844955687,0.9996012110470284
15.0,0.9998464086942502
