SA(0.6s) [g],Loss_ratio
0.05000000000000001,0.0
0.056172467201025755,5.551115123125783e-18
0.06310692142900626,3.885780586188048e-17
0.07089742948257126,3.663735981263017e-16
0.07964967064493539,3.114175584073564e-15
0.08948237023750269,2.4330537584660306e-14
0.10052891014472326,1.762701096197361e-13
0.11293913815718663,1.1846579273111502e-12
0.1268814006769336,7.389183709349823e-12
0.14254482635890514,4.2777054121145853e-11
0.16014189166643014,2.2991621384527152e-10
0.17991130314285533,1.1476927630482692e-09
0.2021212354977168,5.323058516193413e-09
0.2270729694325259,2.2950589473325068e-08
0.2551049785537617,9.204152427999547e-08
0.28659752081259104,3.4359225391522586e-07
0.3219777967548112,1.1949433874169913e-06
0.36172574455336326,3.87565687629543e-06
0.4063805504338082,1.173749498604715e-05
0.45654796280755766,3.324133935598827e-05
0.5129085093300529,8.818850148902269e-05
0.5762267283493882,0.00021961412715973408
0.6473615399712076,0.0005145638296694289
0.7272778974247632,0.0011373365347198626
0.8170598767824696,0.0023782113271323627
0.9179253825967483,0.004718691270612269
1.0312426689380967,0.008910299415890999
1.1585488999444697,0.016056993508147998
1.3015710016583038,0.02768013996906975
1.4622490880091454,0.04572982982184273
1.6427627787184707,0.07249174533414272
1.8455607661325835,0.11033652848403976
2.0733940320616497,0.1612850033713604
2.329353165215711,0.22642769986714925
2.6169102854537,0.3053290799551265
2.9399661435534976,0.3956243784748964
3.3029030354176987,0.4930233293459043
3.710644248503383,0.5918340639251124
4.168720846874621,0.6859327669272772
4.683346700825936,0.7699126328488375
5.261502778863538,0.8400522334686984
5.911031845476362,0.8948068318316551
6.64074484928479,0.9347179390457506
7.4605404447366075,0.9618567600367461
8.381539268677866,0.9790584545538443
9.416234793278331,0.989214761571658
10.578662801651687,0.9947971671884733
11.884591785129816,0.9976520908136445
13.351736844955687,0.9990099267926434
15.0,0.999610262557395
