SA(0.3s) [g],Loss_ratio
0.05000000000000001,4.279180720878629e-08
0.056172467201025755,1.1096149207245887e-07
0.06310692142900626,2.776023968920072e-07
0.07089742948257126,6.702102423317148e-07
0.07964967064493539,1.5618876532286218e-06
0.08948237023750269,3.514574374280377e-06
0.10052891014472326,7.63899506400767e-06
0.11293913815718663,1.604441182867511e-05
0.1268814006769336,3.257999434141401e-05
0.14254482635890514,6.399864515098662e-05
0.16014189166643014,0.00012169682613882296
0.17991130314285533,0.00022419280388866203
0.2021212354977168,0.00040049582666843445
0.2270729694325259,0.0006944922335298365
0.2551049785537617,0.0011704436299811828
0.28659752081259104,0.0019196767194795128
0.3219777967548112,0.003068559207795912
0.36172574455336326,0.0047878902863308145
0.4063805504338082,0.00730382621974004
0.45654796280755766,0.010910288539504154
0.5129085093300529,0.015982300119975784
0.5762267283493882,0.02298872333196046
0.6473615399712076,0.03250142477984441
0.7272778974247632,0.045196194637248444
0.8170598767824696,0.06183933815234606
0.9179253825967483,0.08325350997307271
1.0312426689380967,0.11025789208678932
1.1585488999444697,0.14358173669243915
1.3015710016583038,0.1837564554354502
1.4622490880091454,0.23099878707588806
1.6427627787184707,0.28510422373037303
1.8455607661325835,0.3453735091912476
2.0733940320616497,0.41059364497524165
2.329353165215711,0.479087591947389
2.6169102854537,0.548834600916481
2.9399661435534976,0.6176484749859728
3.3029030354176987,0.6833878349786053
3.710644248503383,0.744164399388844
4.168720846874621,0.7985148927853744
4.683346700825936,0.8455097593736324
5.261502778863538,0.8847853285434811
5.911031845476362,0.9165017334527855
6.64074484928479,0.9412425847151311
7.4605404447366075,0.9598809313241614
8.381539268677866,0.9734380071930983
9.416234793278331,0.9829572798186162
10.578662801651687,0.989408499640269
11.884591785129816,0.9936274893236177
13.351736844955687,0.996289672482967
15.0,0.9979102503521693
