SA(0.3s) [g],Loss_ratio
0.05000000000000001,9.752311470601072e-08
0.056172467201025755,2.42411128209552e-07
0.06310692142900626,5.832128648630697e-07
0.07089742948257126,1.358596605438578e-06
0.07964967064493539,3.0656394794659203e-06
0.08948237023750269,6.703741041308443e-06
0.10052891014472326,1.4213422643771791e-05
0.11293913815718663,2.9235249941861333e-05
0.1268814006769336,5.837199305908092e-05
0.14254482635890514,0.00011320742370480864
0.16014189166643014,0.00021341201240029364
0.17991130314285533,0.00039133727023055176
0.2021212354977168,0.0006985465184644158
0.2270729694325259,0.0012147202611262565
0.2551049785537617,0.0020592669659489525
0.28659752081259104,0.0034057108001286085
0.3219777967548112,0.005498455294391774
0.36172574455336326,0.008670781840234898
0.4063805504338082,0.01336191684587738
0.45654796280755766,0.02012975559290247
0.5129085093300529,0.029654562122358286
0.5762267283493882,0.04272803872220161
0.6473615399712076,0.060222092170381686
0.7272778974247632,0.08303297994525607
0.8170598767824696,0.111999708338964
0.9179253825967483,0.1478005747732468
1.0312426689380967,0.1908379622329921
1.1585488999444697,0.24112756953403203
1.3015710016583038,0.2982123683226837
1.4622490880091454,0.36112188749685625
1.6427627787184707,0.4283927788190107
1.8455607661325835,0.4981571320138656
2.0733940320616497,0.5682923462432801
2.329353165215711,0.6366134661179728
2.6169102854537,0.7010791705605619
2.9399661435534976,0.7599788695014331
3.3029030354176987,0.8120718419802218
3.710644248503383,0.8566592140805733
4.168720846874621,0.8935831900127389
4.683346700825936,0.9231617345420164
5.261502778863538,0.9460774913961095
5.911031845476362,0.9632449568060251
6.64074484928479,0.9756793724087479
7.4605404447366075,0.9843856134818111
8.381539268677866,0.9902776638340118
9.416234793278331,0.9941313982321106
10.578662801651687,0.9965671330073202
11.884591785129816,0.9980546712130414
13.351736844955687,0.998932392222644
15.0,0.9994327242924864
