SA(0.3s) [g],Loss_ratio
0.05000000000000001,2.515765373800605e-14
0.056172467201025755,1.2096434964803395e-13
0.06310692142900626,5.548728143622839e-13
0.07089742948257126,2.4281854305030494e-12
0.07964967064493539,1.0137995998249495e-11
0.08948237023750269,4.0387848621037395e-11
0.10052891014472326,1.5354048588100966e-10
0.11293913815718663,5.570816752342723e-10
0.1268814006769336,1.929289938917833e-09
0.14254482635890514,6.378615297064627e-09
0.16014189166643014,2.01365072893811e-08
0.17991130314285533,6.07102733363174e-08
0.2021212354977168,1.7485078694368107e-07
0.2270729694325259,4.812005388488138e-07
0.2551049785537617,1.2658608919635662e-06
0.28659752081259104,3.1843627402439183e-06
0.3219777967548112,7.663789176892698e-06
0.36172574455336326,1.765613729254878e-05
0.4063805504338082,3.896475338425187e-05
0.45654796280755766,8.243656410534262e-05
0.5129085093300529,0.000167359750329249
0.5762267283493882,0.00032639999033231003
0.6473615399712076,0.0006123282621054605
0.7272778974247632,0.0011066490064507272
0.8170598767824696,0.0019300817112216928
0.9179253825967483,0.003254763001193495
1.0312426689380967,0.005318073858015487
1.1585488999444697,0.008438094639529338
1.3015710016583038,0.013030595230567316
1.4622490880091454,0.019626752332885015
1.6427627787184707,0.028889026712174075
1.8455607661325835,0.0416197342617774
2.0733940320616497,0.05875339144951636
2.329353165215711,0.08132133893917565
2.6169102854537,0.11037747834602868
2.9399661435534976,0.1468790898555915
3.3029030354176987,0.19152732066219835
3.710644248503383,0.24458655800555384
4.168720846874621,0.3057165565537474
4.683346700825936,0.37386023314734323
5.261502778863538,0.44722809874662955
5.911031845476362,0.5234047688763424
6.64074484928479,0.5995760144795829
7.4605404447366075,0.6728434982873277
8.381539268677866,0.7405687438899224
9.416234793278331,0.8006772267134522
10.578662801651687,0.8518622176932433
11.884591785129816,0.8936536966820655
13.351736844955687,0.9263517227462739
15.0,0.9508549214305638
