SA(1.0s) [g],Loss_ratio
0.05000000000000001,0.0
0.056172467201025755,2.7755575615628914e-17
0.06310692142900626,4.1633363423443375e-16
0.07089742948257126,5.240252676230739e-15
0.07964967064493539,5.885847365050268e-14
0.08948237023750269,5.932643265538217e-13
0.10052891014472326,5.393341329096302e-12
0.11293913815718663,4.425950161923709e-11
0.1268814006769336,3.2811932060283767e-10
0.14254482635890514,2.1995176568978537e-09
0.16014189166643014,1.3345970678591004e-08
0.17991130314285533,7.33883099068855e-08
0.2021212354977168,3.662352477895592e-07
0.2270729694325259,1.6612345648980841e-06
0.2551049785537617,6.8611578595445534e-06
0.28659752081259104,2.5851574842478133e-05
0.3219777967548112,8.903924078954573e-05
0.36172574455336326,0.00028092685929821394
0.4063805504338082,0.0008136460519530486
0.45654796280755766,0.002167646507666293
0.5129085093300529,0.005321932133315476
0.5762267283493882,0.012061837906020917
0.6473615399712076,0.025274036638781788
0.7272778974247632,0.04902862036233023
0.8170598767824696,0.08817192296984704
0.9179253825967483,0.14722384973948718
1.0312426689380967,0.22867490323966053
1.1585488999444697,0.33124127729899816
1.3015710016583038,0.4489753795369861
1.4622490880091454,0.5719877838495413
1.6427627787184707,0.6888151653329607
1.8455607661325835,0.7895410287984319
2.0733940320616497,0.8682901972244175
2.329353165215711,0.9240631346625934
2.6169102854537,0.9598142677823011
2.9399661435534976,0.98053991086224
3.3029030354176987,0.9913987275865132
3.710644248503383,0.9965374275875323
4.168720846874621,0.9987327120674903
4.683346700825936,0.9995789484954647
5.261502778863538,0.9998731703123133
5.911031845476362,0.9999654016041574
6.64074484928479,0.999991460529521
7.4605404447366075,0.9999980945740603
8.381539268677866,0.9999996159108654
9.416234793278331,0.9999999300991429
10.578662801651687,0.9999999885208884
11.884591785129816,0.9999999982997912
13.351736844955687,0.9999999997729709
15.0,0.9999999999726797
