SA(1.0s) [g],Loss_ratio
0.05000000000000001,0.00019920348679589028
0.056172467201025755,0.0003993446092447728
0.06310692142900626,0.0007616182446027964
0.07089742948257126,0.0013841813897261135
0.07964967064493539,0.0024023345866418465
0.08948237023750269,0.003992175601536652
0.10052891014472326,0.006372959871417678
0.11293913815718663,0.009811520289804644
0.1268814006769336,0.014634364567789495
0.14254482635890514,0.0212532056192367
0.16014189166643014,0.03020591758726673
0.17991130314285533,0.04220677584088846
0.2021212354977168,0.05818909177407981
0.2270729694325259,0.07931396090704895
0.2551049785537617,0.10691581174076145
0.28659752081259104,0.14236291643691695
0.3219777967548112,0.1868303813685884
0.36172574455336326,0.24101165846314962
0.4063805504338082,0.30482507937192915
0.45654796280755766,0.3771935255450116
0.5129085093300529,0.4559766822631679
0.5762267283493882,0.5381092348608632
0.6473615399712076,0.6199472383224132
0.7272778974247632,0.6977629574327535
0.8170598767824696,0.7682781784224002
0.9179253825967483,0.8291085779939656
1.0312426689380967,0.879016444819425
1.1585488999444697,0.9179273801873955
1.3015710016583038,0.9467356895778889
1.4622490880091454,0.9669767830751793
1.6427627787184707,0.9804657400872152
1.8455607661325835,0.9889876252673427
2.0733940320616497,0.9940893066463382
2.329353165215711,0.9969822397787612
2.6169102854537,0.9985355388102577
2.9399661435534976,0.9993249852803192
3.3029030354176987,0.9997046620774968
3.710644248503383,0.9998774105153393
4.168720846874621,0.999951749878648
4.683346700825936,0.9999820004875961
5.261502778863538,0.9999936383991991
5.911031845476362,0.9999978705882502
6.64074484928479,0.9999993251601649
7.4605404447366075,0.9999997975749776
8.381539268677866,0.9999999425437239
9.416234793278331,0.9999999845716553
10.578662801651687,0.9999999960815098
11.884591785129816,0.9999999990588607
13.351736844955687,0.9999999997862772
15.0,0.9999999999541179
