SA(0.6s) [g],Loss_ratio
0.05000000000000001,6.524474945274195e-06
0.056172467201025755,1.4456416997593592e-05
0.06310692142900626,3.07367871237807e-05
0.07089742948257126,6.272789489664143e-05
0.07964967064493539,0.00012291662846377615
0.08948237023750269,0.00023135482627842933
0.10052891014472326,0.0004184747211454842
0.11293913815718663,0.0007278326208552565
0.1268814006769336,0.0012180672576366624
0.14254482635890514,0.001963216104051285
0.16014189166643014,0.003050684022079048
0.17991130314285533,0.004576748450000541
0.2021212354977168,0.0066405341664098625
0.2270729694325259,0.009338703990699145
0.2551049785537617,0.012764257369773968
0.28659752081259104,0.017013230153393556
0.3219777967548112,0.0222022346424602
0.36172574455336326,0.02849747727775771
0.4063805504338082,0.03615244580157472
0.45654796280755766,0.04554765452984157
0.5129085093300529,0.05722271700196829
0.5762267283493882,0.0718895321836009
0.6473615399712076,0.09041610007324537
0.7272778974247632,0.11377353823025621
0.8170598767824696,0.14294401687686265
0.9179253825967483,0.17879414323135917
1.0312426689380967,0.22192619747765258
1.1585488999444697,0.272527536939441
1.3015710016583038,0.3302447459365218
1.4622490880091454,0.39411138403458806
1.6427627787184707,0.4625541494171892
1.8455607661325835,0.5334907784630544
2.0733940320616497,0.6045152416629546
2.329353165215711,0.6731457104036159
2.6169102854537,0.7370941674251028
2.9399661435534976,0.7945090617293158
3.3029030354176987,0.8441472008631368
3.710644248503383,0.8854472319654928
4.168720846874621,0.9184997871636602
4.683346700825936,0.9439317503524619
5.261502778863538,0.9627377619559714
5.911031845476362,0.9760974331608363
6.64074484928479,0.985211944904387
7.4605404447366075,0.9911820203257782
8.381539268677866,0.9949353549642744
9.416234793278331,0.9971996796319933
10.578662801651687,0.9985102075813819
11.884591785129816,0.9992377371206191
13.351736844955687,0.9996250570158848
15.0,0.9998227670416644
