SA(0.6s) [g],Loss_ratio
0.05000000000000001,1.4271215748040688e-08
0.056172467201025755,4.9892240305826624e-08
0.06310692142900626,1.64510840738874e-07
0.07089742948257126,5.117613359750806e-07
0.07964967064493539,1.502443347645155e-06
0.08948237023750269,4.164505458581491e-06
0.10052891014472326,1.0903843548243364e-05
0.11293913815718663,2.6984398542589943e-05
0.1268814006769336,6.316737394206907e-05
0.14254482635890514,0.00014000110210176663
0.16014189166643014,0.0002941331989288365
0.17991130314285533,0.0005866469956041454
0.2021212354977168,0.001112854764089688
0.2270729694325259,0.0020124914261461456
0.2551049785537617,0.003479341340716924
0.28659752081259104,0.005770462098987301
0.3219777967548112,0.009217298751624909
0.36172574455336326,0.01424310112468249
0.4063805504338082,0.02139119878938047
0.45654796280755766,0.03136473232937731
0.5129085093300529,0.04506957820478941
0.5762267283493882,0.06364033014457748
0.6473615399712076,0.08841922370428815
0.7272778974247632,0.12085639994879853
0.8170598767824696,0.16231239910273249
0.9179253825967483,0.2137714595213761
1.0312426689380967,0.2755116297840853
1.1585488999444697,0.3468126100146978
1.3015710016583038,0.42579855234269515
1.4622490880091454,0.5094972769299602
1.6427627787184707,0.594146443034933
1.8455607661325835,0.6757037441866001
2.0733940320616497,0.750448431265633
2.329353165215711,0.815524826993274
2.6169102854537,0.8692928757585299
2.9399661435534976,0.9114121361058798
3.3029030354176987,0.9426689061527315
3.710644248503383,0.9646277275572426
4.168720846874621,0.9792227975374125
4.683346700825936,0.988395481933477
5.261502778863538,0.9938438500481858
5.911031845476362,0.9969010576631516
6.64074484928479,0.998521001820192
7.4605404447366075,0.9993312852923347
8.381539268677866,0.9997137542429152
9.416234793278331,0.999884068812715
10.578662801651687,0.999955599168491
11.884591785129816,0.9999839267671595
13.351736844955687,0.9999945026840222
15.0,0.999998224309364
