SA(0.6s) [g],Loss_ratio
0.05000000000000001,2.237050636899607e-07
0.056172467201025755,5.506223071050087e-07
0.06310692142900626,1.305741680501793e-06
0.07089742948257126,2.9837655527331643e-06
0.07964967064493539,6.571546595768307e-06
0.08948237023750269,1.3953185553855497e-05
0.10052891014472326,2.8569915656445625e-05
0.11293913815718663,5.6431980006849125e-05
0.1268814006769336,0.00010757289708881456
0.14254482635890514,0.0001979970127826858
0.16014189166643014,0.00035209057274697143
0.17991130314285533,0.0006053504495338536
0.2021212354977168,0.0010071626296215773
0.2270729694325259,0.0016232913709669395
0.2551049785537617,0.0025377935421463773
0.28659752081259104,0.0038543140290219105
0.3219777967548112,0.005697156690275219
0.36172574455336326,0.008213075478883804
0.4063805504338082,0.011575194819610125
0.45654796280755766,0.015990570034737875
0.5129085093300529,0.021712366898757364
0.5762267283493882,0.0290563311230863
0.6473615399712076,0.038419228887095334
0.7272778974247632,0.05029465073394557
0.8170598767824696,0.06527960636860623
0.9179253825967483,0.08406442352409363
1.0312426689380967,0.1073992394634242
1.1585488999444697,0.13603319989915671
1.3015710016583038,0.17062728797420526
1.4622490880091454,0.21164790552253832
1.6427627787184707,0.2592547991604407
1.8455607661325835,0.3132021191520333
2.0733940320616497,0.37277362012281523
2.329353165215711,0.43677085845742525
2.6169102854537,0.5035661641403038
2.9399661435534976,0.5712209355857412
3.3029030354176987,0.6376566323328157
3.710644248503383,0.7008539563375051
4.168720846874621,0.7590484636979841
4.683346700825936,0.8108905589297121
5.261502778863538,0.8555448941006687
5.911031845476362,0.8927168436943662
6.64074484928479,0.9226085288917746
7.4605404447366075,0.9458199009903068
8.381539268677866,0.9632185355197194
9.416234793278331,0.9758036275915491
10.578662801651687,0.9845857598176917
11.884591785129816,0.9904963704365111
13.351736844955687,0.994332115398805
15.0,0.9967318154574266
