SA(0.6s) [g],Loss_ratio
0.05000000000000001,3.1691809931899684e-07
0.056172467201025755,8.623809059249422e-07
0.06310692142900626,2.2369054393456268e-06
0.07089742948257126,5.5321015015208365e-06
0.07964967064493539,1.304789317209676e-05
0.08948237023750269,2.935838548864811e-05
0.10052891014472326,6.304120969163884e-05
0.11293913815718663,0.00012924351024823922
0.1268814006769336,0.00025311468354955455
0.14254482635890514,0.00047384498299246625
0.16014189166643014,0.0008486350205060778
0.17991130314285533,0.0014555161466704492
0.2021212354977168,0.002393798100904693
0.2270729694325259,0.003781346797569951
0.2551049785537617,0.005749096842792894
0.28659752081259104,0.008435070953805497
0.3219777967548112,0.011982142125867519
0.36172574455336326,0.01654486746013837
0.4063805504338082,0.022309924810478297
0.45654796280755766,0.029531448176332565
0.5129085093300529,0.038577257342453306
0.5762267283493882,0.04997596941643508
0.6473615399712076,0.06445018105266051
0.7272778974247632,0.0829190738585508
0.8170598767824696,0.10645591259299592
0.9179253825967483,0.1361920558628098
1.0312426689380967,0.17316870855205707
1.1585488999444697,0.21814973752070668
1.3015710016583038,0.27142189720198673
1.4622490880091454,0.3326201208623175
1.6427627787184707,0.40062116647135365
1.8455607661325835,0.4735444984381225
2.0733940320616497,0.548882241571962
2.329353165215711,0.6237519977217291
2.6169102854537,0.6952341824170845
2.9399661435534976,0.76072983953139
3.3029030354176987,0.8182655981785543
3.710644248503383,0.8666842600784074
4.168720846874621,0.9056892365589414
4.683346700825936,0.9357485842106187
5.261502778863538,0.9578970265819305
5.911031845476362,0.9734921891064526
6.64074484928479,0.9839808950302094
7.4605404447366075,0.9907162641714613
8.381539268677866,0.9948443425024658
9.416234793278331,0.9972583367502047
10.578662801651687,0.9986048000488348
11.884591785129816,0.999320948541647
13.351736844955687,0.9996840710128803
15.0,0.9998595583629147
