SA(0.3s) [g],Loss_ratio
0.05000000000000001,8.799883658427987e-07
0.056172467201025755,1.9319796266237253e-06
0.06310692142900626,4.106719750884836e-06
0.07089742948257126,8.452971633815533e-06
0.07964967064493539,1.685028055535276e-05
0.08948237023750269,3.253551250149145e-05
0.10052891014472326,6.0861089829061804e-05
0.11293913815718663,0.00011031723718755715
0.1268814006769336,0.0001938082755994608
0.14254482635890514,0.000330101180426029
0.16014189166643014,0.0005452668206979927
0.17991130314285533,0.0008738278923152209
0.2021212354977168,0.0013592467224881834
0.2270729694325259,0.0020533791868364236
0.2551049785537617,0.003014639490932053
0.28659752081259104,0.00430490004425117
0.3219777967548112,0.005985587174331297
0.36172574455336326,0.008113964455712875
0.4063805504338082,0.010741095303531213
0.45654796280755766,0.013913274622886974
0.5129085093300529,0.017678641842406355
0.5762267283493882,0.02210011313425941
0.6473615399712076,0.02727468187654857
0.7272778974247632,0.03335764879135718
0.8170598767824696,0.04058869607050408
0.9179253825967483,0.04931523232453297
1.0312426689380967,0.060007441438414924
1.1585488999444697,0.07325925435044055
1.3015710016583038,0.08977022237839996
1.4622490880091454,0.11030508393491176
1.6427627787184707,0.13563063561345093
1.8455607661325835,0.16643314494992123
2.0733940320616497,0.20322358689835723
2.329353165215711,0.24624183679038786
2.6169102854537,0.29537379094985333
2.9399661435534976,0.35009630577940964
3.3029030354176987,0.4094630866431064
3.710644248503383,0.47213990974039993
4.168720846874621,0.5364902310341682
4.683346700825936,0.6007035422253305
5.261502778863538,0.6629506169099071
5.911031845476362,0.7215440638433873
6.64074484928479,0.7750809509944326
7.4605404447366075,0.8225472976221418
8.381539268677866,0.8633713392904957
9.416234793278331,0.8974219537726701
10.578662801651687,0.9249582122909863
11.884591785129816,0.9465435105636811
13.351736844955687,0.9629416786034323
15.0,0.9750124704503937
