SA(1.0s) [g],Loss_ratio
0.05000000000000001,6.044490791223823e-09
0.056172467201025755,2.1885121559428458e-08
0.06310692142900626,7.477193821325834e-08
0.07089742948257126,2.4113533700909075e-07
0.07964967064493539,7.343015085703453e-07
0.08948237023750269,2.1123773412068393e-06
0.10052891014472326,5.743625350285165e-06
0.11293913815718663,1.4770822432425001e-05
0.1268814006769336,3.595665604348431e-05
0.14254482635890514,8.29361326332434e-05
0.16014189166643014,0.0001814817244423117
0.17991130314285533,0.0003773152044748152
0.2021212354977168,0.0007467272456799013
0.2270729694325259,0.0014098679265145187
0.2551049785537617,0.002546304152039675
0.28659752081259104,0.004412654082524603
0.3219777967548112,0.007362953706893877
0.36172574455336326,0.011873418103154431
0.4063805504338082,0.018573112395111602
0.45654796280755766,0.028278945214598082
0.5129085093300529,0.042026203253329675
0.5762267283493882,0.06107562689171548
0.6473615399712076,0.08686902874134982
0.7272778974247632,0.12090440660808743
0.8170598767824696,0.16451478612424614
0.9179253825967483,0.2185645130070769
1.0312426689380967,0.2831162362941059
1.1585488999444697,0.35715685745052067
1.3015710016583038,0.4384828816316315
1.4622490880091454,0.5238212808044589
1.6427627787184707,0.6092013606293385
1.8455607661325835,0.6905141666459048
2.0733940320616497,0.7641291243551558
2.329353165215711,0.8274122422402392
2.6169102854537,0.8790193522071706
2.9399661435534976,0.9189104395139077
3.3029030354176987,0.9481169329883016
3.710644248503383,0.9683588425755832
4.168720846874621,0.9816314202731725
4.683346700825936,0.9898610569526866
5.261502778863538,0.9946843099557413
5.911031845476362,0.9973552562798269
6.64074484928479,0.9987522824640557
7.4605404447366075,0.9994422385998649
8.381539268677866,0.9997638951011453
9.416234793278331,0.9999054109844671
10.578662801651687,0.9999641543308901
11.884591785129816,0.9999871560894171
13.351736844955687,0.9999956504204371
15.0,0.9999986083509967
