SA(0.3s) [g],Loss_ratio
0.05000000000000001,1.20118401336633e-09
0.056172467201025755,4.226670896612106e-09
0.06310692142900626,1.4142243187631464e-08
0.07089742948257126,4.500114105243647e-08
0.07964967064493539,1.3619940679721053e-07
0.08948237023750269,3.9214115684638176e-07
0.10052891014472326,1.0742458900592223e-06
0.11293913815718663,2.8005868342451117e-06
0.1268814006769336,6.949962157803969e-06
0.14254482635890514,1.6421966510921095e-05
0.16014189166643014,3.69589902436851e-05
0.17991130314285533,7.925697703957681e-05
0.2021212354977168,0.000162025248987685
0.2270729694325259,0.0003159412789725258
0.2551049785537617,0.0005880557106060559
0.28659752081259104,0.0010456992582083212
0.3219777967548112,0.0017785323376013353
0.36172574455336326,0.0028974020833188174
0.4063805504338082,0.004529490446973794
0.45654796280755766,0.006811001140737695
0.5129085093300529,0.009881025163196928
0.5762267283493882,0.013882348159597865
0.6473615399712076,0.018975540446915122
0.7272778974247632,0.025370578234484364
0.8170598767824696,0.033375177960765
0.9179253825967483,0.04345192267703293
1.0312426689380967,0.05626916395574696
1.1585488999444697,0.07272604557058479
1.3015710016583038,0.09393178250556958
1.4622490880091454,0.12112444192818392
1.6427627787184707,0.15552470788043288
1.8455607661325835,0.19813440338311106
2.0733940320616497,0.24950598235445806
2.329353165215711,0.30952463028946153
2.6169102854537,0.3772543138910433
2.9399661435534976,0.450897585324518
3.3029030354176987,0.5279021938094988
3.710644248503383,0.6052162357805373
4.168720846874621,0.679654859935074
4.683346700825936,0.7483078682630281
5.261502778863538,0.8089018948640064
5.911031845476362,0.860040609281436
6.64074484928479,0.9012793022087622
7.4605404447366075,0.9330347605691613
8.381539268677866,0.9563718159074303
9.416234793278331,0.9727313678060068
10.578662801651687,0.983665935799797
11.884591785129816,0.9906316270887782
13.351736844955687,0.9948593267403634
15.0,0.9973032153073175
