SA(0.3s) [g],Loss_ratio
0.05000000000000001,1.511482420185617e-06
0.056172467201025755,3.5232630252457486e-06
0.06310692142900626,7.89311134030135e-06
0.07089742948257126,1.6997815956976136e-05
0.07964967064493539,3.5194196104360034e-05
0.08948237023750269,7.00787228341493e-05
0.10052891014472326,0.00013423266666378608
0.11293913815718663,0.0002474149148083249
0.1268814006769336,0.0004389867237248102
0.14254482635890514,0.0007501126547402204
0.16014189166643014,0.001235038376682718
0.17991130314285533,0.0019606080821954978
0.2021212354977168,0.003003293466415774
0.2270729694325259,0.004443486782723582
0.2551049785537617,0.006357696274313313
0.28659752081259104,0.00881044769518375
0.3219777967548112,0.01184883103207385
0.36172574455336326,0.015503297375002001
0.4063805504338082,0.01979807467201061
0.45654796280755766,0.02477318630812082
0.5129085093300529,0.030517606706839236
0.5762267283493882,0.03721001940436827
0.6473615399712076,0.045160650681741306
0.7272778974247632,0.054845463022896064
0.8170598767824696,0.06692314569736788
0.9179253825967483,0.08222607101390919
1.0312426689380967,0.10171867324728763
1.1585488999444697,0.12642042325803357
1.3015710016583038,0.1572955917689456
1.4622490880091454,0.19511814203612599
1.6427627787184707,0.24032687835865066
1.8455607661325835,0.2928922778971978
2.0733940320616497,0.3522203962630822
2.329353165215711,0.4171186546713927
2.6169102854537,0.4858415051419459
2.9399661435534976,0.5562208429287356
3.3029030354176987,0.6258688010288533
3.710644248503383,0.6924235268489324
4.168720846874621,0.7537968578855836
4.683346700825936,0.8083805746951251
5.261502778863538,0.8551764191357522
5.911031845476362,0.8938321246286759
6.64074484928479,0.924586314886118
7.4605404447366075,0.9481433331626029
8.381539268677866,0.9655101104465387
9.416234793278331,0.977829047762105
10.578662801651687,0.986234621553124
11.884591785129816,0.9917502853319076
13.351736844955687,0.9952302147252339
15.0,0.9973407845907608
