SA(0.3s) [g],Loss_ratio
0.05000000000000001,7.807976487583801e-13
0.056172467201025755,3.941513782024231e-12
0.06310692142900626,1.8781071142726092e-11
0.07089742948257126,8.44795455812175e-11
0.07964967064493539,3.587578401020863e-10
0.08948237023750269,1.4385289293095128e-09
0.10052891014472326,5.447016743209687e-09
0.11293913815718663,1.9479790341891957e-08
0.1268814006769336,6.580616522811056e-08
0.14254482635890514,2.1003293948496093e-07
0.16014189166643014,6.334924180451119e-07
0.17991130314285533,1.80608935276827e-06
0.2021212354977168,4.868682493697208e-06
0.2270729694325259,1.2414065538896013e-05
0.2551049785537617,2.9952658733589656e-05
0.28659752081259104,6.842358984073815e-05
0.3219777967548112,0.00014808481454055557
0.36172574455336326,0.00030388281489174274
0.4063805504338082,0.0005918936824636901
0.45654796280755766,0.0010957160240917308
0.5129085093300529,0.001931102928597983
0.5762267283493882,0.0032472089719119746
0.6473615399712076,0.005224176602255804
0.7272778974247632,0.008069528058538184
0.8170598767824696,0.012019178858606117
0.9179253825967483,0.01735104256636044
1.0312426689380967,0.024417933909253137
1.1585488999444697,0.03370038663114314
1.3015710016583038,0.04586970301494985
1.4622490880091454,0.061840075136706245
1.6427627787184707,0.08278052836573059
1.8455607661325835,0.11005711096528789
2.0733940320616497,0.14508576122184572
2.329353165215711,0.18909653861355283
2.6169102854537,0.24283740045050742
2.9399661435534976,0.3062743164648331
3.3029030354176987,0.3783650745027726
3.710644248503383,0.4569860453110114
4.168720846874621,0.5390666575358256
4.683346700825936,0.620936195081575
5.261502778863538,0.6988247856494613
5.911031845476362,0.7694077190015842
6.64074484928479,0.83026223893132
7.4605404447366075,0.8801296394345308
8.381539268677866,0.9189350704934007
9.416234793278331,0.9475893270262208
10.578662801651687,0.9676532367710915
11.884591785129816,0.9809674145987421
13.351736844955687,0.9893360873753629
15.0,0.9943161832112788
