SA(1.0s) [g],Loss_ratio
0.05000000000000001,1.2912206160864414e-05
0.056172467201025755,3.0237854938447438e-05
0.06310692142900626,6.732001991536784e-05
0.07089742948257126,0.0001425922382678968
0.07964967064493539,0.0002876070135009401
0.08948237023750269,0.0005530290938149718
0.10052891014472326,0.0010152203624491096
0.11293913815718663,0.0017824301161157797
0.1268814006769336,0.002999658685137197
0.14254482635890514,0.0048520990368870025
0.16014189166643014,0.007568751728053575
0.17991130314285533,0.011429839692166044
0.2021212354977168,0.01678283484013072
0.2270729694325259,0.02407073270339933
0.2551049785537617,0.033871604575722414
0.28659752081259104,0.04694068685339597
0.3219777967548112,0.06423743227376454
0.36172574455336326,0.08691366120661319
0.4063805504338082,0.11623920891126448
0.45654796280755766,0.15345107763305624
0.5129085093300529,0.19953123111721136
0.5762267283493882,0.25494340263036985
0.6473615399712076,0.3193836280696757
0.7272778974247632,0.39161337898626225
0.8170598767824696,0.46943949569215465
0.9179253825967483,0.5498776595214687
1.0312426689380967,0.6294902578167655
1.1585488999444697,0.7048385008426612
1.3015710016583038,0.7729508457613163
1.4622490880091454,0.8317007568298493
1.6427627787184707,0.8800117169009392
1.8455607661325835,0.9178576053546273
2.0733940320616497,0.9460832610008193
2.329353165215711,0.9661128836738757
2.6169102854537,0.9796299992934066
2.9399661435534976,0.9883012300474513
3.3029030354176987,0.9935867317075692
3.710644248503383,0.9966468722473654
4.168720846874621,0.9983291688587705
4.683346700825936,0.9992070581980526
5.261502778863538,0.9996418037044369
5.911031845476362,0.9998460628878431
6.64074484928479,0.999937092393779
7.4605404447366075,0.9999755647552149
8.381539268677866,0.9999909818226133
9.416234793278331,0.9999968387349382
10.578662801651687,0.9999989477728215
11.884591785129816,0.9999996675362415
13.351736844955687,0.9999999003087723
15.0,0.999999971637158
