SA(1.0s) [g],Loss_ratio
0.05000000000000001,0.0044292691949015415
0.056172467201025755,0.006794782397781196
0.06310692142900626,0.009974073139796986
0.07089742948257126,0.014063650878177842
0.07964967064493539,0.019143082940329213
0.08948237023750269,0.025311496207728684
0.10052891014472326,0.03275174380882331
0.11293913815718663,0.04181204979867831
0.1268814006769336,0.05308492711664524
0.14254482635890514,0.06745791345891892
0.16014189166643014,0.08611207802578236
0.17991130314285533,0.11045137352072731
0.2021212354977168,0.14195630089567085
0.2270729694325259,0.18196749425935838
0.2551049785537617,0.23141930278025394
0.28659752081259104,0.2905612412602536
0.3219777967548112,0.35872397213154134
0.36172574455336326,0.4341982020508751
0.4063805504338082,0.5142880673593356
0.45654796280755766,0.5955676651341345
0.5129085093300529,0.6743145160672589
0.5762267283493882,0.7470349672612671
0.6473615399712076,0.8109589068318276
0.7272778974247632,0.864383725671069
0.8170598767824696,0.9067920492901913
0.9179253825967483,0.9387369057692099
1.0312426689380967,0.9615536765203205
1.1585488999444697,0.9769960101928851
1.3015710016583038,0.9868932313412725
1.4622490880091454,0.9928969452081235
1.6427627787184707,0.9963422087509093
1.8455607661325835,0.9982117346032793
2.0733940320616497,0.9991706424053559
2.329353165215711,0.9996353774262373
2.6169102854537,0.9998481322379617
2.9399661435534976,0.9999401083814907
3.3029030354176987,0.999977647329499
3.710644248503383,0.9999921084250258
4.168720846874621,0.9999973655025628
4.683346700825936,0.9999991686589139
5.261502778863538,0.999999752102468
5.911031845476362,0.9999999301678328
6.64074484928479,0.9999999814210503
7.4605404447366075,0.9999999953326247
8.381539268677866,0.9999999988930599
9.416234793278331,0.9999999997522017
10.578662801651687,0.9999999999476488
11.884591785129816,0.9999999999895637
13.351736844955687,0.9999999999980371
15.0,0.9999999999996517
