SA(0.3s) [g],Loss_ratio
0.05000000000000001,1.5620601001020696e-07
0.056172467201025755,3.9612379508779944e-07
0.06310692142900626,9.66381082390111e-07
0.07089742948257126,2.268388280984857e-06
0.07964967064493539,5.124072092332899e-06
0.08948237023750269,1.1141195129099613e-05
0.10052891014472326,2.332235011787698e-05
0.11293913815718663,4.7017690119549595e-05
0.1268814006769336,9.13160813833025e-05
0.14254482635890514,0.00017092641411571298
0.16014189166643014,0.0003085066254043256
0.17991130314285533,0.0005372539535263677
0.2021212354977168,0.0009034064149053223
0.2270729694325259,0.0014681908545364775
0.2551049785537617,0.0023087872626433303
0.28659752081259104,0.0035181635605226196
0.3219777967548112,0.005204216989134648
0.36172574455336326,0.007489466875980138
0.4063805504338082,0.010513348216492864
0.45654796280755766,0.014439581616486891
0.5129085093300529,0.019470720205371606
0.5762267283493882,0.025870491437508487
0.6473615399712076,0.0339919499586723
0.7272778974247632,0.04430614090921312
0.8170598767824696,0.05742275455087827
0.9179253825967483,0.07409220112592936
1.0312426689380967,0.09517870125803396
1.1585488999444697,0.12159709084648407
1.3015710016583038,0.15421218169997092
1.4622490880091454,0.19370799509522052
1.6427627787184707,0.24044344227217185
1.8455607661325835,0.2943188260542089
2.0733940320616497,0.3546813807413766
2.329353165215711,0.4202958710147122
2.6169102854537,0.489397185705291
2.9399661435534976,0.5598269368882343
3.3029030354176987,0.6292384048860219
3.710644248503383,0.6953382822156509
4.168720846874621,0.7561241876807878
4.683346700825936,0.8100769450445577
5.261502778863538,0.8562764839760277
5.911031845476362,0.8944272220784495
6.64074484928479,0.9247980703010911
7.4605404447366075,0.9480984630608942
8.381539268677866,0.9653210964364297
9.416234793278331,0.9775829359269999
10.578662801651687,0.9859897562965134
11.884591785129816,0.991539047760706
13.351736844955687,0.9950651151106209
15.0,0.9972214479459862
