SA(0.6s) [g],Loss_ratio
0.05000000000000001,2.1084229449352953e-06
0.056172467201025755,5.3523022992163495e-06
0.06310692142900626,1.292332033799304e-05
0.07089742948257126,2.968800927840021e-05
0.07964967064493539,6.490880623105655e-05
0.08948237023750269,0.00013511618422821226
0.10052891014472326,0.0002679089798080569
0.11293913815718663,0.0005062619574693505
0.1268814006769336,0.0009123277610618098
0.14254482635890514,0.0015691166056191529
0.16014189166643014,0.002578164698140417
0.17991130314285533,0.004051795189109831
0.2021212354977168,0.006100142937523129
0.2270729694325259,0.008815653056839057
0.2551049785537617,0.012260555550662324
0.28659752081259104,0.016464616940233007
0.3219777967548112,0.021439962222133648
0.36172574455336326,0.027216278416833436
0.4063805504338082,0.03389381248516675
0.45654796280755766,0.041705079171874944
0.5129085093300529,0.051071476943274303
0.5762267283493882,0.0626398485530252
0.6473615399712076,0.0772866181409099
0.7272778974247632,0.09608201797276503
0.8170598767824696,0.12021194279168138
0.9179253825967483,0.1508589046307628
1.0312426689380967,0.18904715103422523
1.1585488999444697,0.23546254800123606
1.3015710016583038,0.29026712621406375
1.4622490880091454,0.3529400963254137
1.6427627787184707,0.42218650729291723
1.8455607661325835,0.495954153281566
2.0733940320616497,0.5715833539886562
2.329353165215711,0.6460836148187242
2.6169102854537,0.7164945140036982
2.9399661435534976,0.7802590913033263
3.3029030354176987,0.8355290296783593
3.710644248503383,0.8813371170298366
4.168720846874621,0.9176086626552589
4.683346700825936,0.9450264869898444
5.261502778863538,0.9647986084488701
5.911031845476362,0.9783932935440974
6.64074484928479,0.9873006715646173
7.4605404447366075,0.9928595588943738
8.381539268677866,0.9961624613388081
9.416234793278331,0.9980301484255395
10.578662801651687,0.9990349025945837
11.884591785129816,0.9995489752489489
13.351736844955687,0.9997990520763573
15.0,0.9999146884613087
