SA(1.0s) [g],Loss_ratio
0.05000000000000001,5.267107968776053e-07
0.056172467201025755,1.5095007095178302e-06
0.06310692142900626,4.105261479520061e-06
0.07089742948257126,1.060299186952385e-05
0.07964967064493539,2.60311494778287e-05
0.08948237023750269,6.0814440532330766e-05
0.10052891014472326,0.00013537048139544705
0.11293913815718663,0.00028753709980680056
0.1268814006769336,0.0005838002304834167
0.14254482635890514,0.0011352238533364036
0.16014189166643014,0.0021187548489106037
0.17991130314285533,0.0038041950423974846
0.2021212354977168,0.006586526765129397
0.2270729694325259,0.011022138113695002
0.2551049785537617,0.017865214236878774
0.28659752081259104,0.02809649438283544
0.3219777967548112,0.042930749663176664
0.36172574455336326,0.06378330219100939
0.4063805504338082,0.09217334079361075
0.45654796280755766,0.12954762294829175
0.5129085093300529,0.17702610841739977
0.5762267283493882,0.23510022781270198
0.6473615399712076,0.3033468948943576
0.7272778974247632,0.3802430258523739
0.8170598767824696,0.46316159062710277
0.9179253825967483,0.5485939050095097
1.0312426689380967,0.6325807173128363
1.1585488999444697,0.7112674622283794
1.3015710016583038,0.7814538020501306
1.4622490880091454,0.8410045436416448
1.6427627787184707,0.8890311083735088
1.8455607661325835,0.9258233009461985
2.0733940320616497,0.9525820445951041
2.329353165215711,0.9710490970909713
2.6169102854537,0.9831373063075582
2.9399661435534976,0.9906395363894547
3.3029030354176987,0.9950525164058961
3.710644248503383,0.9975120398631743
4.168720846874621,0.9988104884299347
4.683346700825936,0.9994596340278048
5.261502778863538,0.999766891181017
5.911031845476362,0.9999045526442086
6.64074484928479,0.9999629225967656
7.4605404447366075,0.9999863409474133
8.381539268677866,0.9999952297521718
9.416234793278331,0.9999984211923231
10.578662801651687,0.9999995049396988
11.884591785129816,0.9999998529677686
13.351736844955687,0.9999999586487578
15.0,0.9999999889898821
