PGA [g],Loss_ratio
0.05000000000000001,1.1102230246251566e-17
0.056172467201025755,1.3877787807814457e-16
0.06310692142900626,1.3433698597964396e-15
0.07089742948257126,1.2101430968414206e-14
0.07964967064493539,1.0015877016655851e-13
0.08948237023750269,7.619904707212299e-13
0.10052891014472326,5.3301085767287766e-12
0.11293913815718663,3.428686223827526e-11
0.1268814006769336,2.0285800816921553e-10
0.14254482635890514,1.1041110192788751e-09
0.16014189166643014,5.529482471899882e-09
0.17991130314285533,2.5486965221643843e-08
0.2021212354977168,1.0815435870226155e-07
0.2270729694325259,4.2268570185077795e-07
0.2551049785537617,1.5220420127415315e-06
0.28659752081259104,5.052453279152936e-06
0.3219777967548112,1.5471545167139444e-05
0.36172574455336326,4.374108286907541e-05
0.4063805504338082,0.0001143007717228972
0.45654796280755766,0.00027646944897664617
0.5129085093300529,0.0006202073910587524
0.5762267283493882,0.0012938369546121543
0.6473615399712076,0.0025191919318073466
0.7272778974247632,0.00460082544555639
0.8170598767824696,0.007933492978289148
0.9179253825967483,0.013025266782438401
1.0312426689380967,0.02056354553697921
1.1585488999444697,0.03154264565986348
1.3015710016583038,0.04743293504141841
1.4622490880091454,0.07030909591150432
1.6427627787184707,0.10280129961115539
1.8455607661325835,0.14773543433023353
2.0733940320616497,0.2074216333242621
2.329353165215711,0.2827231701103205
2.6169102854537,0.3722187816545619
2.9399661435534976,0.4718507027790221
3.3029030354176987,0.5753409942692632
3.710644248503383,0.6753673994060058
4.168720846874621,0.7651457339698109
4.683346700825936,0.8398595428044044
5.261502778863538,0.8974389897672865
5.911031845476362,0.9384905980551668
6.64074484928479,0.9655437204888072
7.4605404447366075,0.9820106165510842
8.381539268677866,0.9912626936100297
9.416234793278331,0.9960584981356371
10.578662801651687,0.99835078777217
11.884591785129816,0.9993606891787681
13.351736844955687,0.9997706349079489
15.0,0.9999239079320867
