SA(1.0s) [g],Loss_ratio
0.05000000000000001,0.0
0.056172467201025755,2.7755575615628914e-17
0.06310692142900626,4.2743586448068533e-16
0.07089742948257126,5.312417172831374e-15
0.07964967064493539,5.954681192577027e-14
0.08948237023750269,5.987155216047313e-13
0.10052891014472326,5.4302395913197196e-12
0.11293913815718663,4.4467241000489826e-11
0.1268814006769336,3.290153371970917e-10
0.14254482635890514,2.2016075518216385e-09
0.16014189166643014,1.3337281112857369e-08
0.17991130314285533,7.323591273977749e-08
0.2021212354977168,3.650155993184523e-07
0.2270729694325259,1.6538977817726063e-06
0.2551049785537617,6.824517953829547e-06
0.28659752081259104,2.569370516902758e-05
0.3219777967548112,8.844072924730774e-05
0.36172574455336326,0.0002789066158953135
0.4063805504338082,0.0008075267275513443
0.45654796280755766,0.0021509214565874012
0.5129085093300529,0.005280523115927804
0.5762267283493882,0.011968716875142721
0.6473615399712076,0.025083515170379857
0.7272778974247632,0.04867370105240597
0.8170598767824696,0.08756984952866578
0.9179253825967483,0.14629420248338365
1.0312426689380967,0.2273693599783938
1.1585488999444697,0.32957545558943413
1.3015710016583038,0.4470463171510738
1.4622490880091454,0.5699626390411388
1.6427627787184707,0.686889900621904
1.8455607661325835,0.7878851914109591
2.0733940320616497,0.8670029895912601
2.329353165215711,0.9231594066011019
2.6169102854537,0.959241628208795
2.9399661435534976,0.9802126354252474
3.3029030354176987,0.9912301105775905
3.710644248503383,0.9964591492283293
4.168720846874621,0.9986999813307867
4.683346700825936,0.9995666263508026
5.261502778863538,0.99986899494863
5.911031845476362,0.9999641285215498
6.64074484928479,0.9999911113381051
7.4605404447366075,0.9999980084315435
8.381539268677866,0.9999995968021563
9.416234793278331,0.9999999262882482
10.578662801651687,0.9999999878377094
11.884591785129816,0.9999999981897154
13.351736844955687,0.9999999997570326
15.0,0.9999999999706062
