SA(1.0s) [g],Loss_ratio
0.05000000000000001,0.0
0.056172467201025755,0.0
0.06310692142900626,0.0
0.07089742948257126,0.0
0.07964967064493539,1.1102230246251566e-17
0.08948237023750269,2.3869795029440865e-16
0.10052891014472326,3.380629109983602e-15
0.11293913815718663,4.2005288136692794e-14
0.1268814006769336,4.684364007800923e-13
0.14254482635890514,4.69041472328513e-12
0.16014189166643014,4.220075955352343e-11
0.17991130314285533,3.4145577476607516e-10
0.2021212354977168,2.486770533938199e-09
0.2270729694325259,1.6317012968558588e-08
0.2551049785537617,9.656004533731277e-08
0.28659752081259104,5.15918953220007e-07
0.3219777967548112,2.49166432700898e-06
0.36172574455336326,1.0890120744871945e-05
0.4063805504338082,4.312494198901451e-05
0.45654796280755766,0.00015491517754844252
0.5129085093300529,0.0005054064232933419
0.5762267283493882,0.0014992546388568617
0.6473615399712076,0.004048611426758314
0.7272778974247632,0.00996457183764301
0.8170598767824696,0.0223822221066113
0.9179253825967483,0.04595081945732104
1.0312426689380967,0.08638090088079932
1.1585488999444697,0.1490275539764057
1.3015710016583038,0.23665165418243939
1.4622490880091454,0.34720465703369346
1.6427627787184707,0.47292899889562845
1.8455607661325835,0.6017103730064668
2.0733940320616497,0.7204416404699702
2.329353165215711,0.8189028372768866
2.6169102854537,0.892300481578508
2.9399661435534976,0.9414553156472958
3.3029030354176987,0.971014255825202
3.710644248503383,0.9869672444359142
4.168720846874621,0.994691156041351
4.683346700825936,0.9980446991926436
5.261502778863538,0.9993499301103685
5.911031845476362,0.9998051776680663
6.64074484928479,0.9999474294026128
7.4605404447366075,0.999987240254322
8.381539268677866,0.9999972166509269
9.416234793278331,0.999999454741292
10.578662801651687,0.9999999041324039
11.884591785129816,0.9999999848805625
13.351736844955687,0.9999999978621174
15.0,0.9999999997290859
