SA(0.6s) [g],Loss_ratio
0.05000000000000001,2.4855605480600396e-05
0.056172467201025755,5.0872359271614266e-05
0.06310692142900626,0.00010006570394801574
0.07089742948257126,0.00018923026102839468
0.07964967064493539,0.0003441792380737441
0.08948237023750269,0.0006024117828878574
0.10052891014472326,0.0010152974463576102
0.11293913815718663,0.0016490187839721614
0.1268814006769336,0.0025835449804832936
0.14254482635890514,0.003909298789557886
0.16014189166643014,0.0057219936838700525
0.17991130314285533,0.008117261484962286
0.2021212354977168,0.011187854097053446
0.2270729694325259,0.015026903729081343
0.2551049785537617,0.019740452810093796
0.28659752081259104,0.025470893614146523
0.3219777967548112,0.03243014922507222
0.36172574455336326,0.04093790155142988
0.4063805504338082,0.05145679789672046
0.45654796280755766,0.06461430459637066
0.5129085093300529,0.08120048471850404
0.5762267283493882,0.10213283642189053
0.6473615399712076,0.1283834273742009
0.7272778974247632,0.1608695898708798
0.8170598767824696,0.20031684617434464
0.9179253825967483,0.24711061338344453
1.0312426689380967,0.3011601543223872
1.1585488999444697,0.3618021797598628
1.3015710016583038,0.42777025482282605
1.4622490880091454,0.49724818038595475
1.6427627787184707,0.568011010121358
1.8455607661325835,0.6376389365947963
2.0733940320616497,0.7037716623292259
2.329353165215711,0.7643595012641775
2.6169102854537,0.8178664253886896
2.9399661435534976,0.8633905445408379
3.3029030354176987,0.9006863050477247
3.710644248503383,0.9300944213047011
4.168720846874621,0.9524038944572201
4.683346700825936,0.9686806817371338
5.261502778863538,0.9800980018216248
5.911031845476362,0.9877954804237102
6.64074484928479,0.9927821018087488
7.4605404447366075,0.9958854691502611
8.381539268677866,0.9977404242431948
9.416234793278331,0.998805105859123
10.578662801651687,0.9993918006861277
11.884591785129816,0.9997021404887674
13.351736844955687,0.9998596939439962
15.0,0.9999364515749081
