SA(1.0s) [g],Loss_ratio
0.05000000000000001,3.33363978832768e-07
0.056172467201025755,9.414601603474627e-07
0.06310692142900626,2.526897521765159e-06
0.07089742948257126,6.4486885020809134e-06
0.07964967064493539,1.5656369872935062e-05
0.08948237023750269,3.618570228959839e-05
0.10052891014472326,7.9682849763274e-05
0.11293913815718663,0.00016734430374089617
0.1268814006769336,0.00033559080016373196
0.14254482635890514,0.0006435988698421768
0.16014189166643014,0.0011825458918156616
0.17991130314285533,0.002086244197811771
0.2021212354977168,0.0035429760339863725
0.2270729694325259,0.005808940091651655
0.2551049785537617,0.009224609476407875
0.28659752081259104,0.014235805437202481
0.3219777967548112,0.021420308485000438
0.36172574455336326,0.03151731435142062
0.4063805504338082,0.04545083390153951
0.45654796280755766,0.06433073874257123
0.5129085093300529,0.08940992786525379
0.5762267283493882,0.12197739157162744
0.6473615399712076,0.16317822788323513
0.7272778974247632,0.2137731422308255
0.8170598767824696,0.27387698262118365
0.9179253825967483,0.3427391492064845
1.0312426689380967,0.4186371207790203
1.1585488999444697,0.498939621477026
1.3015710016583038,0.580357688983929
1.4622490880091454,0.65934985358075
1.6427627787184707,0.7325994209706822
1.8455607661325835,0.7974561144389516
2.0733940320616497,0.8522422211740287
2.329353165215711,0.8963628389529866
2.6169102854537,0.9302160392436523
2.9399661435534976,0.9549509464343919
3.3029030354176987,0.9721524542097444
3.710644248503383,0.9835335711999185
4.168720846874621,0.9906950288068928
4.683346700825936,0.994979220055384
5.261502778863538,0.9974150910813719
5.911031845476362,0.9987310351856993
6.64074484928479,0.9994063543571292
7.4605404447366075,0.9997354861325991
8.381539268677866,0.9998877963653268
9.416234793278331,0.9999547084083985
10.578662801651687,0.9999826094282045
11.884591785129816,0.9999936504096207
13.351736844955687,0.9999977961716833
15.0,0.9999992730781085
