SA(1.0s) [g],Loss_ratio
0.05000000000000001,0.00011951472098696847
0.056172467201025755,0.00024526438773259107
0.06310692142900626,0.0004799211914315205
0.07089742948257126,0.0008968009052851389
0.07964967064493539,0.0016033964605358943
0.08948237023750269,0.002749290597026738
0.10052891014472326,0.004533792309404627
0.11293913815718663,0.0072145204158066975
0.1268814006769336,0.011119801194308864
0.14254482635890514,0.016668588645983168
0.16014189166643014,0.024400167733158833
0.17991130314285533,0.03501105823424006
0.2021212354977168,0.04938856100554093
0.2270729694325259,0.06862156448979136
0.2551049785537617,0.09396365367703423
0.28659752081259104,0.12672585597954805
0.3219777967548112,0.1680896034387048
0.36172574455336326,0.21885414257108715
0.4063805504338082,0.2791612934684484
0.45654796280755766,0.34826444611144936
0.5129085093300529,0.4244167201711319
0.5762267283493882,0.504937098701228
0.6473615399712076,0.5864728112387663
0.7272778974247632,0.6654214912973764
0.8170598767824696,0.738426164389287
0.9179253825967483,0.802829635439333
1.0312426689380967,0.8569841259892705
1.1585488999444697,0.9003546658388681
1.3015710016583038,0.9334146610374326
1.4622490880091454,0.9573867870232116
1.6427627787184707,0.9739134014869696
1.8455607661325835,0.9847411303391271
2.0733940320616497,0.9914800540737625
2.329353165215711,0.9954628217803563
2.6169102854537,0.9976973088689791
2.9399661435534976,0.9988870157685542
3.3029030354176987,0.9994879877900938
3.710644248503383,0.9997759359534488
4.168720846874621,0.999906770812893
4.683346700825936,0.9999631337740705
5.261502778863538,0.999986150595008
5.911031845476362,0.9999950591117384
6.64074484928479,0.9999983265543382
7.4605404447366075,0.9999994620700191
8.381539268677866,0.999999835927961
9.416234793278331,0.9999999525281454
10.578662801651687,0.9999999869731755
11.884591785129816,0.9999999966103221
13.351736844955687,0.9999999991637801
15.0,0.9999999998044506
