SA(0.3s) [g],Loss_ratio
0.05000000000000001,3.952912510651885e-08
0.056172467201025755,9.598498654228572e-08
0.06310692142900626,2.2586047356276674e-07
0.07089742948257126,5.150719631918932e-07
0.07964967064493539,1.1384952620485667e-06
0.08948237023750269,2.4393884957507606e-06
0.10052891014472326,5.067281002912871e-06
0.11293913815718663,1.0206565935061418e-05
0.1268814006769336,1.9937544264331255e-05
0.14254482635890514,3.7778128745397105e-05
0.16014189166643014,6.945299583456799e-05
0.17991130314285533,0.00012392177321478013
0.2021212354977168,0.0002146637484900349
0.2270729694325259,0.0003611624352274412
0.2551049785537617,0.0005904660320315891
0.28659752081259104,0.0009386377989837048
0.3219777967548112,0.0014518842569747781
0.36172574455336326,0.0021871968093799487
0.4063805504338082,0.0032124972337721886
0.45654796280755766,0.00460655028687616
0.5129085093300529,0.006459266247805107
0.5762267283493882,0.008873376680969214
0.6473615399712076,0.011968690404173449
0.7272778974247632,0.015890059645136446
0.8170598767824696,0.020819665761587947
0.9179253825967483,0.026993207611370213
1.0312426689380967,0.03471811689501019
1.1585488999444697,0.04439027036659013
1.3015710016583038,0.05650420457059673
1.4622490880091454,0.07165103584455612
1.6427627787184707,0.09049859743192601
1.8455607661325835,0.11375002893811445
2.0733940320616497,0.1420802226170765
2.329353165215711,0.17605382231072036
2.6169102854537,0.21603318892748627
2.9399661435534976,0.26208890107228333
3.3029030354176987,0.31392784544121594
3.710644248503383,0.37085381314858884
4.168720846874621,0.43177224728219077
4.683346700825936,0.4952445688614854
5.261502778863538,0.559589315725376
5.911031845476362,0.6230187920582573
6.64074484928479,0.6837929716191998
7.4605404447366075,0.7403687351293631
8.381539268677866,0.7915231371298628
9.416234793278331,0.8364342251345543
10.578662801651687,0.8747108435579916
11.884591785129816,0.9063719659902885
13.351736844955687,0.9317843252633418
15.0,0.9515727448381138
