SA(1.0s) [g],Loss_ratio
0.05000000000000001,1.3077249457621454e-05
0.056172467201025755,2.9614139864997393e-05
0.06310692142900626,6.402205650024584e-05
0.07089742948257126,0.00013222171387279328
0.07964967064493539,0.0002610856900058467
0.08948237023750269,0.0004934264939895073
0.10052891014472326,0.0008936799560110675
0.11293913815718663,0.0015536619943188447
0.1268814006769336,0.0025977710615593284
0.14254482635890514,0.004187492629901774
0.16014189166643014,0.0065261175228995
0.17991130314285533,0.009865947583760809
0.2021212354977168,0.014521222458379026
0.2270729694325259,0.020889552577143908
0.2551049785537617,0.02948190824165075
0.28659752081259104,0.04095603920140657
0.3219777967548112,0.056141626299158226
0.36172574455336326,0.07603977909856433
0.4063805504338082,0.10177766628896863
0.45654796280755766,0.13450372999673407
0.5129085093300529,0.1752211646091837
0.5762267283493882,0.22457567394412514
0.6473615399712076,0.2826336216740094
0.7272778974247632,0.3487019911930499
0.8170598767824696,0.42124507399004113
0.9179253825967483,0.4979398030054555
1.0312426689380967,0.5758824811641313
1.1585488999444697,0.6519210829578782
1.3015710016583038,0.723051199258136
1.4622490880091454,0.7867929075089638
1.6427627787184707,0.8414687811566378
1.8455607661325835,0.8863297637083849
2.0733940320616497,0.9215166434008611
2.329353165215711,0.9478861092951062
2.6169102854537,0.9667584875249329
2.9399661435534976,0.9796521128404699
3.3029030354176987,0.988058007239932
3.710644248503383,0.9932856623948909
4.168720846874621,0.9963860202326107
4.683346700825936,0.9981390073757004
5.261502778863538,0.9990837177685061
5.911031845476362,0.9995688637702158
6.64074484928479,0.9998062248382278
7.4605404447366075,0.99991684317795
8.381539268677866,0.9999659396091565
9.416234793278331,0.9999866891711957
10.578662801651687,0.9999950383019541
11.884591785129816,0.9999982363835466
13.351736844955687,0.9999994023914396
15.0,0.9999998069948431
