SA(0.6s) [g],Loss_ratio
0.05000000000000001,1.829616580795168e-07
0.056172467201025755,5.192694051914249e-07
0.06310692142900626,1.4026488874219202e-06
0.07089742948257126,3.6069693582330145e-06
0.07964967064493539,8.833002829577997e-06
0.08948237023750269,2.0606730515509987e-05
0.10052891014472326,4.58185677122025e-05
0.11293913815718663,9.715084081903247e-05
0.1268814006769336,0.00019657196538009903
0.14254482635890514,0.00037987094843420225
0.16014189166643014,0.0007018620949810873
0.17991130314285533,0.0012415016890548914
0.2021212354977168,0.0021059473615215097
0.2270729694325259,0.003432860813028432
0.2551049785537617,0.005391240294583844
0.28659752081259104,0.008182706311249954
0.3219777967548112,0.012046898429943777
0.36172574455336326,0.017275448559410673
0.4063805504338082,0.024237724604434383
0.45654796280755766,0.033417511061632904
0.5129085093300529,0.04545340130391709
0.5762267283493882,0.06116861205874234
0.6473615399712076,0.08157084915679019
0.7272778974247632,0.10780255083244669
0.8170598767824696,0.1410282584902568
0.9179253825967483,0.1822592864739629
1.0312426689380967,0.23213437182604046
1.1585488999444697,0.2906943736493259
1.3015710016583038,0.35720331072817796
1.4622490880091454,0.4300705603175543
1.6427627787184707,0.5069153185582693
1.8455607661325835,0.5847846212598188
2.0733940320616497,0.6604969700618678
2.329353165215711,0.7310469646192228
2.6169102854537,0.7939856255195923
2.9399661435534976,0.8476950705311583
3.3029030354176987,0.8915046137003513
3.710644248503383,0.9256384253124514
4.168720846874621,0.9510274473131741
4.683346700825936,0.9690463362302811
5.261502778863538,0.9812427149971504
5.911031845476362,0.989112727740066
6.64074484928479,0.9939522255972665
7.4605404447366075,0.9967872695811558
8.381539268677866,0.9983689616945526
9.416234793278331,0.9992091312517418
10.578662801651687,0.9996339325997738
11.884591785129816,0.99983833206424
13.351736844955687,0.9999319067722525
15.0,0.9999726579534651
