SA(0.3s) [g],Loss_ratio
0.05000000000000001,4.5938500644049364e-07
0.056172467201025755,1.148611304763181e-06
0.06310692142900626,2.755368962964466e-06
0.07089742948257126,6.342710793644235e-06
0.07964967064493539,1.4013545927032967e-05
0.08948237023750269,2.9723685937366186e-05
0.10052891014472326,6.054239346335311e-05
0.11293913815718663,0.00011845714257064933
0.1268814006769336,0.00022272935352639632
0.14254482635890514,0.00040263628956687666
0.16014189166643014,0.0007001922858492439
0.17991130314285533,0.0011721917960763164
0.2021212354977168,0.0018907793860378887
0.2270729694325259,0.0029418902373949895
0.2551049785537617,0.004421461627826006
0.28659752081259104,0.006430321428618357
0.3219777967548112,0.009069941535738936
0.36172574455336326,0.012442394734165092
0.4063805504338082,0.01665830371848909
0.45654796280755766,0.02185577846833886
0.5129085093300529,0.028231034574736313
0.5762267283493882,0.036077776460758146
0.6473615399712076,0.045828242442495885
0.7272778974247632,0.058085139427881446
0.8170598767824696,0.07363171481134417
0.9179253825967483,0.09340785378309359
1.0312426689380967,0.11844382585851333
1.1585488999444697,0.14975005492956694
1.3015710016583038,0.18817037879655912
1.4622490880091454,0.23421636839619409
1.6427627787184707,0.28790935589205074
1.8455607661325835,0.34866225644870147
2.0733940320616497,0.4152323968501036
2.329353165215711,0.4857676605005425
2.6169102854537,0.5579516718255801
2.9399661435534976,0.6292325727635917
3.3029030354176987,0.6970996581372313
3.710644248503383,0.7593589655447913
4.168720846874621,0.8143575237738643
4.683346700825936,0.8611174287656279
5.261502778863538,0.8993620375986575
5.911031845476362,0.9294409504220533
6.64074484928479,0.9521809015140961
7.4605404447366075,0.9687008727963554
8.381539268677866,0.9802299067231518
9.416234793278331,0.987957151382506
10.578662801651687,0.9929299389370084
11.884591785129816,0.9960019569045544
13.351736844955687,0.997823375748385
15.0,0.9988596608345524
