PGA [g],Loss_ratio
0.05000000000000001,0.0
0.056172467201025755,0.0
0.06310692142900626,0.0
0.07089742948257126,0.0
0.07964967064493539,1.665334536937735e-17
0.08948237023750269,2.664535259100376e-16
0.10052891014472326,3.630429290524262e-15
0.11293913815718663,4.4103609653234344e-14
0.1268814006769336,4.785727369949199e-13
0.14254482635890514,4.6379788898320844e-12
0.16014189166643014,4.0154668479175374e-11
0.17991130314285533,3.10658759827831e-10
0.2021212354977168,2.1483565870727978e-09
0.2270729694325259,1.3285142691499274e-08
0.2551049785537617,7.349522251343111e-08
0.28659752081259104,3.6393727650962937e-07
0.3219777967548112,1.6142560530119087e-06
0.36172574455336326,6.419303793686604e-06
0.4063805504338082,2.2913365851928714e-05
0.45654796280755766,7.353132301162747e-05
0.5129085093300529,0.00021261906955598046
0.5762267283493882,0.0005556945715900652
0.6473615399712076,0.001318584742285939
0.7272778974247632,0.002858695297228009
0.8170598767824696,0.005712753023531486
0.9179253825967483,0.010646737317765114
1.0312426689380967,0.018768012194523613
1.1585488999444697,0.031754519682149984
1.3015710016583038,0.052171028978057775
1.4622490880091454,0.0836599141573139
1.6427627787184707,0.13062863357740073
1.8455607661325835,0.19711655199597905
2.0733940320616497,0.28494116043629725
2.329353165215711,0.39184805149916735
2.6169102854537,0.5107710612226951
2.9399661435534976,0.6310010245304322
3.3029030354176987,0.7410676568983021
3.710644248503383,0.8320760401749929
4.168720846874621,0.8999127616471689
4.683346700825936,0.9454286463840829
5.261502778863538,0.9728857876727959
5.911031845476362,0.9877625882330613
6.64074484928479,0.9949962851008158
7.4605404447366075,0.9981505265451547
8.381539268677866,0.9993831860189285
9.416234793278331,0.9998146744229092
10.578662801651687,0.9999499021593249
11.884591785129816,0.9999878292645663
13.351736844955687,0.9999973453344868
15.0,0.9999994805587413
