SA(0.3s) [g],Loss_ratio
0.05000000000000001,5.5285471801003185e-06
0.056172467201025755,1.1164374906957875e-05
0.06310692142900626,2.1849107729043917e-05
0.07089742948257126,4.144636095367305e-05
0.07964967064493539,7.622227306460229e-05
0.08948237023750269,0.00013593276684529255
0.10052891014472326,0.00023514471967428507
0.11293913815718663,0.0003946932538199332
0.1268814006769336,0.0006430881025636381
0.14254482635890514,0.001017597876272658
0.16014189166643014,0.001564698842102247
0.17991130314285533,0.0023396204564686772
0.2021212354977168,0.0034048949111695425
0.2270729694325259,0.004828139514326236
0.2551049785537617,0.006679740312953508
0.28659752081259104,0.009031575271564252
0.3219777967548112,0.01195827235239567
0.36172574455336326,0.015542569993103824
0.4063805504338082,0.019885981438347317
0.45654796280755766,0.025125082196831763
0.5129085093300529,0.03145238643630344
0.5762267283493882,0.03913914109356565
0.6473615399712076,0.04855575850235439
0.7272778974247632,0.060184413509414725
0.8170598767824696,0.07461792950486673
0.9179253825967483,0.09253976668880493
1.0312426689380967,0.11468185072089454
1.1585488999444697,0.14176008181116775
1.3015710016583038,0.1743913441308767
1.4622490880091454,0.2130001394782452
1.6427627787184707,0.2577268144470136
1.8455607661325835,0.308351816252573
2.0733940320616497,0.3642506182341872
2.329353165215711,0.4243913127471438
2.6169102854537,0.48738134345045026
2.9399661435534976,0.5515621390015919
3.3029030354176987,0.6151419264619573
3.710644248503383,0.6763496002739138
4.168720846874621,0.7335880234493026
4.683346700825936,0.7855647833174783
5.261502778863538,0.8313824538026464
5.911031845476362,0.87057793800565
6.64074484928479,0.9031096900568965
7.4605404447366075,0.9293003815969479
8.381539268677866,0.9497489794042828
9.416234793278331,0.9652290998219356
10.578662801651687,0.976589767997514
11.884591785129816,0.9846711047434203
13.351736844955687,0.9902423107997321
15.0,0.9939640338892698
