SA(0.3s) [g],Loss_ratio
0.05000000000000001,4.13657495524078e-05
0.056172467201025755,7.415323742759883e-05
0.06310692142900626,0.0001292190601498655
0.07089742948257126,0.00021893796362617015
0.07964967064493539,0.0003607599108801818
0.08948237023750269,0.0005782822693937262
0.10052891014472326,0.0009020461047849926
0.11293913815718663,0.001369790424311579
0.1268814006769336,0.0020259029122363824
0.14254482635890514,0.002919893441954741
0.16014189166643014,0.004103907569141547
0.17991130314285533,0.00562958824613099
0.2021212354977168,0.0075449486793373105
0.2270729694325259,0.009892265017435238
0.2551049785537617,0.012708234545022403
0.28659752081259104,0.016027666989123408
0.3219777967548112,0.01989169976532872
0.36172574455336326,0.024360920558079983
0.4063805504338082,0.029532881875176706
0.45654796280755766,0.03556241532295718
0.5129085093300529,0.04268206917167093
0.5762267283493882,0.051219099850447584
0.6473615399712076,0.0616049383588746
0.7272778974247632,0.07437308308861793
0.8170598767824696,0.09014204455335696
0.9179253825967483,0.1095813239604813
1.0312426689380967,0.13336040944170047
1.1585488999444697,0.16208328881819056
1.3015710016583038,0.19621375263687119
1.4622490880091454,0.23599940371991807
1.6427627787184707,0.28140428372128395
1.8455607661325835,0.3320608045663841
2.0733940320616497,0.387250744781378
2.329353165215711,0.44592220049634035
2.6169102854537,0.5067447375906683
2.9399661435534976,0.5681992212564404
3.3029030354176987,0.6286929569678583
3.710644248503383,0.6866861072424569
4.168720846874621,0.7408129652353284
4.683346700825936,0.789982224713167
5.261502778863538,0.8334438648180317
5.911031845476362,0.8708159417842265
6.64074484928479,0.9020712036316175
7.4605404447366075,0.927489593240287
8.381539268677866,0.9475871581334071
9.416234793278331,0.9630339238556426
10.578662801651687,0.9745728299199836
11.884591785129816,0.9829493647762398
13.351736844955687,0.9888579230584
15.0,0.9929070850251133
