SA(0.3s) [g],Loss_ratio
0.05000000000000001,4.90216913902608e-06
0.056172467201025755,1.041134647587483e-05
0.06310692142900626,2.1336262030635654e-05
0.07089742948257126,4.219924055808289e-05
0.07964967064493539,8.056733078783407e-05
0.08948237023750269,0.0001485210207877563
0.10052891014472326,0.0002644321883056966
0.11293913815718663,0.00045486339919132427
0.1268814006769336,0.0007562331054591421
0.14254482635890514,0.001215731098930012
0.16014189166643014,0.001890887399192387
0.17991130314285533,0.0028472841842922315
0.2021212354977168,0.004154230531576986
0.2270729694325259,0.005878815772229384
0.2551049785537617,0.008079548074034288
0.28659752081259104,0.010801589660045153
0.3219777967548112,0.014076152809951155
0.36172574455336326,0.01792663981351683
0.4063805504338082,0.022383395913543276
0.45654796280755766,0.027507470176619735
0.5129085093300529,0.03342173361230609
0.5762267283493882,0.04034546081052519
0.6473615399712076,0.04862650588123621
0.7272778974247632,0.058763930957697504
0.8170598767824696,0.07141368847420711
0.9179253825967483,0.08737087735411138
1.0312426689380967,0.10752422780556994
1.1585488999444697,0.13278178238464458
1.3015710016583038,0.1639711101933564
1.4622490880091454,0.20172251350742276
1.6427627787184707,0.2463489273054772
1.8455607661325835,0.2977405089733536
2.0733940320616497,0.355293868614855
2.329353165215711,0.41789412623231725
2.6169102854537,0.4839617253395872
2.9399661435534976,0.5515655749277848
3.3029030354176987,0.6185914559538227
3.710644248503383,0.6829426956978969
4.168720846874621,0.7427421948996937
4.683346700825936,0.7965035063501058
5.261502778863538,0.8432445617250427
5.911031845476362,0.8825294270568051
6.64074484928479,0.9144379904222775
7.4605404447366075,0.9394769063474451
8.381539268677866,0.9584541749091844
9.416234793278331,0.9723427178029744
10.578662801651687,0.9821554374596771
11.884591785129816,0.9888472790499121
13.351736844955687,0.9932512774483515
15.0,0.9960478269415866
