SA(1.0s) [g],Loss_ratio
0.05000000000000001,2.5593707798760022e-05
0.056172467201025755,5.4821162994755926e-05
0.06310692142900626,0.00011228770149300793
0.07089742948257126,0.0002200563752204565
0.07964967064493539,0.0004129150202559329
0.08948237023750269,0.0007424962425247761
0.10052891014472326,0.001280891141166074
0.11293913815718663,0.0021228218442742976
0.1268814006769336,0.003385706255802934
0.14254482635890514,0.005207825129337174
0.16014189166643014,0.0077462401408803176
0.17991130314285533,0.011177697520355656
0.2021212354977168,0.015706714461893596
0.2270729694325259,0.02158449467728357
0.2551049785537617,0.029139663514581336
0.28659752081259104,0.03881717865784524
0.3219777967548112,0.05121618566159111
0.36172574455336326,0.06711277132592111
0.4063805504338082,0.08745141798631215
0.45654796280755766,0.1132909449034559
0.5129085093300529,0.14569744448656463
0.5762267283493882,0.1855877326265085
0.6473615399712076,0.23354055959685066
0.7272778974247632,0.2896065129605719
0.8170598767824696,0.35315734583404146
0.9179253825967483,0.4228171009570273
1.0312426689380967,0.4965076002939757
1.1585488999444697,0.5716193098678738
1.3015710016583038,0.6452893273366472
1.4622490880091454,0.7147394204283919
1.6427627787184707,0.7776083799057801
1.8455607661325835,0.8322117684237955
2.0733940320616497,0.8776798985590953
2.329353165215711,0.9139560502572449
2.6169102854537,0.9416711554574526
2.9399661435534976,0.9619374786430863
3.3029030354176987,0.9761150464962052
3.710644248503383,0.985599713608994
4.168720846874621,0.9916653809164384
4.683346700825936,0.9953724341146102
5.261502778863538,0.997536864477438
5.911031845476362,0.9987438596651198
6.64074484928479,0.9993865586792349
7.4605404447366075,0.9997132611625162
8.381539268677866,0.9998717691314017
9.416234793278331,0.9999451567301414
10.578662801651687,0.9999775752709278
11.884591785129816,0.9999912367093137
13.351736844955687,0.9999967279527608
15.0,0.999998832996231
