SA(1.0s) [g],Loss_ratio
0.05000000000000001,3.756645300945216e-08
0.056172467201025755,1.1754843936007121e-07
0.06310692142900626,3.4987899392158186e-07
0.07089742948257126,9.911037337662078e-07
0.07964967064493539,2.6734654905435917e-06
0.08948237023750269,6.871994418033988e-06
0.10052891014472326,1.6845884835509085e-05
0.11293913815718663,3.941999230241966e-05
0.1268814006769336,8.815064065716416e-05
0.14254482635890514,0.00018861076925118516
0.16014189166643014,0.00038668710694487183
0.17991130314285533,0.0007608482788367566
0.2021212354977168,0.0014392610635402482
0.2270729694325259,0.0026223519339615867
0.2551049785537617,0.004610859654604272
0.28659752081259104,0.007838442354109182
0.3219777967548112,0.012906190794366657
0.36172574455336326,0.02061359177370784
0.4063805504338082,0.03197645165320393
0.45654796280755766,0.04821766537573704
0.5129085093300529,0.07071339533818687
0.5762267283493882,0.10087832395783952
0.6473615399712076,0.13998246849636597
0.7272778974247632,0.1889100536782836
0.8170598767824696,0.24789550629568047
0.9179253825967483,0.31629512616272526
1.0312426689380967,0.39246446481920705
1.1585488999444697,0.47380123535736735
1.3015710016583038,0.5569789294301944
1.4622490880091454,0.6383450022883945
1.6427627787184707,0.7144065413930886
1.8455607661325835,0.7822954898443131
2.0733940320616497,0.840108091784355
2.329353165215711,0.887049418564129
2.6169102854537,0.9233700566435635
2.9399661435534976,0.9501372453253583
3.3029030354176987,0.9689180559976415
3.710644248503383,0.9814587182236093
4.168720846874621,0.9894252879538101
4.683346700825936,0.9942384721085442
5.261502778863538,0.997003391227884
5.911031845476362,0.9985131628014905
6.64074484928479,0.9992966266084177
7.4605404447366075,0.999682917422768
8.381539268677866,0.9998638489810144
9.416234793278331,0.999944339105741
10.578662801651687,0.9999783430621207
11.884591785129816,0.9999919829541732
13.351736844955687,0.9999971772708477
15.0,0.9999990549793042
