SA(0.6s) [g],Loss_ratio
0.05000000000000001,2.6320461757212145e-06
0.056172467201025755,6.764935677261441e-06
0.06310692142900626,1.6497186176650524e-05
0.07089742948257126,3.818548315482895e-05
0.07964967064493539,8.393235018835932e-05
0.08948237023750269,0.0001752862997408955
0.10052891014472326,0.00034806206992118457
0.11293913815718663,0.0006577094073784706
0.1268814006769336,0.0011840180312730154
0.14254482635890514,0.00203347499413149
0.16014189166643014,0.003337765902436724
0.17991130314285533,0.005248184457771872
0.2021212354977168,0.007928154906428342
0.2270729694325259,0.011549027340988007
0.2551049785537617,0.016296362198721603
0.28659752081259104,0.022393373356006368
0.3219777967548112,0.030143955375919795
0.36172574455336326,0.03999016526419826
0.4063805504338082,0.05257025477283548
0.45654796280755766,0.0687564478590948
0.5129085093300529,0.08964942968418453
0.5762267283493882,0.11651041455050869
0.6473615399712076,0.15062162487959563
0.7272778974247632,0.19308098534444487
0.8170598767824696,0.24455512227754875
0.9179253825967483,0.30503350110846816
1.0312426689380967,0.373640743844301
1.1585488999444697,0.44856686346931596
1.3015710016583038,0.5271599371109437
1.4622490880091454,0.6061912637611759
1.6427627787184707,0.6822565780920444
1.8455607661325835,0.7522336974482191
2.0733940320616497,0.8136944947379103
2.329353165215711,0.8651783237870172
2.6169102854537,0.9062732378843343
2.9399661435534976,0.9375060754586966
3.3029030354176987,0.9600922442314239
3.710644248503383,0.9756238728555549
4.168720846874621,0.9857746448885989
4.683346700825936,0.9920766363114426
5.261502778863538,0.9957916768192115
5.911031845476362,0.9978703460296169
6.64074484928479,0.9989738883364819
7.4605404447366075,0.9995295814118886
8.381539268677866,0.9997949182357668
9.416234793278331,0.9999150237939943
10.578662801651687,0.9999665501608177
11.884591785129816,0.9999874963454819
13.351736844955687,0.9999955632511079
15.0,0.9999985060595566
