SA(0.6s) [g],Loss_ratio
0.05000000000000001,5.203124597841224e-11
0.056172467201025755,2.421705613819825e-10
0.06310692142900626,1.0579431719559552e-09
0.07089742948257126,4.3386825576696705e-09
0.07964967064493539,1.6706674255129173e-08
0.08948237023750269,6.041638785370118e-08
0.10052891014472326,2.0524174403346863e-07
0.11293913815718663,6.551766901896629e-07
0.1268814006769336,1.966058982671992e-06
0.14254482635890514,5.548546588429737e-06
0.16014189166643014,1.4735045646979695e-05
0.17991130314285533,3.6848271785494545e-05
0.2021212354977168,8.684720788098012e-05
0.2270729694325259,0.0001931279116819895
0.2551049785537617,0.00040577660053953135
0.28659752081259104,0.0008069419368051612
0.3219777967548112,0.0015221874101928768
0.36172574455336326,0.0027312340989272435
0.4063805504338082,0.0046771563915012915
0.45654796280755766,0.007675291394993189
0.5129085093300529,0.01212626581090715
0.5762267283493882,0.018539576979687635
0.6473615399712076,0.0275721476131761
0.7272778974247632,0.040078088617372894
0.8170598767824696,0.05715234011546209
0.9179253825967483,0.08013668321820883
1.0312426689380967,0.11054955831996222
1.1585488999444697,0.14990888511618922
1.3015710016583038,0.19944345153135357
1.4622490880091454,0.25973004958719176
1.6427627787184707,0.330338455905266
1.8455607661325835,0.4095959424442878
2.0733940320616497,0.4945781424177967
2.329353165215711,0.5813841115408692
2.6169102854537,0.6656692956755854
2.9399661435534976,0.7433200028259868
3.3029030354176987,0.8110955394685883
3.710644248503383,0.8670680627397604
4.168720846874621,0.9107570048213278
4.683346700825936,0.942956356220796
5.261502778863538,0.9653455313789433
5.911031845476362,0.9800220863961316
6.64074484928479,0.9890861156428707
7.4605404447366075,0.9943569181664789
8.381539268677866,0.997241378118934
9.416234793278331,0.9987262270926143
10.578662801651687,0.9994449289069745
11.884591785129816,0.9997718940277387
13.351736844955687,0.9999116578938343
15.0,0.9999677755064411
