SA(1.0s) [g],Loss_ratio
0.05000000000000001,0.00015529730170869008
0.056172467201025755,0.00028917147787987376
0.06310692142900626,0.0005175335646484703
0.07089742948257126,0.0008909012106598613
0.07964967064493539,0.001476459669476732
0.08948237023750269,0.002358336002252737
0.10052891014472326,0.003635776193403551
0.11293913815718663,0.005419589939123637
0.1268814006769336,0.007828394644232196
0.14254482635890514,0.010987412839626542
0.16014189166643014,0.015033319735215413
0.17991130314285533,0.020128310423004614
0.2021212354977168,0.026484772923747048
0.2270729694325259,0.034398776450337946
0.2551049785537617,0.044286628159247665
0.28659752081259104,0.05671506155233588
0.3219777967548112,0.07241336383090416
0.36172574455336326,0.09225586623532006
0.4063805504338082,0.11720618215513107
0.45654796280755766,0.14822032995391804
0.5129085093300529,0.18611388704444193
0.5762267283493882,0.23140756907213061
0.6473615399712076,0.28417450302068564
0.7272778974247632,0.34391871200080926
0.8170598767824696,0.4095153463894579
0.9179253825967483,0.47923684880566797
1.0312426689380967,0.5508750615048202
1.1585488999444697,0.621949442792041
1.3015710016583038,0.6899708939415188
1.4622490880091454,0.7527154407825059
1.6427627787184707,0.8084575126571416
1.8455607661325835,0.8561209921004569
2.0733940320616497,0.8953254205309844
2.329353165215711,0.9263289044881498
2.6169102854537,0.9498910699995944
2.9399661435534976,0.9670928488868957
3.3029030354176987,0.9791522865482969
3.710644248503383,0.9872681348181541
4.168720846874621,0.9925097494978774
4.683346700825936,0.9957576561475843
5.261502778863538,0.9976880353569564
5.911031845476362,0.9987882691843859
6.64074484928479,0.9993895004211565
7.4605404447366075,0.9997044424810189
8.381539268677866,0.9998625591307941
9.416234793278331,0.9999386292045327
10.578662801651687,0.9999736944272521
11.884591785129816,0.9999891793289544
13.351736844955687,0.9999957295637485
15.0,0.9999983833985252
