SA(1.0s) [g],Loss_ratio
0.05000000000000001,0.00010519747078371333
0.056172467201025755,0.00020648758666944603
0.06310692142900626,0.000389378791914341
0.07089742948257126,0.0007062702035888714
0.07964967064493539,0.0012340391381290784
0.08948237023750269,0.0020806982532620144
0.10052891014472326,0.003392407042107315
0.11293913815718663,0.005361142354896364
0.1268814006769336,0.0082339939336757
0.14254482635890514,0.012325565136242184
0.16014189166643014,0.018034749447150056
0.17991130314285533,0.025865620454102817
0.2021212354977168,0.036449044305183545
0.2270729694325259,0.05055732306798956
0.2551049785537617,0.06910001084005173
0.28659752081259104,0.09308701996970037
0.3219777967548112,0.12354735711793013
0.36172574455336326,0.16139959456315417
0.4063805504338082,0.20728307407672836
0.45654796280755766,0.26137421869957134
0.5129085093300529,0.3232255803088106
0.5762267283493882,0.39167098475799933
0.6473615399712076,0.4648341250023543
0.7272778974247632,0.5402592206336473
0.8170598767824696,0.615154461425182
0.9179253825967483,0.6867095565183413
1.0312426689380967,0.7524272715224789
1.1585488999444697,0.8104030152277379
1.3015710016583038,0.85949894458041
1.4622490880091454,0.8993859039335633
1.6427627787184707,0.9304589899951843
1.8455607661325835,0.9536603230624576
2.0733940320616497,0.9702579065825071
2.329353165215711,0.9816296321394661
2.6169102854537,0.9890892915788965
2.9399661435534976,0.993773082891385
3.3029030354176987,0.9965872397802048
3.710644248503383,0.9982048273332176
4.168720846874621,0.9990941544163816
4.683346700825936,0.9995617205563563
5.261502778863538,0.9997967559468385
5.911031845476362,0.999909699022109
6.64074484928479,0.9999615737211645
7.4605404447366075,0.9999843435740935
8.381539268677866,0.9999938938873427
9.416234793278331,0.9999977210467421
10.578662801651687,0.9999991862239039
11.884591785129816,0.9999997220396779
13.351736844955687,0.9999999091998402
15.0,0.999999971637714
