SA(1.0s) [g],Loss_ratio
0.05000000000000001,3.885780586188048e-17
0.056172467201025755,4.940492459581947e-16
0.06310692142900626,5.256906021600117e-15
0.07089742948257126,5.0282000785273344e-14
0.07964967064493539,4.4013681588239707e-13
0.08948237023750269,3.5272451626155997e-12
0.10052891014472326,2.589474190628494e-11
0.11293913815718663,1.7424525711184915e-10
0.1268814006769336,1.0754337920193536e-09
0.14254482635890514,6.092739324170538e-09
0.16014189166643014,3.1711208309248565e-08
0.17991130314285533,1.517678935858413e-07
0.2021212354977168,6.68555474642174e-07
0.2270729694325259,2.7135154823609843e-06
0.2551049785537617,1.015847305511075e-05
0.28659752081259104,3.511551670387081e-05
0.3219777967548112,0.00011220650354418216
0.36172574455336326,0.0003317809166071828
0.4063805504338082,0.0009087635802611182
0.45654796280755766,0.0023080805444554873
0.5129085093300529,0.005440903243803691
0.5762267283493882,0.011915848002838602
0.6473615399712076,0.02426826414602707
0.7272778974247632,0.04601256561873816
0.8170598767824696,0.08131594834190928
0.9179253825967483,0.13415012672039278
1.0312426689380967,0.20698799428709852
1.1585488999444697,0.29942344170983237
1.3015710016583038,0.40732969643938066
1.4622490880091454,0.5231198950012095
1.6427627787184707,0.6372538908695587
1.8455607661325835,0.740528425153246
2.0733940320616497,0.8262603818440057
2.329353165215711,0.8915164091655683
2.6169102854537,0.9370367165175065
2.9399661435534976,0.9661234610342
3.3029030354176987,0.98314145523928
3.710644248503383,0.9922548584846131
4.168720846874621,0.9967202898190064
4.683346700825936,0.9987216389395858
5.261502778863538,0.9995418727375843
5.911031845476362,0.9998491977346226
6.64074484928479,0.999954443242642
7.4605404447366075,0.9999873786902584
8.381539268677866,0.9999967952997824
9.416234793278331,0.9999992546486919
10.578662801651687,0.9999998412865663
11.884591785129816,0.9999999690715167
13.351736844955687,0.9999999944864645
15.0,0.9999999991011632
