SA(0.3s) [g],Loss_ratio
0.05000000000000001,8.527491823784318e-10
0.056172467201025755,2.884899091837312e-09
0.06310692142900626,9.318937616020762e-09
0.07089742948257126,2.8745823787978963e-08
0.07964967064493539,8.468513434389813e-08
0.08948237023750269,2.382985861193454e-07
0.10052891014472326,6.405939917131231e-07
0.11293913815718663,1.6453773557412179e-06
0.1268814006769336,4.038818342882999e-06
0.14254482635890514,9.476484719822542e-06
0.16014189166643014,2.1259768187481543e-05
0.17991130314285533,4.561655241231422e-05
0.2021212354977168,9.364809370286388e-05
0.2270729694325259,0.00018402651435256434
0.2551049785537617,0.00034633886123102705
0.28659752081259104,0.0006246695030576455
0.3219777967548112,0.0010806565777778056
0.36172574455336326,0.0017950089735300268
0.4063805504338082,0.002866565521491238
0.45654796280755766,0.004408649819200328
0.5129085093300529,0.0065438006306312415
0.5762267283493882,0.00939970601757717
0.6473615399712076,0.013110726826474095
0.7272778974247632,0.01782988660271594
0.8170598767824696,0.02375481333257149
0.9179253825967483,0.03116750739795801
1.0312426689380967,0.04048244698449329
1.1585488999444697,0.052291725446865424
1.3015710016583038,0.06739145005745101
1.4622490880091454,0.08677228658105436
1.6427627787184707,0.1115600219107034
1.8455607661325835,0.14289968027090003
2.0733940320616497,0.18178842278094837
2.329353165215711,0.22887649055872628
2.6169102854537,0.28426899810418604
2.9399661435534976,0.3473706124656284
3.3029030354176987,0.4168159007531278
3.710644248503383,0.49051736868648377
4.168720846874621,0.5658409404711722
4.683346700825936,0.6398891486390721
5.261502778863538,0.7098437977200618
5.911031845476362,0.7733018502262352
6.64074484928479,0.8285377446961942
7.4605404447366075,0.8746434474524231
8.381539268677866,0.9115286501711694
9.416234793278331,0.9397973963317761
10.578662801651687,0.9605433530528602
11.884591785129816,0.9751170126038875
13.351736844955687,0.9849133773156297
15.0,0.9912126486474523
