SA(1.0s) [g],Loss_ratio
0.05000000000000001,9.355017248635634e-08
0.056172467201025755,2.850337294080241e-07
0.06310692142900626,8.247977781983274e-07
0.07089742948257126,2.2679324906238476e-06
0.07964967064493539,5.9295363492972715e-06
0.08948237023750269,1.4751943591884143e-05
0.10052891014472326,3.495494638842689e-05
0.11293913815718663,7.897059655870287e-05
0.1268814006769336,0.00017032169420693746
0.14254482635890514,0.0003512090357040865
0.16014189166643014,0.0006935771043849459
0.17991130314285533,0.0013143101854892203
0.2021212354977168,0.002394994234226472
0.2270729694325259,0.004206393886047016
0.2551049785537617,0.007137361264515924
0.28659752081259104,0.011726987124664573
0.3219777967548112,0.018696822992775426
0.36172574455336326,0.028976341339539385
0.4063805504338082,0.043709499074692654
0.45654796280755766,0.06422479724909562
0.5129085093300529,0.09194883838074104
0.5762267283493882,0.12824835118360703
0.6473615399712076,0.17420116742313943
0.7272778974247632,0.23032195926352797
0.8170598767824696,0.2962970666681998
0.9179253825967483,0.3708027484505002
1.0312426689380967,0.4514801582915451
1.1585488999444697,0.5351115030208593
1.3015710016583038,0.617989640300034
1.4622490880091454,0.6964142014213563
1.6427627787184707,0.7672037314581416
1.8455607661325835,0.8281038809418144
2.0733940320616497,0.8780015901205948
2.329353165215711,0.9169132550576022
2.6169102854537,0.9457785343000017
2.9399661435534976,0.966137594270687
3.3029030354176987,0.9797846646980477
3.710644248503383,0.9884753725189326
4.168720846874621,0.9937313861485523
4.683346700825936,0.9967493212476581
5.261502778863538,0.9983940515594792
5.911031845476362,0.9992446046297442
6.64074484928479,0.9996618874418578
7.4605404447366075,0.9998560614957478
8.381539268677866,0.9999417456864608
9.416234793278331,0.9999775952053918
10.578662801651687,0.9999918142339173
11.884591785129816,0.9999971598434796
13.351736844955687,0.9999990644595412
15.0,0.9999997075139271
