SA(0.6s) [g],Loss_ratio
0.05000000000000001,1.4011760499710312e-05
0.056172467201025755,2.9912135749865512e-05
0.06310692142900626,6.126676742472249e-05
0.07089742948257126,0.00012043418485982449
0.07964967064493539,0.00022728237512038564
0.08948237023750269,0.00041194645076582105
0.10052891014472326,0.0007174183944370583
0.11293913815718663,0.0012011476748856997
0.1268814006769336,0.0019346218865214705
0.14254482635890514,0.002999974589507498
0.16014189166643014,0.0044832006047162195
0.17991130314285533,0.006464602811354497
0.2021212354977168,0.009008496959900664
0.2270729694325259,0.012155567124045343
0.2551049785537617,0.015922032891022033
0.28659752081259104,0.020309427794617158
0.3219777967548112,0.025327044541519662
0.36172574455336326,0.031026194068035855
0.4063805504338082,0.03754205029224961
0.45654796280755766,0.04513597110102651
0.5129085093300529,0.05422964722144559
0.5762267283493882,0.06542261386217163
0.6473615399712076,0.07948633467438616
0.7272778974247632,0.0973305747789938
0.8170598767824696,0.11994047086128522
0.9179253825967483,0.14828539560813858
1.0312426689380967,0.1832038326143585
1.1585488999444697,0.2252727396898449
1.3015710016583038,0.2746755392913103
1.4622490880091454,0.3310889911633702
1.6427627787184707,0.3936134280089933
1.8455607661325835,0.4607701151923747
2.0733940320616497,0.530581534477569
2.329353165215711,0.6007352339304666
2.6169102854537,0.6688126996250732
2.9399661435534976,0.7325471294208258
3.3029030354176987,0.7900641175416924
3.710644248503383,0.8400610968841553
4.168720846874621,0.8818950099141306
4.683346700825936,0.915569026473092
5.261502778863538,0.9416315604099098
5.911031845476362,0.9610177386568676
6.64074484928479,0.9748706666217108
7.4605404447366075,0.984376780825138
8.381539268677866,0.9906390327726832
9.416234793278331,0.9945980891398274
10.578662801651687,0.9969994971897691
11.884591785129816,0.9983966484024972
13.351736844955687,0.9991761617472283
15.0,0.9995931410600727
