SA(1.0s) [g],Loss_ratio
0.05000000000000001,1.0738592671477587e-06
0.056172467201025755,2.918783976468831e-06
0.06310692142900626,7.526841665866923e-06
0.07089742948257126,1.8425853708614608e-05
0.07964967064493539,4.285000414175899e-05
0.08948237023750269,9.474538071689853e-05
0.10052891014472326,0.0001993946288646076
0.11293913815718663,0.00039993655272804746
0.1268814006769336,0.0007657697518342222
0.14254482635890514,0.0014024894898492348
0.16014189166643014,0.0024628570782402994
0.17991130314285533,0.004158646252994497
0.2021212354977168,0.006774185346224865
0.2270729694325259,0.0106836648383992
0.2551049785537617,0.016374784296262906
0.28659752081259104,0.024479602864930068
0.3219777967548112,0.0358083879883316
0.36172574455336326,0.05137409908389219
0.4063805504338082,0.0723864141559811
0.45654796280755766,0.10018952806169586
0.5129085093300529,0.13612253226338464
0.5762267283493882,0.181298225132859
0.6473615399712076,0.23632419189188753
0.7272778974247632,0.30102137763421216
0.8170598767824696,0.3742178409758302
0.9179253825967483,0.4536961659055353
1.0312426689380967,0.5363451171413858
1.1585488999444697,0.6185135514498942
1.3015710016583038,0.6965033376177532
1.4622490880091454,0.7670908929693893
1.6427627787184707,0.8279536352388441
1.8455607661325835,0.8779050247950689
2.0733940320616497,0.9168998454079162
2.329353165215711,0.9458373436801308
2.6169102854537,0.9662394196122293
2.9399661435534976,0.9798990552403402
3.3029030354176987,0.988580065754617
3.710644248503383,0.9938148933479721
4.168720846874621,0.9968091336865903
4.683346700825936,0.9984331442484278
5.261502778863538,0.9992681460687347
5.911031845476362,0.9996750314578623
6.64074484928479,0.9998628950582109
7.4605404447366075,0.9999450640356483
8.381539268677866,0.9999791036659633
9.416234793278331,0.9999924572539877
10.578662801651687,0.9999974172187049
11.884591785129816,0.9999991612898749
13.351736844955687,0.9999997417843209
15.0,0.999999924648516
