SA(0.6s) [g],Loss_ratio
0.05000000000000001,3.602285287007678e-07
0.056172467201025755,9.55940874164396e-07
0.06310692142900626,2.4226166579932597e-06
0.07089742948257126,5.8644616381553495e-06
0.07964967064493539,1.356325721569851e-05
0.08948237023750269,2.997861372791011e-05
0.10052891014472326,6.334478394430798e-05
0.11293913815718663,0.0001280053518965485
0.1268814006769336,0.0002474929233568013
0.14254482635890514,0.0004580965048245234
0.16014189166643014,0.0008122845339698815
0.17991130314285533,0.0013809755130709312
0.2021212354977168,0.0022534820686474
0.2270729694325259,0.003534264847873836
0.2551049785537617,0.005336619424419187
0.28659752081259104,0.007775043348018846
0.3219777967548112,0.010959880089636104
0.36172574455336326,0.014999143252917934
0.4063805504338082,0.020012297876054918
0.45654796280755766,0.026158613166208922
0.5129085093300529,0.03367858559833363
0.5762267283493882,0.04294177805609184
0.6473615399712076,0.05448972667980226
0.7272778974247632,0.06905984951293756
0.8170598767824696,0.08757651807148452
0.9179253825967483,0.11109880533208569
1.0312426689380967,0.14072049941998072
1.1585488999444697,0.17742619271582208
1.3015710016583038,0.22191702671091879
1.4622490880091454,0.27443002668182537
1.6427627787184707,0.3345839087563804
1.8455607661325835,0.40128852417461613
2.0733940320616497,0.47275100711534057
2.329353165215711,0.5465969601479832
2.6169102854537,0.6201009590949884
2.9399661435534976,0.6904930388726924
3.3029030354176987,0.7552854411523755
3.710644248503383,0.812555214628027
4.168720846874621,0.8611274736425473
4.683346700825936,0.9006289426235039
5.261502778863538,0.9314137000434861
5.911031845476362,0.9543921715458417
6.64074484928479,0.9708116926507283
7.4605404447366075,0.982038772856404
8.381539268677866,0.9893817488087634
9.416234793278331,0.9939739894344622
10.578662801651687,0.9967192716532242
11.884591785129816,0.9982875904908144
13.351736844955687,0.999143549803818
15.0,0.9995897603245841
