SA(1.0s) [g],Loss_ratio
0.05000000000000001,0.0006094653826821006
0.056172467201025755,0.0010590063364975867
0.06310692142900626,0.0017663098395660438
0.07089742948257126,0.002831631508376137
0.07964967064493539,0.0043706515081143316
0.08948237023750269,0.006509214570985389
0.10052891014472326,0.00937897078718603
0.11293913815718663,0.013118146286987837
0.1268814006769336,0.017882160258841807
0.14254482635890514,0.023867457513240323
0.16014189166643014,0.0313484620259459
0.17991130314285533,0.04072249854947271
0.2021212354977168,0.052552176095025806
0.2270729694325259,0.06759076742171644
0.2551049785537617,0.08677506200180626
0.28659752081259104,0.11117289465856973
0.3219777967548112,0.14187916181099705
0.36172574455336326,0.17986405474826495
0.4063805504338082,0.22578926885524586
0.45654796280755766,0.2798201160941854
0.5129085093300529,0.3414708084746636
0.5762267283493882,0.40952296017645046
0.6473615399712076,0.48205019279220307
0.7272778974247632,0.5565634524378882
0.8170598767824696,0.6302649969987841
0.9179253825967483,0.7003708903290335
1.0312426689380967,0.7644413987910166
1.1585488999444697,0.8206537157402933
1.3015710016583038,0.8679647552637789
1.4622490880091454,0.9061395272678846
1.6427627787184707,0.935653689704484
1.8455607661325835,0.9575065807563382
2.0733940320616497,0.9729954444381554
2.329353165215711,0.9835003064046944
2.6169102854537,0.9903153170060224
2.9399661435534976,0.9945430581871771
3.3029030354176987,0.9970502600599106
3.710644248503383,0.9984712604269708
4.168720846874621,0.9992407774427557
4.683346700825936,0.9996388532585544
5.261502778863538,0.9998355284571693
5.911031845476362,0.9999283160573795
6.64074484928479,0.9999701100727387
7.4605404447366075,0.9999880803899016
8.381539268677866,0.9999954552615504
9.416234793278331,0.9999983436481412
10.578662801651687,0.9999994231127073
11.884591785129816,0.9999998080308757
13.351736844955687,0.9999999389775238
15.0,0.9999999814736407
