SA(1.0s) [g],Loss_ratio
0.05000000000000001,1.4279685930707053e-06
0.056172467201025755,3.7011590109270466e-06
0.06310692142900626,9.142693830571649e-06
0.07089742948257126,2.153809776970772e-05
0.07964967064493539,4.8425570375704165e-05
0.08948237023750269,0.0001040121276728867
0.10052891014472326,0.00021366144533582768
0.11293913815718663,0.0004203296363801956
0.1268814006769336,0.0007931863556547292
0.14254482635890514,0.0014384762345495297
0.16014189166643014,0.0025125670901843533
0.17991130314285533,0.0042372230555161984
0.2021212354977168,0.006917432779892846
0.2270729694325259,0.01096232581403767
0.2551049785537617,0.016909181565192926
0.28659752081259104,0.025448466775856098
0.3219777967548112,0.03744375997415172
0.36172574455336326,0.053934879504118266
0.4063805504338082,0.07610755337078608
0.45654796280755766,0.10521185933589144
0.5129085093300529,0.14241784989349604
0.5762267283493882,0.1886119078450799
0.6473615399712076,0.24415945480841222
0.7272778974247632,0.3086822934979419
0.8170598767824696,0.38091274222190996
0.9179253825967483,0.45868297767632815
1.0312426689380967,0.5390828283035652
1.1585488999444697,0.6187771657367778
1.3015710016583038,0.6944277518042004
1.4622490880091454,0.7631305441754069
1.6427627787184707,0.822771555869113
1.8455607661325835,0.8722264157639341
2.0733940320616497,0.911373042637455
2.329353165215711,0.9409371118679579
2.6169102854537,0.9622288149552869
2.9399661435534976,0.9768454890987519
3.3029030354176987,0.9864067312160015
3.710644248503383,0.9923641784849621
4.168720846874621,0.9958988847428811
4.683346700825936,0.9978954034535961
5.261502778863538,0.9989686787556065
5.911031845476362,0.9995176721648837
6.64074484928479,0.9997848193846014
7.4605404447366075,0.9999084650430334
8.381539268677866,0.9999628872366151
9.416234793278331,0.9999856629993267
10.578662801651687,0.9999947246270598
11.884591785129816,0.9999981516580018
13.351736844955687,0.9999993835013229
15.0,0.9999998042960341
