SA(0.3s) [g],Loss_ratio
0.05000000000000001,3.609429541362453e-08
0.056172467201025755,1.0180736370601906e-07
0.06310692142900626,2.750911708926385e-07
0.07089742948257126,7.121797384601614e-07
0.07964967064493539,1.7667867656556703e-06
0.08948237023750269,4.20082962375723e-06
0.10052891014472326,9.574757774449826e-06
0.11293913815718663,2.0924761462792765e-05
0.1268814006769336,4.38578316576399e-05
0.14254482635890514,8.819038183634498e-05
0.16014189166643014,0.00017019268503992713
0.17991130314285533,0.00031535214852447264
0.2021212354977168,0.0005613272884611997
0.2270729694325259,0.0009604727461510143
0.2551049785537617,0.0015810837143667158
0.28659752081259104,0.002506509161303761
0.3219777967548112,0.003831705302706118
0.36172574455336326,0.005657750844818388
0.4063805504338082,0.008086234252429237
0.45654796280755766,0.01121688794860472
0.5129085093300529,0.015152776256875429
0.5762267283493882,0.02001705579729005
0.6473615399712076,0.025983328261613606
0.7272778974247632,0.03331788102786976
0.8170598767824696,0.04242727165078893
0.9179253825967483,0.05389992561556404
1.0312426689380967,0.06852713091791678
1.1585488999444697,0.08728837882009631
1.3015710016583038,0.11128932548803785
1.4622490880091454,0.1416479566789045
1.6427627787184707,0.1793352040635872
1.8455607661325835,0.22498869488208678
2.0733940320616497,0.2787299151865714
2.329353165215711,0.3400224547433048
2.6169102854537,0.40760876195064955
2.9399661435534976,0.47955276851015577
3.3029030354176987,0.5533962539060255
3.710644248503383,0.6264117198320954
4.168720846874621,0.6959105244992034
4.683346700825936,0.7595496312658638
5.261502778863538,0.815579082420682
5.911031845476362,0.8629862913616271
6.64074484928479,0.9015183397628554
7.4605404447366075,0.9315918223380311
8.381539268677866,0.9541228540890092
9.416234793278331,0.9703215996397331
10.578662801651687,0.9814944859330015
11.884591785129816,0.988885868534816
13.351736844955687,0.993574707592271
15.0,0.99642635915931
