SA(0.3s) [g],Loss_ratio
0.05000000000000001,2.269570516454378e-05
0.056172467201025755,4.2195253418492176e-05
0.06310692142900626,7.618973998556046e-05
0.07089742948257126,0.00013363961648710235
0.07964967064493539,0.00022776553360948085
0.08948237023750269,0.00037729591137743997
0.10052891014472326,0.0006076710137290387
0.11293913815718663,0.0009519806977708711
0.1268814006769336,0.0014513744913963623
0.14254482635890514,0.0021547090566931214
0.16014189166643014,0.0031173222593610887
0.17991130314285533,0.004399062223964067
0.2021212354977168,0.0060620401672509434
0.2270729694325259,0.008168961464629837
0.2551049785537617,0.010783221356948352
0.28659752081259104,0.013972102565719702
0.3219777967548112,0.01781425593298317
0.36172574455336326,0.022412096842412948
0.4063805504338082,0.027908802767081277
0.45654796280755766,0.03450834570486602
0.5129085093300529,0.04249563386791395
0.5762267283493882,0.052252641534557526
0.6473615399712076,0.06426567524949747
0.7272778974247632,0.07911893246989976
0.8170598767824696,0.09747044729005522
0.9179253825967483,0.12000844956397806
1.0312426689380967,0.14738898395629801
1.1585488999444697,0.18015904713896638
1.3015710016583038,0.21867301073590442
1.4622490880091454,0.26301304733985703
1.6427627787184707,0.31292593521232065
1.8455607661325835,0.3677883301273637
2.0733940320616497,0.42660997966397657
2.329353165215711,0.48807949578409754
2.6169102854537,0.5506508395013385
2.9399661435534976,0.6126617674598012
3.3029030354176987,0.6724695971627734
3.710644248503383,0.728586148079508
4.168720846874621,0.7797935258029317
4.683346700825936,0.825225688974408
5.261502778863538,0.8644067818517831
5.911031845476362,0.8972446653293409
6.64074484928479,0.9239852784283887
7.4605404447366075,0.9451389167312072
8.381539268677866,0.961392277456261
9.416234793278331,0.9735199865216053
10.578662801651687,0.9823067832215268
11.884591785129816,0.9884875500624289
13.351736844955687,0.9927080356360816
15.0,0.9955053620212191
