SA(0.3s) [g],Loss_ratio
0.05000000000000001,3.527661141061733e-06
0.056172467201025755,7.854926052325295e-06
0.06310692142900626,1.6823380025715596e-05
0.07089742948257126,3.466519489649933e-05
0.07964967064493539,6.873703598484492e-05
0.08948237023750269,0.00013119875834773366
0.10052891014472326,0.00024113329823606257
0.11293913815718663,0.0004269208586568041
0.1268814006769336,0.0007284662123746678
0.14254482635890514,0.001198663784412646
0.16014189166643014,0.0019033720013232837
0.17991130314285533,0.002919286329439969
0.2021212354977168,0.004329562794082797
0.2270729694325259,0.0062178787684762935
0.2551049785537617,0.00866270275999242
0.28659752081259104,0.011734580678251156
0.3219777967548112,0.015499805031864412
0.36172574455336326,0.020033487626513764
0.4063805504338082,0.025443550511322147
0.45654796280755766,0.03190455086411356
0.5129085093300529,0.03969700234640297
0.5762267283493882,0.04924467556296301
0.6473615399712076,0.06114007845228019
0.7272778974247632,0.0761476414106328
0.8170598767824696,0.09517550362291755
0.9179253825967483,0.11921034746865578
1.0312426689380967,0.14921529322403293
1.1585488999444697,0.18599797511154034
1.3015710016583038,0.2300636952712269
1.4622490880091454,0.2814755868274615
1.6427627787184707,0.33974809321120664
1.8455607661325835,0.403799718451578
2.0733940320616497,0.4719844390677034
2.329353165215711,0.5422083930152939
2.6169102854537,0.6121215634339989
2.9399661435534976,0.6793571812004551
3.3029030354176987,0.7417793656867362
3.710644248503383,0.7976961430932673
4.168720846874621,0.8460019776805532
4.683346700825936,0.8862296055030024
5.261502778863538,0.9185107808557488
5.911031845476362,0.9434638727969911
6.64074484928479,0.9620382762752439
7.4605404447366075,0.9753489421339779
8.381539268677866,0.9845295181883932
9.416234793278331,0.9906224546883381
10.578662801651687,0.9945127309708962
11.884591785129816,0.9969019164912343
13.351736844955687,0.9983130255411177
15.0,0.9991144165023157
