SA(0.6s) [g],Loss_ratio
0.05000000000000001,2.0292371036845224e-07
0.056172467201025755,5.352474657549511e-07
0.06310692142900626,1.3523309887464308e-06
0.07089742948257126,3.2734541536683095e-06
0.07964967064493539,7.593251904441934e-06
0.08948237023750269,1.6883781876775307e-05
0.10052891014472326,3.5997926134612164e-05
0.11293913815718663,7.36250839299346e-05
0.1268814006769336,0.0001445194781234338
0.14254482635890514,0.000272419119707934
0.16014189166643014,0.0004934881667097769
0.17991130314285533,0.0008598754196982473
0.2021212354977168,0.001442775376795019
0.2270729694325259,0.0023343516543107125
0.2551049785537617,0.0036481955314077107
0.28659752081259104,0.005518729775640935
0.3219777967548112,0.008101032586523244
0.36172574455336326,0.0115736023052317
0.4063805504338082,0.01614705529096731
0.45654796280755766,0.02208106166894691
0.5129085093300529,0.029709636929684285
0.5762267283493882,0.03947138438694898
0.6473615399712076,0.051937187671528454
0.7272778974247632,0.06782440946604959
0.8170598767824696,0.08798521425460414
0.9179253825967483,0.11335827661106262
1.0312426689380967,0.14487834201748184
1.1585488999444697,0.18334656325406334
1.3015710016583038,0.22927504726456266
1.4622490880091454,0.2827295204240075
1.6427627787184707,0.3432016122865391
1.8455607661325835,0.409543892024144
2.0733940320616497,0.47999413487348186
2.329353165215711,0.5522999985994885
2.6169102854537,0.6239339080058429
2.9399661435534976,0.6923658472576795
3.3029030354176987,0.7553456721389027
3.710644248503383,0.8111421145858335
4.168720846874621,0.8586950051907213
4.683346700825936,0.8976578878037623
5.261502778863538,0.9283337811439204
5.911031845476362,0.9515295568103871
6.64074484928479,0.9683679767444536
7.4605404447366075,0.9800982564513057
8.381539268677866,0.9879376047585442
9.416234793278331,0.9929619577371968
10.578662801651687,0.9960493037257485
11.884591785129816,0.9978676759606753
13.351736844955687,0.9988939651893471
15.0,0.9994489131392046
