SA(0.3s) [g],Loss_ratio
0.05000000000000001,5.8062347668697005e-08
0.056172467201025755,1.5707826201971644e-07
0.06310692142900626,4.0788683081105503e-07
0.07089742948257126,1.0167696203433605e-06
0.07964967064493539,2.433486700775811e-06
0.08948237023750269,5.592829195405492e-06
0.10052891014472326,1.2345620542630887e-05
0.11293913815718663,2.6179887868110763e-05
0.1268814006769336,5.334645680474815e-05
0.14254482635890514,0.0001044850117231766
0.16014189166643014,0.00019677209593059187
0.17991130314285533,0.0003564621823353043
0.2021212354977168,0.0006214698896399641
0.2270729694325259,0.0010433915437047415
0.2551049785537617,0.0016881888761293986
0.28659752081259104,0.002634803044167561
0.3219777967548112,0.003971379425858734
0.36172574455336326,0.005789630537833857
0.4063805504338082,0.00817904934523463
0.45654796280755766,0.011223898356656055
0.5129085093300529,0.015006653302592265
0.5762267283493882,0.019621346580291105
0.6473615399712076,0.025198678805797167
0.7272778974247632,0.03194186166823726
0.8170598767824696,0.04016839933624963
0.9179253825967483,0.0503492724480009
1.0312426689380967,0.06313428392771507
1.1585488999444697,0.07935157248079831
1.3015710016583038,0.09997108635520065
1.4622490880091454,0.1260263093584853
1.6427627787184707,0.15849548625907164
1.8455607661325835,0.19815228673305005
2.0733940320616497,0.24540499270169575
2.329353165215711,0.3001509612062241
2.6169102854537,0.3616768729971213
2.9399661435534976,0.428632778115906
3.3029030354176987,0.4990979157041268
3.710644248503383,0.570739530405233
4.168720846874621,0.6410458041642093
4.683346700825936,0.7075959140697091
5.261502778863538,0.7683197657412867
5.911031845476362,0.8217009381329304
6.64074484928479,0.8668890800269519
7.4605404447366075,0.9037088222099054
8.381539268677866,0.9325749962036672
9.416234793278331,0.9543420608800777
10.578662801651687,0.9701246441946781
11.884591785129816,0.9811249031670861
13.351736844955687,0.9884931684681768
15.0,0.9932352223033388
