SA(1.0s) [g],Loss_ratio
0.05000000000000001,0.0
0.056172467201025755,0.0
0.06310692142900626,0.0
0.07089742948257126,5.551115123125783e-18
0.07964967064493539,1.1657341758564144e-16
0.08948237023750269,1.6264767310758544e-15
0.10052891014472326,1.9684254226604027e-14
0.11293913815718663,2.1675994332781557e-13
0.1268814006769336,2.1490975665727776e-12
0.14254482635890514,1.9215889990320534e-11
0.16014189166643014,1.550976569397733e-10
0.17991130314285533,1.130926169379265e-09
0.2021212354977168,7.456447825848757e-09
0.2270729694325259,4.4495240097974785e-08
0.2551049785537617,2.4055930962219034e-07
0.28659752081259104,1.179572503073878e-06
0.3219777967548112,5.251764897473699e-06
0.36172574455336326,2.125488304831613e-05
0.4063805504338082,7.828573633221203e-05
0.45654796280755766,0.00026270699836375975
0.5129085093300529,0.0008041075749227633
0.5762267283493882,0.002247472165740683
0.6473615399712076,0.0057424992335043
0.7272778974247632,0.013429049708007951
0.8170598767824696,0.02877989495625476
0.9179253825967483,0.05660890912004367
1.0312426689380967,0.10238254240227924
1.1585488999444697,0.17065226202333686
1.3015710016583038,0.2629198216333546
1.4622490880091454,0.37584074413275803
1.6427627787184707,0.5008941569741675
1.8455607661325835,0.6261240953885804
2.0733940320616497,0.7394474752015677
2.329353165215711,0.8320564576790643
2.6169102854537,0.9003613019137506
2.9399661435534976,0.9458054029145456
3.3029030354176987,0.9730646766406738
3.710644248503383,0.9878001640336855
4.168720846874621,0.9949756155116363
4.683346700825936,0.998121960480878
5.261502778863538,0.9993638670847393
5.911031845476362,0.9998049942488592
6.64074484928479,0.9999459587867543
7.4605404447366075,0.9999864738835428
8.381539268677866,0.9999969447864299
9.416234793278331,0.9999993776592937
10.578662801651687,0.9999998857462639
11.884591785129816,0.9999999811053563
13.351736844955687,0.9999999971865997
15.0,0.9999999996229744
