SA(0.3s) [g],Loss_ratio
0.05000000000000001,6.608867006985263e-08
0.056172467201025755,1.7503330633217297e-07
0.06310692142900626,4.4556301771470074e-07
0.07089742948257126,1.0903067414858026e-06
0.07964967064493539,2.565092104384048e-06
0.08948237023750269,5.802887300199179e-06
0.10052891014472326,1.2625680514027904e-05
0.11293913815718663,2.6425923001432987e-05
0.1268814006769336,5.3220754132971004e-05
0.14254482635890514,0.00010316621456872289
0.16014189166643014,0.00019255464459359551
0.17991130314285533,0.00034619098278828035
0.2021212354977168,0.0005998564344603054
0.2270729694325259,0.0010023602971193535
0.2551049785537617,0.0016165373663742323
0.28659752081259104,0.0025185905233010126
0.3219777967548112,0.0037955261922304586
0.36172574455336326,0.005541139822584651
0.4063805504338082,0.00785199887873148
0.45654796280755766,0.010825883602441064
0.5129085093300529,0.01456577061707617
0.5762267283493882,0.019192230648147034
0.6473615399712076,0.02486574365582502
0.7272778974247632,0.031817906025297944
0.8170598767824696,0.04038720910679327
0.9179253825967483,0.05105175388155731
1.0312426689380967,0.06444885511112565
1.1585488999444697,0.08137083580310076
1.3015710016583038,0.10272799791680108
1.4622490880091454,0.12947395659463173
1.6427627787184707,0.1624949733564574
1.8455607661325835,0.20247286943289663
2.0733940320616497,0.2497392690220705
2.329353165215711,0.30414551686540137
2.6169102854537,0.364975517252843
2.9399661435534976,0.430926038097771
3.3029030354176987,0.5001698044089442
3.710644248503383,0.5705018461205225
4.168720846874621,0.6395520334858864
4.683346700825936,0.7050310583494355
5.261502778863538,0.7649680250094082
5.911031845476362,0.8178984777840483
6.64074484928479,0.8629723919041773
7.4605404447366075,0.8999694724067053
8.381539268677866,0.9292289005481466
9.416234793278331,0.9515169205406524
10.578662801651687,0.9678643967375397
11.884591785129816,0.9794064513665077
13.351736844955687,0.9872490502316392
15.0,0.9923762806032947
