SA(0.3s) [g],Loss_ratio
0.05000000000000001,3.0376230975015516e-10
0.056172467201025755,1.0792071014620317e-09
0.06310692142900626,3.657742719820334e-09
0.07089742948257126,1.1827813672926624e-08
0.07964967064493539,3.649470985411796e-08
0.08948237023750269,1.0746012909512715e-07
0.10052891014472326,3.020110038498558e-07
0.11293913815718663,8.102739899373823e-07
0.1268814006769336,2.0756899854201816e-06
0.14254482635890514,5.078285188042653e-06
0.16014189166643014,1.1869070180925424e-05
0.17991130314285533,2.650974615466262e-05
0.2021212354977168,5.660534138552387e-05
0.2270729694325259,0.00011560685104831104
0.2551049785537617,0.0002259662979848809
0.28659752081259104,0.00042301862716828675
0.3219777967548112,0.0007591591272444021
0.36172574455336326,0.0013075792216966809
0.4063805504338082,0.0021647101081205596
0.45654796280755766,0.003450845347950782
0.5129085093300529,0.00530934074481978
0.5762267283493882,0.007906249916520464
0.6473615399712076,0.011433794601020387
0.7272778974247632,0.01612187415913966
0.8170598767824696,0.02226095582979412
0.9179253825967483,0.030236544825067418
1.0312426689380967,0.04057017842688614
1.1585488999444697,0.05395569689794511
1.3015710016583038,0.07127443432548328
1.4622490880091454,0.09357125259851522
1.6427627787184707,0.12197686316976036
1.8455607661325835,0.1575713423941384
2.0733940320616497,0.20119821151645564
2.329353165215711,0.2532551640339522
2.6169102854537,0.313502102117834
2.9399661435534976,0.38093437328100266
3.3029030354176987,0.4537644426562222
3.710644248503383,0.5295368792118
4.168720846874621,0.6053721392575364
4.683346700825936,0.6783016642951836
5.261502778863538,0.7456306355057258
5.911031845476362,0.8052547845933419
6.64074484928479,0.8558683362654556
7.4605404447366075,0.8970284705624607
8.381539268677866,0.929078206786423
9.416234793278331,0.9529622871229895
10.578662801651687,0.969989751327497
11.884591785129816,0.9815985932320859
13.351736844955687,0.9891648620216458
15.0,0.9938778815044762
