SA(1.0s) [g],Loss_ratio
0.05000000000000001,0.0
0.056172467201025755,5.551115123125783e-18
0.06310692142900626,9.99200722162641e-17
0.07089742948257126,1.121325254871408e-15
0.07964967064493539,1.1463052729254743e-14
0.08948237023750269,1.0784151349696458e-13
0.10052891014472326,9.300837877646018e-13
0.11293913815718663,7.34531324653176e-12
0.1268814006769336,5.314325091099193e-11
0.14254482635890514,3.5244453466809493e-10
0.16014189166643014,2.143962152256762e-09
0.17991130314285533,1.1970836105712479e-08
0.2021212354977168,6.139436898866535e-08
0.2270729694325259,2.894413461018708e-07
0.2551049785537617,1.2553484514565838e-06
0.28659752081259104,5.012934754500265e-06
0.3219777967548112,1.8445941250122556e-05
0.36172574455336326,6.259628299237763e-05
0.4063805504338082,0.00019606118025217167
0.45654796280755766,0.0005672628110319878
0.5129085093300529,0.0015173342716629124
0.5762267283493882,0.0037552927904603906
0.6473615399712076,0.008606987466813442
0.7272778974247632,0.01828594372247407
0.8170598767824696,0.03605075047151858
0.9179253825967483,0.06603917164121229
1.0312426689380967,0.11258065918166042
1.1585488999444697,0.17895937393896083
1.3015710016583038,0.26591778428623647
1.4622490880091454,0.3705034108686365
1.6427627787184707,0.48592610590945307
1.8455607661325835,0.6027558096271879
2.0733940320616497,0.7111607858585003
2.329353165215711,0.8033287294566923
2.6169102854537,0.8751011920128529
2.9399661435534976,0.9262703489076498
3.3029030354176987,0.9596567268580809
3.710644248503383,0.9795860218321386
4.168720846874621,0.9904662842299435
4.683346700825936,0.9958973661015239
5.261502778863538,0.9983754629882161
5.911031845476362,0.9994087722723484
6.64074484928479,0.9998024370169425
7.4605404447366075,0.9999394364841554
8.381539268677866,0.9999829803134047
9.416234793278331,0.9999956182282701
10.578662801651687,0.9999989670866724
11.884591785129816,0.9999997771657125
13.351736844955687,0.9999999560238269
15.0,0.9999999920639416
