SA(0.3s) [g],Loss_ratio
0.05000000000000001,3.4143188151219975e-05
0.056172467201025755,6.241289104668701e-05
0.06310692142900626,0.00011078495690560742
0.07089742948257126,0.00019099270543000425
0.07964967064493539,0.0003198821453866685
0.08948237023750269,0.0005206262673234819
0.10052891014472326,0.0008237072712466932
0.11293913815718663,0.0012673784729398342
0.1268814006769336,0.0018973068862627896
0.14254482635890514,0.002765176656256774
0.16014189166643014,0.0039262304399801775
0.17991130314285533,0.005436043152828563
0.2021212354977168,0.007347223901045553
0.2270729694325259,0.009707146610422983
0.2551049785537617,0.0125581008961577
0.28659752081259104,0.015941302922611963
0.3219777967548112,0.019905905344204167
0.36172574455336326,0.024523450168012967
0.4063805504338082,0.02990715970009367
0.45654796280755766,0.03623419266897465
0.5129085093300529,0.04376771418014956
0.5762267283493882,0.05287458694867728
0.6473615399712076,0.06403393012883705
0.7272778974247632,0.07783191069931027
0.8170598767824696,0.09493905977889325
0.9179253825967483,0.11606818120268414
1.0312426689380967,0.14191347042970245
1.1585488999444697,0.17307457918367147
1.3015710016583038,0.20997267093563204
1.4622490880091454,0.2527684687266986
1.6427627787184707,0.3012942281110066
1.8455607661325835,0.3550117962264675
2.0733940320616497,0.4130069480316552
2.329353165215711,0.4740259225597776
2.6169102854537,0.5365539675419191
2.9399661435534976,0.5989287610569232
3.3029030354176987,0.659475232763191
3.710644248503383,0.7166440293392219
4.168720846874621,0.7691347704625169
4.683346700825936,0.8159877158826017
5.261502778863538,0.8566330269298656
5.911031845476362,0.8908942048723169
6.64074484928479,0.9189498512256933
7.4605404447366075,0.9412639989683911
8.381539268677866,0.958498769811976
9.416234793278331,0.9714236232502744
10.578662801651687,0.9808333349862883
11.884591785129816,0.9874829827261373
13.351736844955687,0.99204375599451
15.0,0.9950793668570997
