SA(0.6s) [g],Loss_ratio
0.05000000000000001,1.3996671309585153e-05
0.056172467201025755,3.2043257499536625e-05
0.06310692142900626,6.984493462111607e-05
0.07089742948257126,0.0001450283927243279
0.07964967064493539,0.0002870643402045736
0.08948237023750269,0.0005420919671011715
0.10052891014472326,0.000977656586375575
0.11293913815718663,0.0016861328933691021
0.1268814006769336,0.0027855872102932164
0.14254482635890514,0.004417582007228094
0.16014189166643014,0.006743105138848731
0.17991130314285533,0.00994009302569251
0.2021212354977168,0.014207981598936782
0.2270729694325259,0.01978503087457137
0.2551049785537617,0.026981673781150788
0.28659752081259104,0.03622758004788479
0.3219777967548112,0.04812259971810672
0.36172574455336326,0.06347456463672457
0.4063805504338082,0.08330284349406017
0.45654796280755766,0.10878781869651483
0.5129085093300529,0.14115412592132132
0.5762267283493882,0.18148917188649177
0.6473615399712076,0.23051626920977059
0.7272778974247632,0.28836027206450665
0.8170598767824696,0.35435776270622843
0.9179253825967483,0.42696748048692584
1.0312426689380967,0.5038246389800675
1.1585488999444697,0.5819539869157098
1.3015710016583038,0.6581165225532589
1.4622490880091454,0.7292256641916103
1.6427627787184707,0.7927447947271077
1.8455607661325835,0.8469797977972314
2.0733940320616497,0.891208398446579
2.329353165215711,0.9256331214653601
2.6169102854537,0.9511903014319825
2.9399661435534976,0.9692783938782478
3.3029030354176987,0.9814766621360895
3.710644248503383,0.9893116742187508
4.168720846874621,0.9941029034208086
4.683346700825936,0.9968913761280462
5.261502778863538,0.9984354179426768
5.911031845476362,0.99924862090754
6.64074484928479,0.9996558809119493
7.4605404447366075,0.9998497790725406
8.381539268677866,0.9999375216789548
9.416234793278331,0.9999752525519859
10.578662801651687,0.9999906679688629
11.884591785129816,0.9999966509247242
13.351736844955687,0.9999988564662027
15.0,0.9999996286071731
