SA(0.6s) [g],Loss_ratio
0.05000000000000001,1.9586866573106932e-10
0.056172467201025755,8.902413028977207e-10
0.06310692142900626,3.788827246387072e-09
0.07089742948257126,1.5102890871254716e-08
0.07964967064493539,5.640238139870135e-08
0.08948237023750269,1.974084592404335e-07
0.10052891014472326,6.47806726988831e-07
0.11293913815718663,1.99414536054543e-06
0.1268814006769336,5.761965653794388e-06
0.14254482635890514,1.563946688482587e-05
0.16014189166643014,3.991413678783307e-05
0.17991130314285533,9.589663516232362e-05
0.2021212354977168,0.00021721892502299392
0.2270729694325259,0.0004647420440429262
0.2551049785537617,0.0009413169327221029
0.28659752081259104,0.00180998189201681
0.3219777967548112,0.0033148538118658146
0.36172574455336326,0.0058045726988694875
0.4063805504338082,0.009759732060100402
0.45654796280755766,0.01582700233543561
0.5129085093300529,0.024860937723262654
0.5762267283493882,0.0379669120255068
0.6473615399712076,0.05652488214405141
0.7272778974247632,0.08215834952475712
0.8170598767824696,0.1166058289714001
0.9179253825967483,0.1614647541520597
1.0312426689380967,0.2178160355811501
1.1585488999444697,0.2857949040560166
1.3015710016583038,0.3642287873323177
1.4622490880091454,0.45048570702863866
1.6427627787184707,0.5406430394732525
1.8455607661325835,0.6299953040894974
2.0733940320616497,0.7138006365596461
2.329353165215711,0.7880698899082208
2.6169102854537,0.8501770154148406
2.9399661435534976,0.8991302749517647
3.3029030354176987,0.9354642481240828
3.710644248503383,0.960837426178207
4.168720846874621,0.977496577525778
4.683346700825936,0.9877736623561107
5.261502778863538,0.9937272763530988
5.911031845476362,0.9969644539562853
6.64074484928479,0.9986157773306561
7.4605404447366075,0.9994057323531552
8.381539268677866,0.9997599906584231
9.416234793278331,0.9999088732622461
10.578662801651687,0.9999674934610364
11.884591785129816,0.9999891114952425
13.351736844955687,0.999996576818612
15.0,0.9999989903511686
