SA(0.6s) [g],Loss_ratio
0.05000000000000001,0.0
0.056172467201025755,1.1102230246251566e-17
0.06310692142900626,1.0547118733938988e-16
0.07089742948257126,9.825473767932635e-16
0.07964967064493539,8.526512829121202e-15
0.08948237023750269,6.784017791972019e-14
0.10052891014472326,4.991174140656086e-13
0.11293913815718663,3.3919478337196552e-12
0.1268814006769336,2.130323695226366e-11
0.14254482635890514,1.2368856494582304e-10
0.16014189166643014,6.641399707962847e-10
0.17991130314285533,3.299356615693583e-09
0.2021212354977168,1.5172959971776482e-08
0.2270729694325259,6.46340590326755e-08
0.2551049785537617,2.552338358052797e-07
0.28659752081259104,9.352017158070771e-07
0.3219777967548112,3.1830957267331435e-06
0.36172574455336326,1.0077580487333205e-05
0.4063805504338082,2.9725082931703064e-05
0.45654796280755766,8.18418757335626e-05
0.5129085093300529,0.00021080284630080605
0.5762267283493882,0.0005092448743193146
0.6473615399712076,0.001157049333945187
0.7272778974247632,0.0024801001704174985
0.8170598767824696,0.005030722796735444
0.9179253825967483,0.009685974065599562
1.0312426689380967,0.017749352132298984
1.1585488999444697,0.031024635943495967
1.3015710016583038,0.05180907454319864
1.4622490880091454,0.08273625726876194
1.6427627787184707,0.1264057213616181
1.8455607661325835,0.18478833230803524
2.0733940320616497,0.2584988913609058
2.329353165215711,0.34614828756106053
2.6169102854537,0.4440570424647601
2.9399661435534976,0.5465578828725612
3.3029030354176987,0.6469195844410387
3.710644248503383,0.7386614951585331
4.168720846874621,0.8168358911600133
4.683346700825936,0.8788506071317745
5.261502778863538,0.9245992337792106
5.911031845476362,0.9559539469630476
6.64074484928479,0.9759026178254435
7.4605404447366075,0.987676041591209
8.381539268677866,0.9941177186575021
9.416234793278331,0.9973833275682255
10.578662801651687,0.9989164863881177
11.884591785129816,0.9995828014778299
13.351736844955687,0.9998507636092362
15.0,0.9999504458226004
