SA(1.0s) [g],Loss_ratio
0.05000000000000001,6.666696998780531e-07
0.056172467201025755,1.9222999784962448e-06
0.06310692142900626,5.250982909432711e-06
0.07089742948257126,1.3599936514163692e-05
0.07964967064493539,3.34310053155873e-05
0.08948237023750269,7.809100514018508e-05
0.10052891014472326,0.0001735837076158764
0.11293913815718663,0.0003677853873095772
0.1268814006769336,0.0007441956245382797
0.14254482635890514,0.0014411897651581964
0.16014189166643014,0.0026774397129876895
0.17991130314285533,0.0047836864326911204
0.2021212354977168,0.008240201363968257
0.2270729694325259,0.013717539493919708
0.2551049785537617,0.022114738997424763
0.28659752081259104,0.03458337704843749
0.3219777967548112,0.05251855907241079
0.36172574455336326,0.07749204629908613
0.4063805504338082,0.1111036954660631
0.45654796280755766,0.1547409153490545
0.5129085093300529,0.2092641052469169
0.5762267283493882,0.2746736546205924
0.6473615399712076,0.3498470580853561
0.7272778974247632,0.432444680177676
0.8170598767824696,0.5190560748900492
0.9179253825967483,0.6055963054962136
1.0312426689380967,0.6878824801261281
1.1585488999444697,0.7622559451558719
1.3015710016583038,0.8260941578145764
1.4622490880091454,0.8780894972414207
1.6427627787184707,0.9182471102477897
1.8455607661325835,0.9476391873055451
2.0733940320616497,0.9680154170179467
2.329353165215711,0.9813890106500072
2.6169102854537,0.9896956529590905
2.9399661435534976,0.9945765258738247
3.3029030354176987,0.9972887271249976
3.710644248503383,0.9987135818998973
4.168720846874621,0.9994210838506489
4.683346700825936,0.9997530454447148
5.261502778863538,0.9999001938441267
5.911031845476362,0.9999618027665579
6.64074484928479,0.9999861625039611
7.4605404447366075,0.9999952568195475
8.381539268677866,0.9999984621271415
9.416234793278331,0.999999528505457
10.578662801651687,0.9999998633472974
11.884591785129816,0.9999999625685556
13.351736844955687,0.9999999903120114
15.0,0.9999999976312431
