SA(0.3s) [g],Loss_ratio
0.05000000000000001,5.208676490120467e-09
0.056172467201025755,1.3602882298346942e-08
0.06310692142900626,3.441413463645127e-08
0.07089742948257126,8.435045681931542e-08
0.07964967064493539,2.0032307139206117e-07
0.08948237023750269,4.6102324494090574e-07
0.10052891014472326,1.0283166714364354e-06
0.11293913815718663,2.223398052336734e-06
0.1268814006769336,4.661012243079022e-06
0.14254482635890514,9.475828152827325e-06
0.16014189166643014,1.8687326929106575e-05
0.17991130314285533,3.576111930423398e-05
0.2021212354977168,6.643178545623906e-05
0.2270729694325259,0.00011985056669956973
0.2551049785537617,0.0002101065899203447
0.28659752081259104,0.00035814208986945095
0.3219777967548112,0.0005940460516634105
0.36172574455336326,0.0009596812467237815
0.4063805504338082,0.0015115990330944518
0.45654796280755766,0.002324248449746214
0.5129085093300529,0.003493604247843396
0.5762267283493882,0.005141508476621614
0.6473615399712076,0.007421185821802296
0.7272778974247632,0.01052445150887718
0.8170598767824696,0.014690949155551719
0.9179253825967483,0.020219211382942907
1.0312426689380967,0.027478375597731197
1.1585488999444697,0.03691809284185533
1.3015710016583038,0.049072796545840514
1.4622490880091454,0.06455547513151537
1.6427627787184707,0.08403593238416449
1.8455607661325835,0.10819968382550486
2.0733940320616497,0.13768635413070712
2.329353165215711,0.17301054115548703
2.6169102854537,0.21447294825107197
2.9399661435534976,0.2620740850896376
3.3029030354176987,0.3154457131664601
3.710644248503383,0.3738153109141662
4.168720846874621,0.4360155166511806
4.683346700825936,0.5005439580059379
5.261502778863538,0.5656701961237461
5.911031845476362,0.6295775405615098
6.64074484928479,0.6905203528732233
7.4605404447366075,0.7469739720212453
8.381539268677866,0.7977555207518999
9.416234793278331,0.8420993715579164
10.578662801651687,0.8796796158995291
11.884591785129816,0.9105814100404828
13.351736844955687,0.9352313653616483
15.0,0.9543025094417347
