SA(0.6s) [g],Loss_ratio
0.05000000000000001,2.689468348784363e-05
0.056172467201025755,5.5429807765278176e-05
0.06310692142900626,0.00010963620900645844
0.07089742948257126,0.0002081835616468353
0.07964967064493539,0.00037966020100259075
0.08948237023750269,0.0006652848764947485
0.10052891014472326,0.0011208163712359777
0.11293913815718663,0.0018166899867985808
0.1268814006769336,0.002835460943225782
0.14254482635890514,0.004266126414820343
0.16014189166643014,0.0061959004483475135
0.17991130314285533,0.008701396428850887
0.2021212354977168,0.011842547629999145
0.2270729694325259,0.015663400231038592
0.2551049785537617,0.020203581646298284
0.28659752081259104,0.025522478563373786
0.3219777967548112,0.03173512230597922
0.36172574455336326,0.039055145915841395
0.4063805504338082,0.04783692497139187
0.45654796280755766,0.05860706415855149
0.5129085093300529,0.07207526310090749
0.5762267283493882,0.08911626861386104
0.6473615399712076,0.11071770091395103
0.7272778974247632,0.13789261395056795
0.8170598767824696,0.17156057002869202
0.9179253825967483,0.2124068533391056
1.0312426689380967,0.2607360639458946
1.1585488999444697,0.3163427367528333
1.3015710016583038,0.37842571787764145
1.4622490880091454,0.445572055563534
1.6427627787184707,0.5158279728204207
1.8455607661325835,0.5868590330896681
2.0733940320616497,0.6561818353209987
2.329353165215711,0.7214309935903014
2.6169102854537,0.7806139967086279
2.9399661435534976,0.832307202643797
3.3029030354176987,0.8757592408162238
3.710644248503383,0.9108896974352612
4.168720846874621,0.9381944567428652
4.683346700825936,0.9585874748547695
5.261502778863538,0.9732173777768439
5.911031845476362,0.983295138283701
6.64074484928479,0.9899587603585912
7.4605404447366075,0.994186952110587
8.381539268677866,0.9967607990348097
9.416234793278331,0.9982635613808055
10.578662801651687,0.9991049221348859
11.884591785129816,0.9995565403213997
13.351736844955687,0.999788909227085
15.0,0.9999034945272379
