SA(0.3s) [g],Loss_ratio
0.05000000000000001,4.0098067721044966e-05
0.056172467201025755,7.293259500612548e-05
0.06310692142900626,0.00012879695250869183
0.07089742948257126,0.00022089443257221065
0.07964967064493539,0.0003680341692037348
0.08948237023750269,0.000595893776751233
0.10052891014472326,0.0009380166100689591
0.11293913815718663,0.001436267552256604
0.1268814006769336,0.002140495375668472
0.14254482635890514,0.003107277941322301
0.16014189166643014,0.004397878577398701
0.17991130314285533,0.006075904337073984
0.2021212354977168,0.008205569817320957
0.2270729694325259,0.0108518268738951
0.2551049785537617,0.014083782331650231
0.28659752081259104,0.017982655290133043
0.3219777967548112,0.02265493006021068
0.36172574455336326,0.028250333576395784
0.4063805504338082,0.03498291285067364
0.45654796280755766,0.04315202590247162
0.5129085093300529,0.05315878836393046
0.5762267283493882,0.06551276815941412
0.6473615399712076,0.08082379104720541
0.7272778974247632,0.09977481548460274
0.8170598767824696,0.12307401373908615
0.9179253825967483,0.15138732454544168
1.0312426689380967,0.18525647020053354
1.1585488999444697,0.2250111883849038
1.3015710016583038,0.2706874732702581
1.4622490880091454,0.3219651460764225
1.6427627787184707,0.3781373944408053
1.8455607661325835,0.4381216844322808
2.0733940320616497,0.5005158481050278
2.329353165215711,0.5636960000247021
2.6169102854537,0.6259455935161372
2.9399661435534976,0.6855990000399588
3.3029030354176987,0.7411799237616844
3.710644248503383,0.7915155914753267
4.168720846874621,0.8358119460921581
4.683346700825936,0.8736820691419582
5.261502778863538,0.9051281556613572
5.911031845476362,0.930484752492103
6.64074484928479,0.9503361370305499
7.4605404447366075,0.9654228273961111
8.381539268677866,0.9765512728889096
9.416234793278331,0.9845174860461011
10.578662801651687,0.9900508693703713
11.884591785129816,0.9937799347848261
13.351736844955687,0.9962179290472999
15.0,0.9977640569919369
