SA(1.0s) [g],Loss_ratio
0.05000000000000001,4.259842478759879e-12
0.056172467201025755,2.0606094608410787e-11
0.06310692142900626,9.445264570473456e-11
0.07089742948257126,4.1037942488664214e-10
0.07964967064493539,1.6906581912223827e-09
0.08948237023750269,6.6066143500354e-09
0.10052891014472326,2.449725691744398e-08
0.11293913815718663,8.622659125046007e-08
0.1268814006769336,2.8822163852249003e-07
0.14254482635890514,9.15282254609906e-07
0.16014189166643014,2.7625601832170773e-06
0.17991130314285533,7.928369662002498e-06
0.2021212354977168,2.164507342843347e-05
0.2270729694325259,5.6237207694376234e-05
0.2551049785537617,0.0001391112088381996
0.28659752081259104,0.00032775957087365364
0.3219777967548112,0.0007358372797081959
0.36172574455336326,0.0015747720141583155
0.4063805504338082,0.003213954278339287
0.45654796280755766,0.0062578935660147885
0.5129085093300529,0.01162979951559801
0.5762267283493882,0.0206384112653478
0.6473615399712076,0.03499195348781266
0.7272778974247632,0.05671649073474108
0.8170598767824696,0.08794399296503361
0.9179253825967483,0.13056402971022918
1.0312426689380967,0.185780333086055
1.1585488999444697,0.25366632061409033
1.3015710016583038,0.3328494106362919
1.4622490880091454,0.4204494814523901
1.6427627787184707,0.5123415945730567
1.8455607661325835,0.6037190700294548
2.0733940320616497,0.6898337057241924
2.329353165215711,0.7667266696223376
2.6169102854537,0.8317648861782273
2.9399661435534976,0.8838639000071793
3.3029030354176987,0.9233806904820995
3.710644248503383,0.9517561831191522
4.168720846874621,0.9710420306452188
4.683346700825936,0.9834470381822217
5.261502778863538,0.9909971406749856
5.911031845476362,0.9953446996164882
6.64074484928479,0.997712901199067
7.4605404447366075,0.9989330709274981
8.381539268677866,0.9995276393135415
9.416234793278331,0.9998016190325835
10.578662801651687,0.9999209981209499
11.884591785129816,0.9999701785632903
13.351736844955687,0.9999893332327578
15.0,0.9999963857002657
