SA(0.6s) [g],Loss_ratio
0.05000000000000001,7.735956319976369e-12
0.056172467201025755,3.544660676091383e-11
0.06310692142900626,1.535166549437861e-10
0.07089742948257126,6.285123310689756e-10
0.07964967064493539,2.432844364852471e-09
0.08948237023750269,8.904973636258972e-09
0.10052891014472326,3.082884227900707e-08
0.11293913815718663,1.0097001080788815e-07
0.1268814006769336,3.129407726842892e-07
0.14254482635890514,9.181523025370009e-07
0.16014189166643014,2.5511068728167887e-06
0.17991130314285533,6.716146314272864e-06
0.2021212354977168,1.6763027492638918e-05
0.2270729694325259,3.9696057086835436e-05
0.2551049785537617,8.926872235758832e-05
0.28659752081259104,0.00019085000719714086
0.3219777967548112,0.0003884353109337824
0.36172574455336326,0.0007538791137719493
0.4063805504338082,0.001398025882009063
0.45654796280755766,0.002483143089704948
0.5129085093300529,0.004236235646404074
0.5762267283493882,0.006963621745487103
0.6473615399712076,0.011068284244326076
0.7272778974247632,0.017072015394658215
0.8170598767824696,0.025642820043263608
0.9179253825967483,0.03762330454444732
1.0312426689380967,0.0540481075113921
1.1585488999444697,0.07613026516073326
1.3015710016583038,0.10519221933884991
1.4622490880091454,0.14252198910725125
1.6427627787184707,0.18915188825732895
1.8455607661325835,0.24558456779732596
2.0733940320616497,0.3115216822948585
2.329353165215711,0.3856719992689379
2.6169102854537,0.46571565411560195
2.9399661435534976,0.5484725316004511
3.3029030354176987,0.6302695444819105
3.710644248503383,0.7074401968985615
4.168720846874621,0.7768435029300635
4.683346700825936,0.8362779961515372
5.261502778863538,0.8846966648997577
5.911031845476362,0.9221890925929495
6.64074484928479,0.9497641371865784
7.4605404447366075,0.9690151439687716
8.381539268677866,0.9817651066954269
9.416234793278331,0.9897719746332747
10.578662801651687,0.9945375726492602
11.884591785129816,0.9972247455115485
13.351736844955687,0.9986596968051401
15.0,0.9993851301462043
