SA(1.0s) [g],Loss_ratio
0.05000000000000001,4.979350265443827e-15
0.056172467201025755,3.780309398848658e-14
0.06310692142900626,2.6911806116913795e-13
0.07089742948257126,1.7877366254026583e-12
0.07964967064493539,1.1082212925117575e-11
0.08948237023750269,6.412944064670967e-11
0.10052891014472326,3.465429998517067e-10
0.11293913815718663,1.749400185824257e-09
0.1268814006769336,8.253216371434392e-09
0.14254482635890514,3.6402769426624463e-08
0.16014189166643014,1.501765349520845e-07
0.17991130314285533,5.79707250325523e-07
0.2021212354977168,2.0947835397355786e-06
0.2270729694325259,7.088912690889071e-06
0.2551049785537617,2.2475930094428834e-05
0.28659752081259104,6.679475901798515e-05
0.3219777967548112,0.00018614255594051054
0.36172574455336326,0.0004866587733465211
0.4063805504338082,0.0011942214479175152
0.45654796280755766,0.0027519877580656103
0.5129085093300529,0.005958686442983791
0.5762267283493882,0.012130214185473647
0.6473615399712076,0.023233457094669636
0.7272778974247632,0.041904098291104794
0.8170598767824696,0.07124263240422056
0.9179253825967483,0.1143146563726487
1.0312426689380967,0.17337970214146525
1.1585488999444697,0.2490177062348699
1.3015710016583038,0.3394486368526338
1.4622490880091454,0.4403631846703272
1.6427627787184707,0.5454489005006795
1.8455607661325835,0.6475386721731755
2.0733940320616497,0.7400443062170583
2.329353165215711,0.8182078689701257
2.6169102854537,0.8797819716054138
2.9399661435534976,0.9249948003474726
3.3029030354176987,0.9559342378551318
3.710644248503383,0.9756617650587563
4.168720846874621,0.9873802026354229
4.683346700825936,0.9938640936701568
5.261502778863538,0.997205331016625
5.911031845476362,0.9988086708063849
6.64074484928479,0.9995250376565856
7.4605404447366075,0.9998230167955131
8.381539268677866,0.9999383963868089
9.416234793278331,0.9999799798240919
10.578662801651687,0.9999939280342696
11.884591785129816,0.9999982819945314
13.351736844955687,0.999999546678417
15.0,0.9999998884823127
