SA(1.0s) [g],Loss_ratio
0.05000000000000001,2.844655314352407e-05
0.056172467201025755,5.9592317727791276e-05
0.06310692142900626,0.00011964286378463031
0.07089742948257126,0.00023034363344736077
0.07964967064493539,0.00042557410326375943
0.08948237023750269,0.0007552246796438289
0.10052891014472326,0.0012887456802330001
0.11293913815718663,0.002117658019937735
0.1268814006769336,0.003356571751327392
0.14254482635890514,0.005142994587300564
0.16014189166643014,0.007637370125366117
0.17991130314285533,0.01102601739109193
0.2021212354977168,0.015530325383554951
0.2270729694325259,0.021424969892721673
0.2551049785537617,0.029065576545886023
0.28659752081259104,0.038922235739332706
0.3219777967548112,0.05161041335346837
0.36172574455336326,0.06790656962715502
0.4063805504338082,0.0887339260608836
0.45654796280755766,0.11510576259191757
0.5129085093300529,0.14802007691476365
0.5762267283493882,0.18830998254923959
0.6473615399712076,0.23646717949038443
0.7272778974247632,0.29246828467641733
0.8170598767824696,0.3556419731384852
0.9179253825967483,0.4246149680826157
1.0312426689380967,0.4973645247784143
1.1585488999444697,0.5713846553817046
1.3015710016583038,0.6439471252668301
1.4622490880091454,0.7124134851605457
1.6427627787184707,0.7745391674020362
1.8455607661325835,0.8287106897654823
2.0733940320616497,0.8740730292663227
2.329353165215711,0.9105313850523036
2.6169102854537,0.938641147698597
2.9399661435534976,0.959422851065173
3.3029030354176987,0.9741491966788478
3.710644248503383,0.9841478718433191
4.168720846874621,0.9906504055031689
4.683346700825936,0.9946997788771489
5.261502778863538,0.9971138061534988
5.911031845476362,0.9984911426661366
6.64074484928479,0.9992430859680761
7.4605404447366075,0.9996358115221092
8.381539268677866,0.9998319991594163
9.416234793278331,0.9999257248680762
10.578662801651687,0.999968538583504
11.884591785129816,0.999987236035254
13.351736844955687,0.9999950415362222
15.0,0.9999981560226766
