SA(1.0s) [g],Loss_ratio
0.05000000000000001,8.7122895459818e-05
0.056172467201025755,0.00017162143332611902
0.06310692142900626,0.00032414355267103013
0.07089742948257126,0.00058747154123312
0.07964967064493539,0.0010227372382423771
0.08948237023750269,0.0017124714974332434
0.10052891014472326,0.0027622042679950887
0.11293913815718663,0.004300499127665303
0.1268814006769336,0.0064783616480012084
0.14254482635890514,0.009470303213497617
0.16014189166643014,0.013480423392689985
0.17991130314285533,0.018756936490730996
0.2021212354977168,0.025616935637224378
0.2270729694325259,0.034479647776932076
0.2551049785537617,0.04590152388193983
0.28659752081259104,0.06060154342730993
0.3219777967548112,0.07946187559580725
0.36172574455336326,0.10348926175798602
0.4063805504338082,0.13372728022661837
0.45654796280755766,0.17111909535453568
0.5129085093300529,0.21633315616479287
0.5762267283493882,0.26957802300823946
0.6473615399712076,0.33044336081006165
0.7272778974247632,0.3978079930360743
0.8170598767824696,0.4698494382589734
0.9179253825967483,0.5441716940113968
1.0312426689380967,0.61804208662138
1.1585488999444697,0.6887004292784114
1.3015710016583038,0.7536831444172672
1.4622490880091454,0.8110987977654289
1.6427627787184707,0.8598025900641086
1.8455607661325835,0.8994426398203409
2.0733940320616497,0.9303822088114722
2.329353165215711,0.9535294188574789
2.6169102854537,0.9701216630628444
2.9399661435534976,0.9815128868735066
3.3029030354176987,0.9890005693808315
3.710644248503383,0.9937114641282457
4.168720846874621,0.9965475400283813
4.683346700825936,0.9981808972434365
5.261502778863538,0.9990805883997181
5.911031845476362,0.9995544629686056
6.64074484928479,0.999793083363199
7.4605404447366075,0.9999079382692043
8.381539268677866,0.9999607729989629
9.416234793278331,0.999983997877434
10.578662801651687,0.9999937521073754
11.884591785129816,0.9999976657821413
13.351736844955687,0.9999991657431927
15.0,0.9999997148215988
