SA(0.6s) [g],Loss_ratio
0.05000000000000001,3.3272273824991317e-13
0.056172467201025755,2.062716664141817e-12
0.06310692142900626,1.1912759667609406e-11
0.07089742948257126,6.410101893727925e-11
0.07964967064493539,3.214195742895498e-10
0.08948237023750269,1.5021858423835967e-09
0.10052891014472326,6.5452010866717815e-09
0.11293913815718663,2.6594665508694603e-08
0.1268814006769336,1.0080631138165153e-07
0.14254482635890514,3.5660212104327017e-07
0.16014189166643014,1.1778906449433359e-06
0.17991130314285533,3.635166010956814e-06
0.2021212354977168,1.0490127828877152e-05
0.2270729694325259,2.8333299628097162e-05
0.2551049785537617,7.17136541355634e-05
0.28659752081259104,0.00017035559455119698
0.3219777967548112,0.00038052834874773846
0.36172574455336326,0.0008011594569809821
0.4063805504338082,0.001594443795418299
0.45654796280755766,0.0030100175119846585
0.5129085093300529,0.005412064432458475
0.5762267283493882,0.009310367940279951
0.6473615399712076,0.015398123426686889
0.7272778974247632,0.024598065420306084
0.8170598767824696,0.038110256157715426
0.9179253825967483,0.0574385943460774
1.0312426689380967,0.0843540508260705
1.1585488999444697,0.12074336062362032
1.3015710016583038,0.16830746272919692
1.4622490880091454,0.22812237320092876
1.6427627787184707,0.30014741187963
1.8455607661325835,0.38283263771211407
2.0733940320616497,0.47299901899544083
2.329353165215711,0.5661117120585537
2.6169102854537,0.6569427298442112
2.9399661435534976,0.7404700630513615
3.3029030354176987,0.8127560664952566
3.710644248503383,0.871544709724313
4.168720846874621,0.9164216425759275
4.683346700825936,0.9485430828306016
5.261502778863538,0.9700818343506105
5.911031845476362,0.9836013193778076
6.64074484928479,0.9915393876386092
7.4605404447366075,0.995896709889333
8.381539268677866,0.9981315121087384
9.416234793278331,0.9992019535924654
10.578662801651687,0.9996805875260728
11.884591785129816,0.9998802943991697
13.351736844955687,0.9999580231447256
15.0,0.9999862352625855
