SA(1.0s) [g],Loss_ratio
0.05000000000000001,0.005209937533651732
0.056172467201025755,0.007934059766412628
0.06310692142900626,0.011539090048188462
0.07089742948257126,0.01609821569456682
0.07964967064493539,0.021667132241290406
0.08948237023750269,0.02833761861334272
0.10052891014472326,0.036320990612045266
0.11293913815718663,0.046044057471690845
0.1268814006769336,0.058230441831727056
0.14254482635890514,0.07393811733746791
0.16014189166643014,0.09452999536025025
0.17991130314285533,0.12156500092769258
0.2021212354977168,0.15660862613638948
0.2270729694325259,0.20097396836113077
0.2551049785537617,0.2554198009403437
0.28659752081259104,0.31985351197392714
0.3219777967548112,0.39310917421673613
0.36172574455336326,0.4728813032460897
0.4063805504338082,0.5558773531090193
0.45654796280755766,0.6382005507528572
0.5129085093300529,0.715901844850407
0.5762267283493882,0.785574811725311
0.6473615399712076,0.8448419840468399
0.7272778974247632,0.8926108859627464
0.8170598767824696,0.929052390643342
0.9179253825967483,0.9553409187977021
1.0312426689380967,0.9732595171206456
1.1585488999444697,0.984791392048642
1.3015710016583038,0.9917943100237431
1.4622490880091454,0.9958047876584841
1.6427627787184707,0.9979696562425423
1.8455607661325835,0.9990706593631554
2.0733940320616497,0.9995979994252491
2.329353165215711,0.9998357821885528
2.6169102854537,0.9999366880692198
2.9399661435534976,0.9999769758813786
3.3029030354176987,0.9999921059436528
3.710644248503383,0.9999974493617348
4.168720846874621,0.99999922364203
4.683346700825936,0.9999997774684257
5.261502778863538,0.9999999399509036
5.911031845476362,0.9999999847492902
6.64074484928479,0.9999999963554913
7.4605404447366075,0.9999999991806651
8.381539268677866,0.999999999826749
9.416234793278331,0.9999999999655484
10.578662801651687,0.9999999999935584
11.884591785129816,0.9999999999988677
13.351736844955687,0.9999999999998129
15.0,0.9999999999999709
