SA(1.0s) [g],Loss_ratio
0.05000000000000001,1.665334536937735e-17
0.056172467201025755,2.5535129566378603e-16
0.06310692142900626,2.930988785010413e-15
0.07089742948257126,3.066435994014682e-14
0.07964967064493539,2.9131697054651793e-13
0.08948237023750269,2.5135560299816005e-12
0.10052891014472326,1.9735457712499736e-11
0.11293913815718663,1.4109037271836656e-10
0.1268814006769336,9.191094718641324e-10
0.14254482635890514,5.460588442529612e-09
0.16014189166643014,2.9617589047958862e-08
0.17991130314285533,1.4682181565528476e-07
0.2021212354977168,6.660596802099406e-07
0.2270729694325259,2.7690166405414106e-06
0.2551049785537617,1.0565449171473505e-05
0.28659752081259104,3.705973469630974e-05
0.3219777967548112,0.00011970084609612132
0.36172574455336326,0.00035662218460510433
0.4063805504338082,0.0009816490640569054
0.45654796280755766,0.002500490640033287
0.5129085093300529,0.0059026611129386454
0.5762267283493882,0.012930044038766696
0.6473615399712076,0.026315451797160477
0.7272778974247632,0.049818416489446876
0.8170598767824696,0.0878358995184512
0.9179253825967483,0.1444367014991751
1.0312426689380967,0.22191405338676834
1.1585488999444697,0.31930829470516275
1.3015710016583038,0.43160826267896857
1.4622490880091454,0.550241497393309
1.6427627787184707,0.6649334586232427
1.8455607661325835,0.7663048485647798
2.0733940320616497,0.8481419864633769
2.329353165215711,0.9084362998783199
2.6169102854537,0.9489471302038447
2.9399661435534976,0.9737527053884122
3.3029030354176987,0.9875870326198662
3.710644248503383,0.9946108530395675
4.168720846874621,0.9978557169128877
4.683346700825936,0.9992192011572081
5.261502778863538,0.999740127012247
5.911031845476362,0.9999210241340832
6.64074484928479,0.9999781048256324
7.4605404447366075,0.9999944666883577
8.381539268677866,0.9999987261731649
9.416234793278331,0.9999997330272536
10.578662801651687,0.9999999490869982
11.884591785129816,0.9999999911692766
13.351736844955687,0.999999998607507
15.0,0.9999999998004453
