SA(0.6s) [g],Loss_ratio
0.05000000000000001,1.6935220661928876e-07
0.056172467201025755,4.693036573522047e-07
0.06310692142900626,1.240863344870169e-06
0.07089742948257126,3.131071249434792e-06
0.07964967064493539,7.541685928241782e-06
0.08948237023750269,1.7345117835276812e-05
0.10052891014472326,3.8103994083460437e-05
0.11293913815718663,7.998897173370214e-05
0.1268814006769336,0.00016053783303662252
0.14254482635890514,0.00030823660648570116
0.16014189166643014,0.0005666143450775152
0.17991130314285533,0.000998178813885209
0.2021212354977168,0.0016872332386020372
0.2270729694325259,0.0027406483649407396
0.2551049785537617,0.004286269224610063
0.28659752081259104,0.006469906700813599
0.3219777967548112,0.009453562224542716
0.36172574455336326,0.013419010676412902
0.4063805504338082,0.01858119499724167
0.45654796280755766,0.025214229553964553
0.5129085093300529,0.03368889663004037
0.5762267283493882,0.04451498227800874
0.6473615399712076,0.0583761422106224
0.7272778974247632,0.07614117359881832
0.8170598767824696,0.0988353679734873
0.9179253825967483,0.12756008013978473
1.0312426689380967,0.16335781670365684
1.1585488999444697,0.20703301009615782
1.3015710016583038,0.2589530666776654
1.4622490880091454,0.31886694528067583
1.6427627787184707,0.3857851812138974
1.8455607661325835,0.45796173382711913
2.0733940320616497,0.5330020328588404
2.329353165215711,0.6080947671327235
2.6169102854537,0.680333681063427
2.9399661435534976,0.7470696496245591
3.3029030354176987,0.80622209863915
3.710644248503383,0.8564874721265759
4.168720846874621,0.897408831728868
4.683346700825936,0.9293060696786164
5.261502778863538,0.9530988346458193
5.911031845476362,0.9700741583972172
6.64074484928479,0.9816535815556748
7.4605404447366075,0.9892024997504306
8.381539268677866,0.9939042654737352
9.416234793278331,0.9967011819905494
10.578662801651687,0.9982897894707815
11.884591785129816,0.9991511000539165
13.351736844955687,0.9995967630520028
15.0,0.9998167837846842
