SA(0.3s) [g],Loss_ratio
0.05000000000000001,3.600653353252881e-09
0.056172467201025755,1.1036759217653014e-08
0.06310692142900626,3.242178559514919e-08
0.07089742948257126,9.129033555765887e-08
0.07964967064493539,2.4641737649266916e-07
0.08948237023750269,6.377541293289824e-07
0.10052891014472326,1.5829254124632984e-06
0.11293913815718663,3.7687618793857957e-06
0.1268814006769336,8.609813772308962e-06
0.14254482635890514,1.8879744004768333e-05
0.16014189166643014,3.975456993671745e-05
0.17991130314285533,8.042415871274412e-05
0.2021212354977168,0.00015640929784831447
0.2270729694325259,0.00029264643604116073
0.2551049785537617,0.0005272673256061456
0.28659752081259104,0.0009158379500599002
0.3219777967548112,0.001535709750896136
0.36172574455336326,0.002490193655086814
0.4063805504338082,0.00391260250934481
0.45654796280755766,0.0059708384670281115
0.5129085093300529,0.008873967254351666
0.5762267283493882,0.012882738210332352
0.6473615399712076,0.018325737856900254
0.7272778974247632,0.025621306714378584
0.8170598767824696,0.03530233684788022
0.9179253825967483,0.04803703643159268
1.0312426689380967,0.06463483901441673
1.1585488999444697,0.08602451891647139
1.3015710016583038,0.11319296995570668
1.4622490880091454,0.14707910909248723
1.6427627787184707,0.1884277934981241
1.8455607661325835,0.23762163068979286
2.0733940320616497,0.2945207019238248
2.329353165215711,0.35834728944157085
2.6169102854537,0.42765099283699654
2.9399661435534976,0.5003774898467354
3.3029030354176987,0.5740432241841587
3.710644248503383,0.6459934588670555
4.168720846874621,0.7136995564079069
4.683346700825936,0.7750399696198181
5.261502778863538,0.8285123211421688
5.911031845476362,0.8733405737321185
6.64074484928479,0.9094665226448303
7.4605404447366075,0.9374408728335744
8.381539268677866,0.9582484625147958
9.416234793278331,0.9731101657838409
10.578662801651687,0.9833002627602703
11.884591785129816,0.9900059108605878
13.351736844955687,0.9942399612797607
15.0,0.9968046416391446
