SA(0.6s) [g],Loss_ratio
0.05000000000000001,5.799427049701933e-11
0.056172467201025755,2.463040826850005e-10
0.06310692142900626,9.889308261179508e-10
0.07089742948257126,3.754329130911671e-09
0.07964967064493539,1.3478620353168936e-08
0.08948237023750269,4.577120872317764e-08
0.10052891014472326,1.470536986514226e-07
0.11293913815718663,4.471140382045213e-07
0.1268814006769336,1.2869620934330417e-06
0.14254482635890514,3.508285105069398e-06
0.16014189166643014,9.061921235914427e-06
0.17991130314285533,2.2192407435905893e-05
0.2021212354977168,5.1566768433503055e-05
0.2270729694325259,0.00011379282838634431
0.2551049785537617,0.00023874347871620795
0.28659752081259104,0.00047690061792369793
0.3219777967548112,0.0009085575269001333
0.36172574455336326,0.0016543176707336572
0.4063805504338082,0.002886209435114695
0.45654796280755766,0.004839243836456604
0.5129085093300529,0.007824460078980688
0.5762267283493882,0.012245911594460259
0.6473615399712076,0.01862439502042949
0.7272778974247632,0.0276284267321623
0.8170598767824696,0.04010703898514497
0.9179253825967483,0.057110154894003326
1.0312426689380967,0.0798737443560859
1.1585488999444697,0.10974366819652528
1.3015710016583038,0.14801912010171953
1.4622490880091454,0.1957162649603161
1.6427627787184707,0.25328235752577893
1.8455607661325835,0.32032165280926306
2.0733940320616497,0.3954139395923365
2.329353165215711,0.4761021714634864
2.6169102854537,0.5590918608901926
2.9399661435534976,0.6406478694094953
3.3029030354176987,0.717112214018268
3.710644248503383,0.7854234552324274
4.168720846874621,0.8435129572414057
4.683346700825936,0.8904897375168481
5.261502778863538,0.9265899305396531
5.911031845476362,0.9529338193494387
6.64074484928479,0.9711783638884006
7.4605404447366075,0.9831633386599339
8.381539268677866,0.9906275737049385
9.416234793278331,0.9950330421458816
10.578662801651687,0.9974961905682793
11.884591785129816,0.9988003484770428
13.351736844955687,0.9994540429046493
15.0,0.9997641425491691
