SA(0.3s) [g],Loss_ratio
0.05000000000000001,1.4157956825783247e-05
0.056172467201025755,2.8094328563699203e-05
0.06310692142900626,5.390509238555885e-05
0.07089742948257126,0.000100030153690589
0.07964967064493539,0.00017957024304351976
0.08948237023750269,0.0003119402359530455
0.10052891014472326,0.0005245623388401399
0.11293913815718663,0.0008542729944905626
0.1268814006769336,0.0013480116341207994
0.14254482635890514,0.002062342374584747
0.16014189166643014,0.0030615000663108743
0.17991130314285533,0.0044139984571150434
0.2021212354977168,0.006188386486947822
0.2270729694325259,0.008449404336777605
0.2551049785537617,0.011256402446364768
0.28659752081259104,0.014666212719054378
0.3219777967548112,0.018742470457270618
0.36172574455336326,0.023572527734046795
0.4063805504338082,0.02929157637667614
0.45654796280755766,0.03611160225641211
0.5129085093300529,0.04435068195553635
0.5762267283493882,0.0544563673986848
0.6473615399712076,0.06701594680414102
0.7272778974247632,0.08274659824666661
0.8170598767824696,0.10246009212758757
0.9179253825967483,0.12699978837591303
1.0312426689380967,0.1571520267758898
1.1585488999444697,0.1935391687697167
1.3015710016583038,0.23650674885070355
1.4622490880091454,0.28602136523767135
1.6427627787184707,0.34159784922017145
1.8455607661325835,0.40227279738014965
2.0733940320616497,0.46663617359418175
2.329353165215711,0.5329237698809514
2.6169102854537,0.5991623513594933
2.9399661435534976,0.6633487040498869
3.3029030354176987,0.7236362622345169
3.710644248503383,0.7785006857331852
4.168720846874621,0.8268595529306725
4.683346700825936,0.8681304172614029
5.261502778863538,0.9022235433585789
5.911031845476362,0.9294776293253106
6.64074484928479,0.9505558726897676
7.4605404447366075,0.9663240421232852
8.381539268677866,0.9777314480657787
9.416234793278331,0.9857109108568106
10.578662801651687,0.9911068966933037
11.884591785129816,0.9946339636423337
13.351736844955687,0.9968621071728614
15.0,0.9982223135906475
