SA(1.0s) [g],Loss_ratio
0.05000000000000001,3.885780586188048e-17
0.056172467201025755,5.107025913275721e-16
0.06310692142900626,5.789813073420191e-15
0.07089742948257126,5.891398480173394e-14
0.07964967064493539,5.43448619438891e-13
0.08948237023750269,4.555877897161054e-12
0.10052891014472326,3.474109333545528e-11
0.11293913815718663,2.4114301666600115e-10
0.1268814006769336,1.5247679285845806e-09
0.14254482635890514,8.790717331841337e-09
0.16014189166643014,4.6258299341017664e-08
0.17991130314285533,2.224429987818244e-07
0.2021212354977168,9.78813807939183e-07
0.2270729694325259,3.947233822970686e-06
0.2551049785537617,1.4612464083685328e-05
0.28659752081259104,4.9748085576606374e-05
0.3219777967548112,0.00015605513025503394
0.36172574455336326,0.00045193287783469875
0.4063805504338082,0.0012105989460696575
0.45654796280755766,0.0030050698729275293
0.5129085093300529,0.0069242091904945955
0.5762267283493882,0.014832088833504158
0.6473615399712076,0.029575446947680314
0.7272778974247632,0.0549651426051336
0.8170598767824696,0.0953229191318696
0.9179253825967483,0.15447248618031997
1.0312426689380967,0.23430541660080936
1.1585488999444697,0.3333931002741938
1.3015710016583038,0.44633439549240317
1.4622490880091454,0.5643899113702935
1.6427627787184707,0.6774114652293186
1.8455607661325835,0.7763956518978793
2.0733940320616497,0.8556164714491697
2.329353165215711,0.9135022955228405
2.6169102854537,0.9520858955023789
2.9399661435534976,0.975528854206302
3.3029030354176987,0.988504259267749
3.710644248503383,0.9950428037666481
4.168720846874621,0.9980410982890233
4.683346700825936,0.9992916638031792
5.261502778863538,0.999765910698291
5.911031845476362,0.999929371450793
6.64074484928479,0.9999805625173973
7.4605404447366075,0.9999951245144906
8.381539268677866,0.9999988861796767
9.416234793278331,0.9999997683830131
10.578662801651687,0.999999956181861
11.884591785129816,0.9999999924618809
13.351736844955687,0.9999999988212596
15.0,0.9999999998325212
