SA(1.0s) [g],Loss_ratio
0.05000000000000001,2.8824749557232465e-06
0.056172467201025755,7.1168160651502445e-06
0.06310692142900626,1.675034369088002e-05
0.07089742948257126,3.7600548816069114e-05
0.07964967064493539,8.054900181153625e-05
0.08948237023750269,0.00016479569213824765
0.10052891014472326,0.0003222942917620708
0.11293913815718663,0.0006032238338604667
0.1268814006769336,0.001082034969682033
0.14254482635890514,0.0018633923101282368
0.16014189166643014,0.0030874665242290214
0.17991130314285533,0.004934725243244626
0.2021212354977168,0.007631613674848592
0.2270729694325259,0.011459867957482939
0.2551049785537617,0.01677278287090473
0.28659752081259104,0.024020490645926713
0.3219777967548112,0.033782487794395966
0.36172574455336326,0.04679954267366991
0.4063805504338082,0.06399034593374428
0.45654796280755766,0.08643360807672815
0.5129085093300529,0.11529689339493333
0.5762267283493882,0.1517015632146697
0.6473615399712076,0.19652891848205667
0.7272778974247632,0.25019317924315954
0.8170598767824696,0.31242660703259356
0.9179253825967483,0.382133450963553
1.0312426689380967,0.45736577148602686
1.1585488999444697,0.535452648099813
1.3015710016583038,0.6132781665480511
1.4622490880091454,0.6876628438590499
1.6427627787184707,0.7557714584397626
1.8455607661325835,0.8154596669958218
2.0733940320616497,0.8654872559850922
2.329353165215711,0.905562505039831
2.6169102854537,0.9362269979477298
2.9399661435534976,0.9586278942242831
3.3029030354176987,0.9742438011724059
3.710644248503383,0.9846277984891024
4.168720846874621,0.991211935912348
4.683346700825936,0.9951914241065422
5.261502778863538,0.997483453739186
5.911031845476362,0.9987411058877533
6.64074484928479,0.9993983722340697
7.4605404447366075,0.9997254609476212
8.381539268677866,0.9998804297774748
9.416234793278331,0.999950316857174
10.578662801651687,0.9999803118936617
11.884591785129816,0.9999925618511962
13.351736844955687,0.9999973216781539
15.0,0.9999990810731124
