SA(0.6s) [g],Loss_ratio
0.05000000000000001,4.327045310947852e-09
0.056172467201025755,1.5140544257219448e-08
0.06310692142900626,5.019328217503727e-08
0.07089742948257126,1.576865467423083e-07
0.07964967064493539,4.6956516867591174e-07
0.08948237023750269,1.3257968090873986e-06
0.10052891014472326,3.550514101219315e-06
0.11293913815718663,9.022446760992287e-06
0.1268814006769336,2.1767209725354064e-05
0.14254482635890514,4.9889014231957467e-05
0.16014189166643014,0.00010871135420342794
0.17991130314285533,0.00022544460280135573
0.2021212354977168,0.00044548292820899006
0.2270729694325259,0.0008400575903335206
0.2551049785537617,0.0015145765493875419
0.28659752081259104,0.0026168557492987467
0.3219777967548112,0.0043449461307983215
0.36172574455336326,0.006955535263887203
0.4063805504338082,0.010775585950443029
0.45654796280755766,0.016220909608286406
0.5129085093300529,0.023824256524362614
0.5762267283493882,0.03427103220563905
0.6473615399712076,0.048433010420926965
0.7272778974247632,0.06738151087867059
0.8170598767824696,0.09235541979815201
0.9179253825967483,0.12466079790839747
1.0312426689380967,0.16549095288853388
1.1585488999444697,0.21567863524870196
1.3015710016583038,0.2754205835576602
1.4622490880091454,0.3440396713238827
1.6427627787184707,0.4198600624742006
1.8455607661325835,0.5002571863866261
2.0733940320616497,0.5819056239816827
2.329353165215711,0.6611933343463083
2.6169102854537,0.7347182248716715
2.9399661435534976,0.7997532695640075
3.3029030354176987,0.8545724330448161
3.710644248503383,0.8985706024093374
4.168720846874621,0.932171123104198
4.683346700825936,0.9565715060520762
5.261502778863538,0.9734117393404503
5.911031845476362,0.9844522323427813
6.64074484928479,0.9913249468286532
7.4605404447366075,0.9953856150432204
8.381539268677866,0.9976619845801049
9.416234793278331,0.998872375105195
10.578662801651687,0.9994826426572792
11.884591785129816,0.999774327120529
13.351736844955687,0.9999064571044557
15.0,0.9999631711917883
