SA(0.6s) [g],Loss_ratio
0.05000000000000001,1.9127868111645797e-08
0.056172467201025755,6.629265858482114e-08
0.06310692142900626,2.1653717011682616e-07
0.07089742948257126,6.667404469196115e-07
0.07964967064493539,1.9357084601046015e-06
0.08948237023750269,5.3002706062066364e-06
0.10052891014472326,1.369193728990581e-05
0.11293913815718663,3.338073238907114e-05
0.1268814006769336,7.683742966855256e-05
0.14254482635890514,0.00016707481462523987
0.16014189166643014,0.0003433743635479436
0.17991130314285533,0.000667506908780896
0.2021212354977168,0.0012284541744938095
0.2270729694325259,0.0021426819285634336
0.2551049785537617,0.0035470038601810084
0.28659752081259104,0.0055828509713337585
0.3219777967548112,0.008374596497590515
0.36172574455336326,0.012009549137222998
0.4063805504338082,0.01653105680157953
0.45654796280755766,0.021956081547935515
0.5129085093300529,0.028322933917458097
0.5762267283493882,0.03576454505303242
0.6473615399712076,0.04459153972631037
0.7272778974247632,0.055362476678871064
0.8170598767824696,0.06891922515061634
0.9179253825967483,0.086372794864896
1.0312426689380967,0.10903452219605866
1.1585488999444697,0.13829429136211005
1.3015710016583038,0.17545004315727358
1.4622490880091454,0.22149526791998705
1.6427627787184707,0.27688019591505747
1.8455607661325835,0.3412809557515408
2.0733940320616497,0.41343298251414884
2.329353165215711,0.4910960004141397
2.6169102854537,0.5712032464258276
2.9399661435534976,0.6502030963845228
3.3029030354176987,0.7245395100491075
3.710644248503383,0.7911641762774028
4.168720846874621,0.8479534581255875
4.683346700825936,0.8939286951371385
5.261502778863538,0.9292397199875434
5.911031845476362,0.9549430219225049
6.64074484928479,0.9726593458679385
7.4605404447366075,0.9842130288108631
8.381539268677866,0.9913369921422902
9.416234793278331,0.9954875023295136
10.578662801651687,0.9977710643619057
11.884591785129816,0.9989569284186294
13.351736844955687,0.9995379218586191
15.0,0.9998063620788324
