PGA [g],Loss_ratio
0.05000000000000001,1.5423089899657682e-08
0.056172467201025755,6.130143038185487e-08
0.06310692142900626,2.2674046361581547e-07
0.07089742948257126,7.807515467805893e-07
0.07964967064493539,2.503959949196055e-06
0.08948237023750269,7.483937135999153e-06
0.10052891014472326,2.086167028950703e-05
0.11293913815718663,5.428850027614507e-05
0.1268814006769336,0.00013205666597445044
0.14254482635890514,0.0003007719055085845
0.16014189166643014,0.0006428456490702783
0.17991130314285533,0.0012931462610189794
0.2021212354977168,0.0024577035669343552
0.2270729694325259,0.004434832657269945
0.2551049785537617,0.007643329891490297
0.28659752081259104,0.012667846264002405
0.3219777967548112,0.02033248446350567
0.36172574455336326,0.03180194566033516
0.4063805504338082,0.048680590844238925
0.45654796280755766,0.07304082523777028
0.5129085093300529,0.1072861835330048
0.5762267283493882,0.15377226544459452
0.6473615399712076,0.21418894689600204
0.7272778974247632,0.28883422604501874
0.8170598767824696,0.3760265988584121
0.9179253825967483,0.4719332607039095
1.0312426689380967,0.5709877113807316
1.1585488999444697,0.6668546968012365
1.3015710016583038,0.7536688017607218
1.4622490880091454,0.8271464907888474
1.6427627787184707,0.8852217013112043
1.8455607661325835,0.928056455576654
2.0733940320616497,0.957522654217276
2.329353165215711,0.9764184244728276
2.6169102854537,0.9877095475208242
2.9399661435534976,0.9939942414130355
3.3029030354176987,0.9972516083631833
3.710644248503383,0.9988232788575798
4.168720846874621,0.9995290410927363
4.683346700825936,0.9998239300458543
5.261502778863538,0.9999385532372645
5.911031845476362,0.999979993213374
6.64074484928479,0.9999939256123824
7.4605404447366075,0.9999982809769888
8.381539268677866,0.9999995467440415
9.416234793278331,0.9999998886897684
10.578662801651687,0.9999999745481424
11.884591785129816,0.9999999945828137
13.351736844955687,0.999999998927031
15.0,0.9999999998022758
