SA(1.0s) [g],Loss_ratio
0.05000000000000001,2.4843289658055268e-05
0.056172467201025755,5.0133355215981056e-05
0.06310692142900626,9.769735991185802e-05
0.07089742948257126,0.00018399663318326989
0.07964967064493539,0.0003351977803943585
0.08948237023750269,0.0005913145791359543
0.10052891014472326,0.0010113464063133514
0.11293913815718663,0.00167943327839718
0.1268814006769336,0.0027120874696614345
0.14254482635890514,0.0042666804184820165
0.16014189166643014,0.0065515127941268075
0.17991130314285533,0.009837833443072251
0.2021212354977168,0.014473870311108052
0.2270729694325259,0.02090004480572923
0.2551049785537617,0.02966292665509806
0.28659752081259104,0.04142329607977366
0.3219777967548112,0.056951465091870046
0.36172574455336326,0.07710171361867038
0.4063805504338082,0.10275844104802599
0.45654796280755766,0.134750309351174
0.5129085093300529,0.17373541740583362
0.5762267283493882,0.22006943116073419
0.6473615399712076,0.27367745217513484
0.7272778974247632,0.33395633049602097
0.8170598767824696,0.39973433303047345
0.9179253825967483,0.4693080010504257
1.0312426689380967,0.540562216598276
1.1585488999444697,0.611161854912144
1.3015710016583038,0.6787865591425122
1.4622490880091454,0.7413690699545399
1.6427627787184707,0.7972957009614061
1.8455607661325835,0.8455357573124095
2.0733940320616497,0.8856826344473826
2.329353165215711,0.9179083837987404
2.6169102854537,0.9428503925807691
2.9399661435534976,0.9614593163857511
3.3029030354176987,0.9748397103837303
3.710644248503383,0.9841097377675575
4.168720846874621,0.9902966372316588
4.683346700825936,0.994273751717628
5.261502778863538,0.9967357957960291
5.911031845476362,0.9982033420424588
6.64074484928479,0.9990455061456618
7.4605404447366075,0.9995107235409679
8.381539268677866,0.9997580775359903
9.416234793278331,0.999884649900511
10.578662801651687,0.9999469763593886
11.884591785129816,0.999976507439
13.351736844955687,0.999989969825956
15.0,0.999995874091335
