SA(1.0s) [g],Loss_ratio
0.05000000000000001,3.2358241265634245e-05
0.056172467201025755,7.037274293484885e-05
0.06310692142900626,0.0001459910904362982
0.07089742948257126,0.0002891538965244522
0.07964967064493539,0.0005473739992733483
0.08948237023750269,0.0009916995323291933
0.10052891014472326,0.0017224619362607718
0.11293913815718663,0.0028740839385236975
0.1268814006769336,0.0046188931644647714
0.14254482635890514,0.007171225554292915
0.16014189166643014,0.010794720149904563
0.17991130314285533,0.01581669473563243
0.2021212354977168,0.022652656772404238
0.2270729694325259,0.03184043311306277
0.2551049785537617,0.04407715780826507
0.28659752081259104,0.06024493460890761
0.3219777967548112,0.08140519806819266
0.36172574455336326,0.10874097131013663
0.4063805504338082,0.1434329871961264
0.45654796280755766,0.18647063517926615
0.5129085093300529,0.23841964211273758
0.5762267283493882,0.2991899366284239
0.6473615399712076,0.36786176126015374
0.7272778974247632,0.44262828025949885
0.8170598767824696,0.5208943562371403
0.9179253825967483,0.599535688113311
1.0312426689380967,0.675279248932239
1.1585488999444697,0.7451291317567742
1.3015710016583038,0.8067454041602431
1.4622490880091454,0.8586947057178539
1.6427627787184707,0.900526952704023
1.8455607661325835,0.9326799426419703
2.0733940320616497,0.9562561433591411
2.329353165215711,0.9727400064240976
2.6169102854537,0.9837247529713454
2.9399661435534976,0.9906990345669476
3.3029030354176987,0.9949163545108246
3.710644248503383,0.9973444458845018
4.168720846874621,0.9986750885404556
4.683346700825936,0.99936901530878
5.261502778863538,0.9997133014842943
5.911031845476362,0.9998757764109484
6.64074484928479,0.9999486934941052
7.4605404447366075,0.9999798086010179
8.381539268677866,0.9999924310083536
9.416234793278331,0.9999972981963997
10.578662801651687,0.9999990818934416
11.884591785129816,0.9999997030748418
13.351736844955687,0.9999999086271985
15.0,0.9999999732506195
