PGA [g],Loss_ratio
0.05000000000000001,7.771561172376097e-17
0.056172467201025755,9.769962616701378e-16
0.06310692142900626,1.0935696792557792e-14
0.07089742948257126,1.1060596882828123e-13
0.07964967064493539,1.0114520332393795e-12
0.08948237023750269,8.364287040762976e-12
0.10052891014472326,6.256178908259358e-11
0.11293913815718663,4.2334757921480564e-10
0.1268814006769336,2.5925246560642988e-09
0.14254482635890514,1.4372827561448532e-08
0.16014189166643014,7.216820658850765e-08
0.17991130314285533,3.2837645483896335e-07
0.2021212354977168,1.3549482638985923e-06
0.2270729694325259,5.074448893038764e-06
0.2551049785537617,1.726971637887598e-05
0.28659752081259104,5.3493442112767516e-05
0.3219777967548112,0.00015113637965502583
0.36172574455336326,0.0003906314655131194
0.4063805504338082,0.0009273410362833301
0.45654796280755766,0.0020330159810409976
0.5129085093300529,0.004145340426173705
0.5762267283493882,0.007931240330549632
0.6473615399712076,0.014383644030077159
0.7272778974247632,0.024975405381978833
0.8170598767824696,0.041857319468622124
0.9179253825967483,0.06799319679593957
1.0312426689380967,0.10701463208355383
1.1585488999444697,0.16255995329334993
1.3015710016583038,0.2370457157039687
1.4622490880091454,0.3301933221064051
1.6427627787184707,0.43799189939066563
1.8455607661325835,0.5528139441722394
2.0733940320616497,0.6649505562378937
2.329353165215711,0.7650892319412474
2.6169102854537,0.8466962277506965
2.9399661435534976,0.9072958104757435
3.3029030354176987,0.948251307183938
3.710644248503383,0.9734184897537256
4.168720846874621,0.9874688040214543
4.683346700825936,0.9945902555484628
5.261502778863538,0.9978653624067342
5.911031845476362,0.9992313087020128
6.64074484928479,0.9997477214954984
7.4605404447366075,0.9999246273794755
8.381539268677866,0.9999795201633047
9.416234793278331,0.9999949434855796
10.578662801651687,0.9999988663769027
11.884591785129816,0.9999997693782371
13.351736844955687,0.9999999574497614
15.0,0.9999999928836202
