SA(0.6s) [g],Loss_ratio
0.05000000000000001,0.0007237219414479468
0.056172467201025755,0.001231551145416826
0.06310692142900626,0.002012957121285936
0.07089742948257126,0.0031639546637077243
0.07964967064493539,0.004789496790452785
0.08948237023750269,0.0069958697887745344
0.10052891014472326,0.009884143189617303
0.11293913815718663,0.013549066849516763
0.1268814006769336,0.018088203572407025
0.14254482635890514,0.023624750707273524
0.16014189166643014,0.030344262286973962
0.17991130314285533,0.03854087628135443
0.2021212354977168,0.04866385807822242
0.2270729694325259,0.0613517179602543
0.2551049785537617,0.0774400114744787
0.28659752081259104,0.09793073917488719
0.3219777967548112,0.1239159566030585
0.36172574455336326,0.15645535244190448
0.4063805504338082,0.19641657358558423
0.45654796280755766,0.24429713022094612
0.5129085093300529,0.30005625256490054
0.5762267283493882,0.3629914754805305
0.6473615399712076,0.4316946391989217
0.7272778974247632,0.5041126221816916
0.8170598767824696,0.5777191107675842
0.9179253825967483,0.6497785062174435
1.0312426689380967,0.7176586620627045
1.1585488999444697,0.7791338100832864
1.3015710016583038,0.8326188996376435
1.4622490880091454,0.877292685689566
1.6427627787184707,0.913094390936512
1.8455607661325835,0.9406087087414952
2.0733940320616497,0.9608769590001753
2.329353165215711,0.9751822398376576
2.6169102854537,0.9848524970824206
2.9399661435534976,0.9911113711544478
3.3029030354176987,0.9949887654287451
3.710644248503383,0.9972872970242954
4.168720846874621,0.9985908229105634
4.683346700825936,0.999297870955916
5.261502778863538,0.9996646024579259
5.911031845476362,0.9998464616226187
6.64074484928479,0.9999326670375277
7.4605404447366075,0.9999717221087447
8.381539268677866,0.9999886304481849
9.416234793278331,0.9999956248039149
10.578662801651687,0.9999983889780018
11.884591785129816,0.9999994325114225
13.351736844955687,0.9999998088054736
15.0,0.9999999384007247
