SA(1.0s) [g],Loss_ratio
0.05000000000000001,1.033843945512647e-05
0.056172467201025755,2.3399058910145158e-05
0.06310692142900626,5.06105987133132e-05
0.07089742948257126,0.00010467016661174222
0.07964967064493539,0.00020712690084661036
0.08948237023750269,0.00039250581815277743
0.10052891014472326,0.0007130241012014816
0.11293913815718663,0.0012432962422158577
0.1268814006769336,0.002084292322166975
0.14254482635890514,0.00336607224661199
0.16014189166643014,0.005249633628800394
0.17991130314285533,0.007929512317669602
0.2021212354977168,0.011640118084697877
0.2270729694325259,0.016669369092297083
0.2551049785537617,0.02338209329563857
0.28659752081259104,0.032252322527844726
0.3219777967548112,0.04389826446736194
0.36172574455336326,0.0591077078457287
0.4063805504338082,0.07883708295528967
0.45654796280755766,0.10416681409530276
0.5129085093300529,0.1362008253040598
0.5762267283493882,0.17590953791228572
0.6473615399712076,0.22393187750101065
0.7272778974247632,0.28036901377911816
0.8170598767824696,0.34461548981234624
0.9179253825967483,0.4152764318554769
1.0312426689380967,0.49020875420350524
1.1585488999444697,0.5666996846384215
1.3015710016583038,0.6417627259693508
1.4622490880091454,0.7124989629928855
1.6427627787184707,0.776451373126906
1.8455607661325835,0.8318793452382733
2.0733940320616497,0.877901011722899
2.329353165215711,0.9144856344148475
2.6169102854537,0.9423154431869818
2.9399661435534976,0.9625640735281292
3.3029030354176987,0.9766496671421765
3.710644248503383,0.9860142343871657
4.168720846874621,0.9919624732805397
4.683346700825936,0.9955711356933123
5.261502778863538,0.997661598807737
5.911031845476362,0.9988176289432337
6.64074484928479,0.9994277664990671
7.4605404447366075,0.9997350423696396
8.381539268677866,0.999882677307899
9.416234793278331,0.9999503377396746
10.578662801651687,0.9999799108290462
11.884591785129816,0.9999922365473243
13.351736844955687,0.9999971346076543
15.0,0.9999989901895798
