SA(0.3s) [g],Loss_ratio
0.05000000000000001,2.6714056067245195e-07
0.056172467201025755,6.708527432119915e-07
0.06310692142900626,1.6197476397361579e-06
0.07089742948257126,3.761062207463528e-06
0.07964967064493539,8.401323765677703e-06
0.08948237023750269,1.8059914823193023e-05
0.10052891014472326,3.7376866580529634e-05
0.11293913815718663,7.451382822553642e-05
0.1268814006769336,0.00014318362661878693
0.14254482635890514,0.00026540363319992874
0.16014189166643014,0.00047498850379075204
0.17991130314285533,0.0008216986296148865
0.2021212354977168,0.0013758923996061822
0.2270729694325259,0.0022335678081141235
0.2551049785537617,0.0035218902756706696
0.28659752081259104,0.005405695842146302
0.3219777967548112,0.008095916360508187
0.36172574455336326,0.011861124413900588
0.4063805504338082,0.017043051624910693
0.45654796280755766,0.024075624763354935
0.5129085093300529,0.033504654082341795
0.5762267283493882,0.04600211879879149
0.6473615399712076,0.06236591739075319
0.7272778974247632,0.08349434309160593
0.8170598767824696,0.11032585987470547
0.9179253825967483,0.14373996121948807
1.0312426689380967,0.18442387607869581
1.1585488999444697,0.2327210620167655
1.3015710016583038,0.28848783995476834
1.4622490880091454,0.3509905347438147
1.6427627787184707,0.4188739362176873
1.8455607661325835,0.4902214419606145
2.0733940320616497,0.5627092885718996
2.329353165215711,0.6338360206990784
2.6169102854537,0.7011897151186577
2.9399661435534976,0.7627052005830622
3.3029030354176987,0.8168650313294431
3.710644248503383,0.8628110551028332
4.168720846874621,0.9003541575428284
4.683346700825936,0.929891982258968
5.261502778863538,0.9522619029982073
5.911031845476362,0.968565125940032
6.64074484928479,0.9799966172018754
7.4605404447366075,0.9877067185847859
8.381539268677866,0.9927077676673691
9.416234793278331,0.9958268695218527
10.578662801651687,0.9976971019861564
11.884591785129816,0.9987750435611661
13.351736844955687,0.9993721745590299
15.0,0.9996900555440105
