SA(1.0s) [g],Loss_ratio
0.05000000000000001,8.849427690638124e-10
0.056172467201025755,3.6757608956605737e-09
0.06310692142900626,1.435481222222812e-08
0.07089742948257126,5.2731027999630707e-08
0.07964967064493539,1.8230166525801117e-07
0.08948237023750269,5.935426480863093e-07
0.10052891014472326,1.8213078861017973e-06
0.11293913815718663,5.272044726462033e-06
0.1268814006769336,1.441130928453993e-05
0.14254482635890514,3.724775293371119e-05
0.16014189166643014,9.115900417609458e-05
0.17991130314285533,0.00021160394667740225
0.2021212354977168,0.00046675010804296817
0.2270729694325259,0.0009803324483861231
0.2551049785537617,0.001964903787664646
0.28659752081259104,0.003766722572344278
0.3219777967548112,0.006921410393042282
0.36172574455336326,0.012215563947730667
0.4063805504338082,0.020743032603748955
0.45654796280755766,0.03393551450043618
0.5129085093300529,0.053537379534355764
0.5762267283493882,0.08148932358180007
0.6473615399712076,0.11969258691443649
0.7272778974247632,0.16965233567308496
0.8170598767824696,0.23204559553948192
0.9179253825967483,0.30631311484213514
1.0312426689380967,0.39041051613677613
1.1585488999444697,0.48084463944512035
1.3015710016583038,0.5730534755256824
1.4622490880091454,0.6620783793556078
1.6427627787184707,0.7433683943546845
1.8455607661325835,0.8134992215176051
2.0733940320616497,0.8706139239629759
2.329353165215711,0.914489973102703
2.6169102854537,0.9462634635972327
2.9399661435534976,0.9679411895277675
3.3029030354176987,0.9818681943906397
3.710644248503383,0.9902900162732854
4.168720846874621,0.9950817100390179
4.683346700825936,0.9976459290652132
5.261502778863538,0.998936161815446
5.911031845476362,0.9995464079791443
6.64074484928479,0.9998176487382945
7.4605404447366075,0.9999309192544246
8.381539268677866,0.9999753515896328
9.416234793278331,0.9999917204420625
10.578662801651687,0.9999973828097684
11.884591785129816,0.9999992217569525
13.351736844955687,0.9999997823768538
15.0,0.9999999427893184
