SA(1.0s) [g],Loss_ratio
0.05000000000000001,1.4654943925052068e-15
0.056172467201025755,1.3672396548258803e-14
0.06310692142900626,1.173172670121403e-13
0.07089742948257126,9.238942944023166e-13
0.07964967064493539,6.691036613659663e-12
0.08948237023750269,4.4578363223024554e-11
0.10052891014472326,2.7338291630485405e-10
0.11293913815718663,1.544276229115127e-09
0.1268814006769336,8.041082499854468e-09
0.14254482635890514,3.8629192061767624e-08
0.16014189166643014,1.71377213969981e-07
0.17991130314285533,7.029154059090548e-07
0.2021212354977168,2.6686611588000454e-06
0.2270729694325259,9.390768070233201e-06
0.2551049785537617,3.0672257941311004e-05
0.28659752081259104,9.312774344744646e-05
0.3219777967548112,0.000263250981984664
0.36172574455336326,0.0006938827865640151
0.4063805504338082,0.001707944799668265
0.45654796280755766,0.003931335157132277
0.5129085093300529,0.008473044502657295
0.5762267283493882,0.01711871444980209
0.6473615399712076,0.0324554623377608
0.7272778974247632,0.05779886613827066
0.8170598767824696,0.09678543850109902
0.9179253825967483,0.15256956562800128
1.0312426689380967,0.2267371568505217
1.1585488999444697,0.31826493222725577
1.3015710016583038,0.4229885133256315
1.4622490880091454,0.5339614263865218
1.6427627787184707,0.6427599329068776
1.8455607661325835,0.7413533200875467
2.0733940320616497,0.8238647209859995
2.329353165215711,0.8875855704584299
2.6169102854537,0.9329637349405527
2.9399661435534976,0.9627447813553788
3.3029030354176987,0.9807467814260167
3.710644248503383,0.9907646707277444
4.168720846874621,0.9958946627544891
4.683346700825936,0.9983110852518468
5.261502778863538,0.9993577152982861
5.911031845476362,0.9997744325412854
6.64074484928479,0.9999269062147529
7.4605404447366075,0.9999781619232497
8.381539268677866,0.9999939883451422
9.416234793278331,0.9999984760528752
10.578662801651687,0.9999996444325452
11.884591785129816,0.9999999236769586
13.351736844955687,0.9999999849339997
15.0,0.9999999972660233
