SA(1.0s) [g],Loss_ratio
0.05000000000000001,2.1017098060238658e-07
0.056172467201025755,6.004739779408297e-07
0.06310692142900626,1.631329656381908e-06
0.07089742948257126,4.215664053136559e-06
0.07964967064493539,1.0366899367914017e-05
0.08948237023750269,2.427233840582299e-05
0.10052891014472326,5.414083037770246e-05
0.11293913815718663,0.00011513880017562373
0.1268814006769336,0.000233675321205612
0.14254482635890514,0.00045311254359268197
0.16014189166643014,0.0008406746339230276
0.17991130314285533,0.0014950224333500073
0.2021212354977168,0.002553882127243262
0.2270729694325259,0.004201526948467427
0.2551049785537617,0.006676916051320659
0.28659752081259104,0.010284604992455449
0.3219777967548112,0.015411350590066309
0.36172574455336326,0.022550484733558952
0.4063805504338082,0.03233266174694649
0.45654796280755766,0.045555462430119986
0.5129085093300529,0.06319705076834825
0.5762267283493882,0.08639362220469014
0.6473615399712076,0.1163604509070133
0.7272778974247632,0.15424485848203878
0.8170598767824696,0.20091686969431977
0.9179253825967483,0.25672654098167247
1.0312426689380967,0.3212791103716677
1.1585488999444697,0.3932912747566122
1.3015710016583038,0.4705861617196794
1.4622490880091454,0.5502579983262905
1.6427627787184707,0.6289949989997903
1.8455607661325835,0.7035032240119438
2.0733940320616497,0.7709413797109123
2.329353165215711,0.8292698931301832
2.6169102854537,0.877440815611323
2.9399661435534976,0.9154001783992228
3.3029030354176987,0.9439248873353505
3.710644248503383,0.9643545508319735
4.168720846874621,0.9782936279139856
4.683346700825936,0.9873500490325902
5.261502778863538,0.9929510369340789
5.911031845476362,0.9962472093040995
6.64074484928479,0.9980924728184535
7.4605404447366075,0.999074873137048
8.381539268677866,0.9995721402652563
9.416234793278331,0.9998113956338756
10.578662801651687,0.9999207945162363
11.884591785129816,0.9999683236753337
13.351736844955687,0.9999879404565454
15.0,0.9999956308215274
