SA(0.6s) [g],Loss_ratio
0.05000000000000001,9.784736867035627e-05
0.056172467201025755,0.0001834464033003025
0.06310692142900626,0.00033111208748992654
0.07089742948257126,0.0005756112267768288
0.07964967064493539,0.0009642514658214974
0.08948237023750269,0.0015574802996492886
0.10052891014472326,0.0024274468628400665
0.11293913815718663,0.0036540344509943426
0.1268814006769336,0.005318540443764297
0.14254482635890514,0.0074961900093724835
0.16014189166643014,0.010249800366572321
0.17991130314285533,0.013627782709824999
0.2021212354977168,0.01766983785042811
0.2270729694325259,0.022422833973613495
0.2551049785537617,0.027967392256035693
0.28659752081259104,0.03445295697374843
0.3219777967548112,0.042136213662085656
0.36172574455336326,0.05141538478498573
0.4063805504338082,0.06285178731532744
0.45654796280755766,0.07717037051267472
0.5129085093300529,0.0952327133947029
0.5762267283493882,0.11797890680556798
0.6473615399712076,0.1463386501602537
0.7272778974247632,0.18111664904456973
0.8170598767824696,0.22286287419542336
0.9179253825967483,0.27174393977678335
1.0312426689380967,0.3274366068771425
1.1585488999444697,0.3890663832391533
1.3015710016583038,0.4552114170735586
1.4622490880091454,0.5239832542398978
1.6427627787184707,0.5931822182141241
1.8455607661325835,0.6605090242427952
2.0733940320616497,0.7238001809033635
2.329353165215711,0.7812473036534577
2.6169102854537,0.8315625292669939
2.9399661435534976,0.8740636827296705
3.3029030354176987,0.9086705234458157
3.710644248503383,0.9358221340549132
4.168720846874621,0.9563400880560109
4.683346700825936,0.9712689654234213
5.261502778863538,0.9817243465114209
5.911031845476362,0.9887704709939056
6.64074484928479,0.9933387014386209
7.4605404447366075,0.9961873076454452
8.381539268677866,0.997895401621013
9.416234793278331,0.998880097203412
10.578662801651687,0.9994257620434391
11.884591785129816,0.9997163735546073
13.351736844955687,0.9998651031165796
15.0,0.9999382371311077
