SA(1.0s) [g],Loss_ratio
0.05000000000000001,3.782613976325845e-05
0.056172467201025755,7.567835081591645e-05
0.06310692142900626,0.00014562180020692426
0.07089742948257126,0.00026964032372340797
0.07964967064493539,0.0004807581670807637
0.08948237023750269,0.0008260304764809046
0.10052891014472326,0.0013690469609778434
0.11293913815718663,0.0021913912577157415
0.1268814006769336,0.0033927465675089863
0.14254482635890514,0.005089936385944266
0.16014189166643014,0.007416080197400426
0.17991130314285533,0.010521979097606543
0.2021212354977168,0.014582400243887269
0.2270729694325259,0.01980961649322553
0.2551049785537617,0.026475032947486328
0.28659752081259104,0.03493699938903058
0.3219777967548112,0.04566943978139636
0.36172574455336326,0.059282623019450996
0.4063805504338082,0.0765253581009479
0.45654796280755766,0.09825813127478235
0.5129085093300529,0.12538983679723834
0.5762267283493882,0.15877682386080352
0.6473615399712076,0.19909133166576765
0.7272778974247632,0.24667562178193791
0.8170598767824696,0.3014061787074065
0.9179253825967483,0.3625967622554474
1.0312426689380967,0.4289675553270609
1.1585488999444697,0.4986988975060283
1.3015710016583038,0.5695727987724991
1.4622490880091454,0.6391866068485943
1.6427627787184707,0.7052057403728463
1.8455607661325835,0.7656116005087412
2.0733940320616497,0.8189004087368166
2.329353165215711,0.8641994281971503
2.6169102854537,0.9012858555784039
2.9399661435534976,0.9305150570308472
3.3029030354176987,0.9526826317726738
3.710644248503383,0.9688545083233571
4.168720846874621,0.9801994198104077
4.683346700825936,0.987850299512078
5.261502778863538,0.9928090725291712
5.911031845476362,0.9958971143490715
6.64074484928479,0.9977444293340084
7.4605404447366075,0.9988057791858691
8.381539268677866,0.9993913162670038
9.416234793278331,0.999701453259087
10.578662801651687,0.999859137127176
11.884591785129816,0.99993608423102
13.351736844955687,0.9999721180713381
15.0,0.9999883096342761
