SA(1.0s) [g],Loss_ratio
0.05000000000000001,0.0001141655340438308
0.056172467201025755,0.00022707739215419576
0.06310692142900626,0.0004334097185433095
0.07089742948257126,0.000794942066002352
0.07964967064493539,0.0014035659265766499
0.08948237023750269,0.0023904090653641243
0.10052891014472326,0.003936141190201876
0.11293913815718663,0.00628301210575265
0.1268814006769336,0.009749729260556261
0.14254482635890514,0.014750352792327965
0.16014189166643014,0.02181723205370269
0.17991130314285533,0.03162504340618096
0.2021212354977168,0.045008304253027195
0.2270729694325259,0.0629595348927244
0.2551049785537617,0.08659186786132028
0.28659752081259104,0.1170512572707108
0.3219777967548112,0.15537173787535574
0.36172574455336326,0.20228252434540867
0.4063805504338082,0.2579950906120015
0.45654796280755766,0.3220156789716606
0.5129085093300529,0.39303653543884254
0.5762267283493882,0.4689516395066412
0.6473615399712076,0.5470184891045571
0.7272778974247632,0.6241517073058687
0.8170598767824696,0.6972975357640254
0.9179253825967483,0.7638133194886817
1.0312426689380967,0.8217723511969773
1.1585488999444697,0.8701339705314062
1.3015710016583038,0.9087550157861312
1.4622490880091454,0.9382590646979642
1.6427627787184707,0.9598111698159967
1.8455607661325835,0.9748593908572013
2.0733940320616497,0.9848991293677384
2.329353165215711,0.9912975184123359
2.6169102854537,0.9951916610263526
2.9399661435534976,0.9974544238716595
3.3029030354176987,0.9987094560956816
3.710644248503383,0.9993737657638788
4.168720846874621,0.99970927534775
4.683346700825936,0.9998709282714819
5.261502778863538,0.9999452196199482
5.911031845476362,0.9999777812636503
6.64074484928479,0.9999913903904467
7.4605404447366075,0.9999968136102143
8.381539268677866,0.9999988739487986
9.416234793278331,0.9999996201051669
10.578662801651687,0.9999998776720636
11.884591785129816,0.9999999624107343
13.351736844955687,0.999999988979431
15.0,0.9999999969176732
