SA(0.6s) [g],Loss_ratio
0.05000000000000001,7.916082810752734e-05
0.056172467201025755,0.0001528524844115642
0.06310692142900626,0.0002834829788059434
0.07089742948257126,0.0005051824183480214
0.07964967064493539,0.00086545009575969
0.08948237023750269,0.0014261129451498768
0.10052891014472326,0.002261936281269428
0.11293913815718663,0.0034560808656050436
0.1268814006769336,0.005092294133740139
0.14254482635890514,0.007244888902950514
0.16014189166643014,0.009968974994624059
0.17991130314285533,0.013294621938672558
0.2021212354977168,0.017229089321005326
0.2270729694325259,0.02177051213213467
0.2551049785537617,0.026934350615549798
0.28659752081259104,0.03279085303325471
0.3219777967548112,0.03950849151792979
0.36172574455336326,0.04739572692559096
0.4063805504338082,0.05693225006869907
0.45654796280755766,0.06878126753815157
0.5129085093300529,0.08377616401570968
0.5762267283493882,0.10287741502066941
0.6473615399712076,0.12709850915297913
0.7272778974247632,0.15740288263079466
0.8170598767824696,0.19457791740705405
0.9179253825967483,0.2390973292909848
1.0312426689380967,0.2909894695090941
1.1585488999444697,0.3497346345480077
1.3015710016583038,0.41421677229804355
1.4622490880091454,0.482751209995926
1.6427627787184707,0.5531988238377199
1.8455607661325835,0.6231597223825808
2.0733940320616497,0.6902202703793228
2.329353165215711,0.752212135812689
2.6169102854537,0.8074364759706323
2.9399661435534976,0.8548129798688469
3.3029030354176987,0.8939306849837027
3.710644248503383,0.9250000343582461
4.168720846874621,0.9487266423091332
4.683346700825936,0.966140798478635
5.261502778863538,0.9784200040763424
5.911031845476362,0.9867356004174643
6.64074484928479,0.992142399309436
7.4605404447366075,0.9955167589506321
8.381539268677866,0.997537628132573
9.416234793278331,0.9986987599000968
10.578662801651687,0.9993386870215291
11.884591785129816,0.9996769091985386
13.351736844955687,0.9998483128206552
15.0,0.9999315877815309
