SA(0.6s) [g],Loss_ratio
0.05000000000000001,4.107021661647892e-09
0.056172467201025755,1.3840102641715646e-08
0.06310692142900626,4.4336425242264e-08
0.07089742948257126,1.3504074781178765e-07
0.07964967064493539,3.91144784350761e-07
0.08948237023750269,1.0776540602219776e-06
0.10052891014472326,2.824940495677053e-06
0.11293913815718663,7.0480569704656215e-06
0.1268814006769336,1.6742903486111074e-05
0.14254482635890514,3.788796153721408e-05
0.16014189166643014,8.172129447321376e-05
0.17991130314285533,0.00016813045382026994
0.2021212354977168,0.00033023519724764694
0.2270729694325259,0.0006199398461813055
0.2551049785537617,0.0011138500498033112
0.28659752081259104,0.0019186786262855582
0.3219777967548112,0.0031753963348626736
0.36172574455336326,0.0050621709500637
0.4063805504338082,0.007797578620918688
0.45654796280755766,0.011647194233697544
0.5129085093300529,0.016937510915851845
0.5762267283493882,0.02408005056727578
0.6473615399712076,0.033604754811085415
0.7272778974247632,0.04619556786384806
0.8170598767824696,0.06271415877702746
0.9179253825967483,0.08419267169705327
1.0312426689380967,0.11177618694561167
1.1585488999444697,0.146602353136293
1.3015710016583038,0.18961974309846472
1.4622490880091454,0.24136578260302088
1.6427627787184707,0.3017449115391362
1.8455607661325835,0.369861332800846
2.0733940320616497,0.4439614349701591
2.329353165215711,0.5215244276311596
2.6169102854537,0.5995070352967764
2.9399661435534976,0.6747072280344389
3.3029030354176987,0.7441760651570188
3.710644248503383,0.805589264517244
4.168720846874621,0.8574988209520165
4.683346700825936,0.8994177917419962
5.261502778863538,0.9317367133900207
5.911031845476362,0.9555120028103044
6.64074484928479,0.9721916248579099
7.4605404447366075,0.9833456448264156
8.381539268677866,0.990452475399099
9.416234793278331,0.9947652094322489
10.578662801651687,0.9972569937841455
11.884591785129816,0.9986272835382048
13.351736844955687,0.9993443086658401
15.0,0.9997012227217555
