PGA [g],Loss_ratio
0.05000000000000001,0.0
0.056172467201025755,0.0
0.06310692142900626,0.0
0.07089742948257126,2.2204460492503132e-17
0.07964967064493539,3.8302694349567903e-16
0.08948237023750269,5.523359547510154e-15
0.10052891014472326,7.068789997788372e-14
0.11293913815718663,8.028244735669433e-13
0.1268814006769336,8.089628966700956e-12
0.14254482635890514,7.234640109210489e-11
0.16014189166643014,5.744299924614893e-10
0.17991130314285533,4.051074542488209e-09
0.2021212354977168,2.5388750074517574e-08
0.2270729694325259,1.414929213627847e-07
0.2551049785537617,7.018056228380587e-07
0.28659752081259104,3.101481124734296e-06
0.3219777967548112,1.2230267643731366e-05
0.36172574455336326,4.3121502988380245e-05
0.4063805504338082,0.00013631706780658506
0.45654796280755766,0.00038786224160466953
0.5129085093300529,0.0009985803559688588
0.5762267283493882,0.0023430944112029116
0.6473615399712076,0.005057730959166278
0.7272778974247632,0.01015749596187618
0.8170598767824696,0.019211360838851495
0.9179253825967483,0.0345922090404743
1.0312426689380967,0.05971405799061547
1.1585488999444697,0.09897936869733175
1.3015710016583038,0.1570375396414314
1.4622490880091454,0.23715048773809785
1.6427627787184707,0.3390620617475468
1.8455607661325835,0.4574530591904836
2.0733940320616497,0.5822002674075526
2.329353165215711,0.700852798958142
2.6169102854537,0.8023776517642837
2.9399661435534976,0.8803291933154302
3.3029030354176987,0.9339334973923251
3.710644248503383,0.9668972706354491
4.168720846874621,0.9850022731163498
4.683346700825936,0.9938745822518853
5.261502778863538,0.9977504737876896
5.911031845476362,0.9992587386829528
6.64074484928479,0.9997812214727181
7.4605404447366075,0.9999422516529983
8.381539268677866,0.9999863848494519
9.416234793278331,0.9999971359510539
10.578662801651687,0.9999994629592632
11.884591785129816,0.9999999103083318
13.351736844955687,0.9999999866675181
15.0,0.9999999982371337
