SA(0.6s) [g],Loss_ratio
0.05000000000000001,1.2163873104875656e-07
0.056172467201025755,3.6296132459590076e-07
0.06310692142900626,1.027592384544862e-06
0.07089742948257126,2.76103286293572e-06
0.07964967064493539,7.042928210304611e-06
0.08948237023750269,1.7062218982433207e-05
0.10052891014472326,3.9275759879436886e-05
0.11293913815718663,8.595553332172435e-05
0.1268814006769336,0.00017897694872231475
0.14254482635890514,0.000354883799988559
0.16014189166643014,0.0006708616133735469
0.17991130314285533,0.0012107566678274837
0.2021212354977168,0.0020899595508959094
0.2270729694325259,0.003458224226189949
0.2551049785537617,0.005500645575226438
0.28659752081259104,0.008439020743182108
0.3219777967548112,0.012537972531800041
0.36172574455336326,0.018121184096019875
0.4063805504338082,0.02560139328496241
0.45654796280755766,0.03552260904473879
0.5129085093300529,0.04860499423283339
0.5762267283493882,0.06577436639086433
0.6473615399712076,0.0881527944064106
0.7272778974247632,0.11698776620394931
0.8170598767824696,0.1535069884678904
0.9179253825967483,0.1987038550505298
1.0312426689380967,0.25308192996522294
1.1585488999444697,0.3164094744736621
1.3015710016583038,0.3875490280399224
1.4622490880091454,0.464424296732318
1.6427627787184707,0.5441626871015496
1.8455607661325835,0.6234096081459685
2.0733940320616497,0.6987616399418495
2.329353165215711,0.7672269683385714
2.6169102854537,0.8266088828189525
2.9399661435534976,0.8757282707444777
3.3029030354176987,0.9144473901754466
3.710644248503383,0.943512529016205
4.168720846874621,0.9642774134236867
4.683346700825936,0.9783885574299656
5.261502778863538,0.9875057496764457
5.911031845476362,0.993103820601109
6.64074484928479,0.9963691352654469
7.4605404447366075,0.9981778431873406
8.381539268677866,0.999128952803093
9.416234793278331,0.9996036169664657
10.578662801651687,0.9998283789409529
11.884591785129816,0.9999293361267296
13.351736844955687,0.9999723429022714
15.0,0.9999897144279841
