SA(0.3s) [g],Loss_ratio
0.05000000000000001,2.347610243669252e-06
0.056172467201025755,5.136373228326053e-06
0.06310692142900626,1.0852500319147307e-05
0.07089742948257126,2.214993196136272e-05
0.07964967064493539,4.368533076794523e-05
0.08948237023750269,8.329158806237303e-05
0.10052891014472326,0.0001535988692171253
0.11293913815718663,0.000274133033046764
0.1268814006769336,0.00047385184055729896
0.14254482635890514,0.0007940009793986958
0.16014189166643014,0.00129112181616734
0.17991130314285533,0.0020400737040757342
0.2021212354977168,0.003137095768295001
0.2270729694325259,0.004703242092388088
0.2551049785537617,0.00688892425938894
0.28659752081259104,0.009880633806044294
0.3219777967548112,0.013910954666468479
0.36172574455336326,0.019272445390210353
0.4063805504338082,0.02633468839581777
0.45654796280755766,0.03556179773452358
0.5129085093300529,0.047525292427180725
0.5762267283493882,0.06290515509710372
0.6473615399712076,0.0824709990187876
0.7272778974247632,0.10703642868762729
0.8170598767824696,0.13738341621255876
0.9179253825967483,0.1741596819748825
1.0312426689380967,0.21775967535473936
1.1585488999444697,0.26820703279345703
1.3015710016583038,0.32506115543187647
1.4622490880091454,0.38737079266546187
1.6427627787184707,0.45369213537821307
1.8455607661325835,0.5221782807845443
2.0733940320616497,0.5907330511319364
2.329353165215711,0.6572083309688099
2.6169102854537,0.7196140125645072
2.9399661435534976,0.7763062084153814
3.3029030354176987,0.8261237255382897
3.710644248503383,0.8684537995798867
4.168720846874621,0.9032227624770929
4.683346700825936,0.9308217589344636
5.261502778863538,0.9519882828019103
5.911031845476362,0.9676690403534524
6.64074484928479,0.9788882290043625
7.4605404447366075,0.9866392029923107
8.381539268677866,0.9918090995722402
9.416234793278331,0.9951377982949313
10.578662801651687,0.9972063947154283
11.884591785129816,0.9984469952476929
13.351736844955687,0.9991649441162943
15.0,0.9995658243171687
