SA(0.3s) [g],Loss_ratio
0.05000000000000001,6.099039706664035e-07
0.056172467201025755,1.4427534559380284e-06
0.06310692142900626,3.28798680006015e-06
0.07089742948257126,7.2204355681504405e-06
0.07964967064493539,1.5282544027656054e-05
0.08948237023750269,3.118527063353249e-05
0.10052891014472326,6.137217569327503e-05
0.11293913815718663,0.00011653008627106054
0.1268814006769336,0.00021358120845725858
0.14254482635890514,0.0003781005733497156
0.16014189166643014,0.0006469798139753236
0.17991130314285533,0.0010710414117462818
0.2021212354977168,0.0017172644601746447
0.2270729694325259,0.002670397499728711
0.2551049785537617,0.004034071322389577
0.28659752081259104,0.005932080718653177
0.3219777967548112,0.008511156988581988
0.36172574455336326,0.011947045490134879
0.4063805504338082,0.016455683685446473
0.45654796280755766,0.022310410691663903
0.5129085093300529,0.029864268425284786
0.5762267283493882,0.03957374007915175
0.6473615399712076,0.05201727597605944
0.7272778974247632,0.06789958671160709
0.8170598767824696,0.08803199260883693
0.9179253825967483,0.11328100075537462
1.0312426689380967,0.14448213074129415
1.1585488999444697,0.18232344504747872
1.3015710016583038,0.22721198022531722
1.4622490880091454,0.279144262536359
1.6427627787184707,0.33760689211248274
1.8455607661325835,0.40153264039971354
2.0733940320616497,0.46933053327442187
2.329353165215711,0.5389955944622623
2.6169102854537,0.6082878104698327
2.9399661435534976,0.6749544017523267
3.3029030354176987,0.7369589404530748
3.710644248503383,0.7926784635782866
4.168720846874621,0.8410364449996701
4.683346700825936,0.8815535482091709
5.261502778863538,0.9143155465004033
5.911031845476362,0.9398738954841528
6.64074484928479,0.9591051682506171
7.4605404447366075,0.9730588960210254
8.381539268677866,0.982819659437532
9.416234793278331,0.9894008102689985
10.578662801651687,0.993677082833193
11.884591785129816,0.9963544145644351
13.351736844955687,0.9979693163169798
15.0,0.9989076047322083
