SA(0.6s) [g],Loss_ratio
0.05000000000000001,4.8454679304421605e-06
0.056172467201025755,1.1607708034461206e-05
0.06310692142900626,2.650527238452494e-05
0.07089742948257126,5.771262899522678e-05
0.07964967064493539,0.0001198887149323924
0.08948237023750269,0.00023774971389082245
0.10052891014472326,0.0004504276813574737
0.11293913815718663,0.0008160280313330438
0.1268814006769336,0.0014153959788516636
0.14254482635890514,0.002353953390665531
0.16014189166643014,0.0037608912455037173
0.17991130314285533,0.005786209576233264
0.2021212354977168,0.008597960435547381
0.2270729694325259,0.012383948068347505
0.2551049785537617,0.017363025723153156
0.28659752081259104,0.02380990514685718
0.3219777967548112,0.0320935045450927
0.36172574455336326,0.0427227804785908
0.4063805504338082,0.056387321997834784
0.45654796280755766,0.07397502239298602
0.5129085093300529,0.09654809197070133
0.5762267283493882,0.1252629415831249
0.6473615399712076,0.16122928345521634
0.7272778974247632,0.2053181377056563
0.8170598767824696,0.2579449631047977
0.9179253825967483,0.3188690857372688
1.0312426689380967,0.3870589831893727
1.1585488999444697,0.46066969089555576
1.3015710016583038,0.5371606676885968
1.4622490880091454,0.613551605236079
1.6427627787184707,0.6867774415151867
1.8455607661325835,0.7540739489968249
2.0733940320616497,0.8133131129246497
2.329353165215711,0.8632188908113468
2.6169102854537,0.9034258192314075
2.9399661435534976,0.9343843120429893
3.3029030354176987,0.9571531269219978
3.710644248503383,0.9731399788989965
4.168720846874621,0.9838514953048549
4.683346700825936,0.9906973562447895
5.261502778863538,0.9948692699835182
5.911031845476362,0.9972926912378617
6.64074484928479,0.9986341535771515
7.4605404447366075,0.9993415545385259
8.381539268677866,0.9996968443806855
9.416234793278331,0.9998667595327482
10.578662801651687,0.9999441210056212
11.884591785129816,0.9999776468703421
13.351736844955687,0.9999914737682942
15.0,0.9999968999314209
