SA(0.6s) [g],Loss_ratio
0.05000000000000001,5.257157352273057e-05
0.056172467201025755,0.00010677345666435523
0.06310692142900626,0.000207838936020599
0.07089742948257126,0.0003880250272837615
0.07964967064493539,0.0006954347015981355
0.08948237023750269,0.0011978660515363393
0.10052891014472326,0.001985766441719672
0.11293913815718663,0.0031737868888008004
0.1268814006769336,0.0049011327862119435
0.14254482635890514,0.00733206897673594
0.16014189166643014,0.010659229375559031
0.17991130314285533,0.015113163727921665
0.2021212354977168,0.0209810497159383
0.2270729694325259,0.02863513398985243
0.2551049785537617,0.038567254395329195
0.28659752081259104,0.05142057388109132
0.3219777967548112,0.06800501365815337
0.36172574455336326,0.08928075345682111
0.4063805504338082,0.1162962681581662
0.45654796280755766,0.15007453528973028
0.5129085093300529,0.19145280492568575
0.5762267283493882,0.24089566148736963
0.6473615399712076,0.2983145647368272
0.7272778974247632,0.3629352670855793
0.8170598767824696,0.43325332584318843
0.9179253825967483,0.5071050778322042
1.0312426689380967,0.581858078910638
1.1585488999444697,0.6546963915427
1.3015710016583038,0.7229505467740366
1.4622490880091454,0.7844081192410369
1.6427627787184707,0.8375440401914422
1.8455607661325835,0.881629687510369
2.0733940320616497,0.9167101355647926
2.329353165215711,0.9434698929138806
2.6169102854537,0.9630295766181043
2.9399661435534976,0.9767238002495274
3.3029030354176987,0.9859041509480964
3.710644248503383,0.991795197297419
4.168720846874621,0.995412749039498
4.683346700825936,0.9975380245686608
5.261502778863538,0.9987322679143531
5.911031845476362,0.9993740021852057
6.64074484928479,0.9997037015078144
7.4605404447366075,0.9998656228260007
8.381539268677866,0.9999416278639762
9.416234793278331,0.9999757211024825
10.578662801651687,0.9999903335264253
11.884591785129816,0.9999963169538639
13.351736844955687,0.9999986574170658
15.0,0.9999995318614275
