SA(0.6s) [g],Loss_ratio
0.05000000000000001,8.663591561963726e-06
0.056172467201025755,1.886431986533599e-05
0.06310692142900626,3.943983938072271e-05
0.07089742948257126,7.920073468546397e-05
0.07964967064493539,0.0001528278792848059
0.08948237023750269,0.00028351262665495815
0.10052891014472326,0.0005059458306357511
0.11293913815718663,0.0008692089171652539
0.1268814006769336,0.0014389232064123847
0.14254482635890514,0.002297987667795776
0.16014189166643014,0.003545528058105141
0.17991130314285533,0.005294377101934394
0.2021212354977168,0.00766843636536157
0.2270729694325259,0.010802349986009208
0.2551049785537617,0.014846571396197467
0.28659752081259104,0.0199805984302612
0.3219777967548112,0.02643553707659078
0.36172574455336326,0.03452427379214424
0.4063805504338082,0.04467393142013675
0.45654796280755766,0.05745189642542475
0.5129085093300529,0.07357461368998075
0.5762267283493882,0.09388844663129095
0.6473615399712076,0.1193146788814495
0.7272778974247632,0.150756174475081
0.8170598767824696,0.1889708082048947
0.9179253825967483,0.23442551058745598
1.0312426689380967,0.28715305188417695
1.1585488999444697,0.34663936104500226
1.3015710016583038,0.41176984008580747
1.4622490880091454,0.4808569234636071
1.6427627787184707,0.5517577542702566
1.8455607661325835,0.6220724042959564
2.0733940320616497,0.6893940146036088
2.329353165215711,0.7515682250677991
2.6169102854537,0.8069151071442098
2.9399661435534976,0.8543744729335374
3.3029030354176987,0.8935529932007418
3.710644248503383,0.9246737903672334
4.168720846874621,0.9484494787273227
4.683346700825936,0.9659124787004436
5.261502778863538,0.9782392513411365
5.911031845476362,0.9865987742807595
6.64074484928479,0.9920436175164621
7.4605404447366075,0.9954488205088737
8.381539268677866,0.9974931303926116
9.416234793278331,0.9986710025946627
10.578662801651687,0.9993221919656053
11.884591785129816,0.9996675675604061
13.351736844955687,0.9998432691258742
15.0,0.9999289906787961
