SA(0.6s) [g],Loss_ratio
0.05000000000000001,1.1557018479213533e-06
0.056172467201025755,2.931689565938145e-06
0.06310692142900626,7.098078363065863e-06
0.07089742948257126,1.640771957773235e-05
0.07964967064493539,3.622436413445174e-05
0.08948237023750269,7.641744470266442e-05
0.10052891014472326,0.00015412048517959298
0.11293913815718663,0.00029736924543995457
0.1268814006769336,0.000549365536341051
0.14254482635890514,0.0009727648433560055
0.16014189166643014,0.0016531050157437444
0.17991130314285533,0.0027005140463122303
0.2021212354977168,0.004249399573358459
0.2270729694325259,0.006457022278198217
0.2551049785537617,0.009503454275776785
0.28659752081259104,0.013596781216876463
0.3219777967548112,0.01898760956488256
0.36172574455336326,0.02599516921000248
0.4063805504338082,0.035043307560100295
0.45654796280755766,0.04669911764468427
0.5129085093300529,0.06170138757409975
0.5762267283493882,0.08096253352633499
0.6473615399712076,0.10552804272369357
0.7272778974247632,0.13648280384059333
0.8170598767824696,0.17480401397564396
0.9179253825967483,0.2211743106268552
1.0312426689380967,0.27578371050552747
1.1585488999444697,0.3381608976045586
1.3015710016583038,0.4070787497650086
1.4622490880091454,0.48057178295175684
1.6427627787184707,0.5560832064995139
1.8455607661325835,0.6307297627477711
2.0733940320616497,0.7016413258107084
2.329353165215711,0.7663096167112591
2.6169102854537,0.8228749901912711
2.9399661435534976,0.8702950646918275
3.3029030354176987,0.9083695740899465
3.710644248503383,0.9376319357716034
4.168720846874621,0.9591478018492956
4.683346700825936,0.9742757064936786
5.261502778863538,0.9844425566930645
5.911031845476362,0.9909711138304829
6.64074484928479,0.994975375245769
7.4605404447366075,0.9973205071116275
8.381539268677866,0.9986315873924736
9.416234793278331,0.9993311024282712
10.578662801651687,0.999687200088037
11.884591785129816,0.9998601232204574
13.351736844955687,0.99994021074688
15.0,0.9999755801715001
