SA(0.6s) [g],Loss_ratio
0.05000000000000001,8.18831591753444e-08
0.056172467201025755,2.455841096649092e-07
0.06310692142900626,6.997539155950694e-07
0.07089742948257126,1.8947278255410095e-06
0.07964967064493539,4.876906935236125e-06
0.08948237023750269,1.1937312495219344e-05
0.10052891014472326,2.7799542795908792e-05
0.11293913815718663,6.162944861584085e-05
0.1268814006769336,0.00013015699806716576
0.14254482635890514,0.00026209505997307203
0.16014189166643014,0.0005037786840754344
0.17991130314285533,0.0009255629219829198
0.2021212354977168,0.0016281655409927322
0.2270729694325259,0.0027481112626968284
0.2551049785537617,0.004462038006195534
0.28659752081259104,0.00699097078326717
0.3219777967548112,0.010607397202324509
0.36172574455336326,0.01564915305298753
0.4063805504338082,0.022543457726254348
0.45654796280755766,0.03184089124603312
0.5129085093300529,0.04425266437159557
0.5762267283493882,0.06067673000040434
0.6473615399712076,0.0821920787694638
0.7272778974247632,0.10999950546030886
0.8170598767824696,0.14529404574039828
0.9179253825967483,0.1890698942828998
1.0312426689380967,0.24188059257518785
1.1585488999444697,0.3036000021781525
1.3015710016583038,0.37324505611877873
1.4622490880091454,0.4489214142675324
1.6427627787184707,0.5279331942448666
1.8455607661325835,0.6070598836701957
2.0733940320616497,0.6829573460759829
2.329353165215711,0.7526010474536965
2.6169102854537,0.8136733170158021
2.9399661435534976,0.8648101939247979
3.3029030354176987,0.9056631135460691
3.710644248503383,0.9367819122132353
4.168720846874621,0.9593700059161971
4.683346700825936,0.9749859483334169
5.261502778863538,0.9852634544783272
5.911031845476362,0.9917000769162622
6.64074484928479,0.9955346482834204
7.4605404447366075,0.9977069370208088
8.381539268677866,0.9988767797724711
9.416234793278331,0.9994755032086441
10.578662801651687,0.9997666450199788
11.884591785129816,0.9999011267317253
13.351736844955687,0.9999601213154911
15.0,0.9999846949634792
