SA(0.3s) [g],Loss_ratio
0.05000000000000001,2.667317204557707e-06
0.056172467201025755,5.7682215977905574e-06
0.06310692142900626,1.204929382968012e-05
0.07089742948257126,2.431838952642318e-05
0.07964967064493539,4.743307108228678e-05
0.08948237023750269,8.9442427744596e-05
0.10052891014472326,0.0001631147619017892
0.11293913815718663,0.00028783114885616026
0.1268814006769336,0.0004917334710047961
0.14254482635890514,0.0008139134296182848
0.16014189166643014,0.0013063578520167984
0.17991130314285533,0.0020353854479760957
0.2021212354977168,0.0030824826145973544
0.2270729694325259,0.0045448031339082534
0.2551049785537617,0.006536103955281459
0.28659752081259104,0.009189416709886204
0.3219777967548112,0.012663077563101362
0.36172574455336326,0.01715158248863529
0.4063805504338082,0.022901867839825847
0.45654796280755766,0.030233958919321187
0.5129085093300529,0.039562657532333824
0.5762267283493882,0.05141452106123343
0.6473615399712076,0.06643252720533716
0.7272778974247632,0.08536031574236672
0.8170598767824696,0.10899941547252351
0.9179253825967483,0.138136693876319
1.0312426689380967,0.17344513530695646
1.1585488999444697,0.2153680322092786
1.3015710016583038,0.26400325311751005
1.4622490880091454,0.3190086077459337
1.6427627787184707,0.3795497758460461
1.8455607661325835,0.4443077990391195
2.0733940320616497,0.511553920527914
2.329353165215711,0.5792871557743433
2.6169102854537,0.6454171299187275
2.9399661435534976,0.7079646774407486
3.3029030354176987,0.7652482587336221
3.710644248503383,0.8160268004996449
4.168720846874621,0.8595785719721166
4.683346700825936,0.8957088046422814
5.261502778863538,0.9246925115119167
5.911031845476362,0.9471699534394455
6.64074484928479,0.9640180929261449
7.4605404447366075,0.9762214903734581
8.381539268677866,0.9847613956282067
9.416234793278331,0.9905343179759306
10.578662801651687,0.9943034548823534
11.884591785129816,0.9966799141931287
13.351736844955687,0.9981267019361253
15.0,0.9989770825308162
