SA(0.6s) [g],Loss_ratio
0.05000000000000001,3.2563617379594015e-05
0.056172467201025755,6.784145904948913e-05
0.06310692142900626,0.0001353465812901411
0.07089742948257126,0.00025870152260993315
0.07964967064493539,0.0004740309770076834
0.08948237023750269,0.0008332723083848914
0.10052891014472326,0.0014064806631832573
0.11293913815718663,0.0022821368927672674
0.1268814006769336,0.003564792919104848
0.14254482635890514,0.005370304556029066
0.16014189166643014,0.007820344274758924
0.17991130314285533,0.011039469149199984
0.2021212354977168,0.015159055613775174
0.2270729694325259,0.020332128135616186
0.2551049785537617,0.02676099409743905
0.28659752081259104,0.03473574615637562
0.3219777967548112,0.04467692833256004
0.36172574455336326,0.05717133094237019
0.4063805504338082,0.07298739649062945
0.45654796280755766,0.09305708769346767
0.5129085093300529,0.1184146430461312
0.5762267283493882,0.15008919644419527
0.6473615399712076,0.18895715185542172
0.7272778974247632,0.2355705108889259
0.8170598767824696,0.2899874597925777
0.9179253825967483,0.35163892691902715
1.0312426689380967,0.4192662943774307
1.1585488999444697,0.4909580978710865
1.3015710016583038,0.5642965288108678
1.4622490880091454,0.6366005171516338
1.6427627787184707,0.7052273827858311
1.8455607661325835,0.7678775544665054
2.0733940320616497,0.8228433298779858
2.329353165215711,0.8691552790531692
2.6169102854537,0.906605081954535
2.9399661435534976,0.9356532220631374
3.3029030354176987,0.9572546737718216
3.710644248503383,0.972648621580252
4.168720846874621,0.9831572517635401
4.683346700825936,0.9900265914000446
5.261502778863538,0.9943250756082576
5.911031845476362,0.9968991370325354
6.64074484928479,0.9983738551794479
7.4605404447366075,0.9991819816734122
8.381539268677866,0.9996054616129457
9.416234793278331,0.9998176301427275
10.578662801651687,0.9999192416584379
11.884591785129816,0.9999657515234666
13.351736844955687,0.9999860947740293
15.0,0.9999945965126803
