SA(0.6s) [g],Loss_ratio
0.05000000000000001,4.495380381502323e-05
0.056172467201025755,9.454964706775427e-05
0.06310692142900626,0.00018985214005399765
0.07089742948257126,0.00036418902418334235
0.07964967064493539,0.0006679746237950869
0.08948237023750269,0.001172666816853696
0.10052891014472326,0.0019731125198151735
0.11293913815718663,0.003187333431397477
0.1268814006769336,0.004953723684522787
0.14254482635890514,0.007427303456408962
0.16014189166643014,0.010778673701282148
0.17991130314285533,0.01520074400571235
0.2021212354977168,0.020928031136122266
0.2270729694325259,0.028270516656090205
0.2551049785537617,0.03765872802811667
0.28659752081259104,0.04969002178640175
0.3219777967548112,0.06516006452410894
0.36172574455336326,0.08506054485970885
0.4063805504338082,0.11052600631935786
0.45654796280755766,0.1427201199256048
0.5129085093300529,0.18266423845557658
0.5762267283493882,0.23102694841948185
0.6473615399712076,0.2879094579730383
0.7272778974247632,0.35267356567778196
0.8170598767824696,0.42386146140055875
0.9179253825967483,0.4992455471898691
1.0312426689380967,0.5760211873108909
1.1585488999444697,0.6511206319729341
1.3015710016583038,0.7215923407368019
1.4622490880091454,0.7849685584425611
1.6427627787184707,0.8395441104364672
1.8455607661325835,0.8845122355765634
2.0733940320616497,0.9199413706848617
2.329353165215711,0.9466169181798659
2.6169102854537,0.9658009369887862
2.9399661435534976,0.9789725840056904
3.3029030354176987,0.9876030939645186
3.710644248503383,0.9929978066722407
4.168720846874621,0.9962136203227695
4.683346700825936,0.9980411859110668
5.261502778863538,0.9990310955347516
5.911031845476362,0.9995420124901103
6.64074484928479,0.9997932235284689
7.4605404447366075,0.9999108678649231
8.381539268677866,0.9999633323686095
9.416234793278331,0.9999856089266163
10.578662801651687,0.9999946132508578
11.884591785129816,0.999998077534873
13.351736844955687,0.999999346003581
15.0,0.9999997879807215
