SA(0.6s) [g],Loss_ratio
0.05000000000000001,0.0001209382498314593
0.056172467201025755,0.00023491133247907083
0.06310692142900626,0.00043691896152284193
0.07089742948257126,0.0007787365782950695
0.07964967064493539,0.0013313545503043423
0.08948237023750269,0.0021859523047108977
0.10052891014472326,0.003452253955030049
0.11293913815718663,0.005254479537441392
0.1268814006769336,0.007726656764363394
0.14254482635890514,0.011010797781568145
0.16014189166643014,0.015262599895121732
0.17991130314285533,0.02066899376572723
0.2021212354977168,0.02747941057015848
0.2270729694325259,0.03604813634320565
0.2551049785537617,0.04687950755490286
0.28659752081259104,0.060662599082123
0.3219777967548112,0.07827925833285737
0.36172574455336326,0.10077023872524091
0.4063805504338082,0.129249399321156
0.45654796280755766,0.16476522229087445
0.5129085093300529,0.20812119001518736
0.5762267283493882,0.25967990945666614
0.6473615399712076,0.31918729715512406
0.7272778974247632,0.38565878809673465
0.8170598767824696,0.4573655802535742
0.9179253825967483,0.5319433200201862
1.0312426689380967,0.6066199712823953
1.1585488999444697,0.6785299261280383
1.3015710016583038,0.745056853465216
1.4622490880091454,0.8041372549682475
1.6427627787184707,0.8544649319629531
1.8455607661325835,0.8955616098642738
2.0733940320616497,0.9277126390975884
2.329353165215711,0.951797910953824
2.6169102854537,0.969067464480096
2.9399661435534976,0.9809144732535944
3.3029030354176987,0.988687271632908
3.710644248503383,0.9935630695929205
4.168720846874621,0.9964864516067328
4.683346700825936,0.9981613203020071
5.261502778863538,0.9990780165831186
5.911031845476362,0.9995572236118136
6.64074484928479,0.999796437164169
7.4605404447366075,0.9999104444944491
8.381539268677866,0.9999623114349114
9.416234793278331,0.9999848326698798
10.578662801651687,0.9999941647022287
11.884591785129816,0.9999978543670226
13.351736844955687,0.9999992461561164
15.0,0.9999997469852828
