SA(0.6s) [g],Loss_ratio
0.05000000000000001,2.0324766229817825e-06
0.056172467201025755,5.081286214353443e-06
0.06310692142900626,1.21074384981823e-05
0.07089742948257126,2.7504198757571934e-05
0.07964967064493539,5.959062864226983e-05
0.08948237023750269,0.00012319331393348954
0.10052891014472326,0.00024314646017867814
0.11293913815718663,0.00045847756668735974
0.1268814006769336,0.0008266244956596668
0.14254482635890514,0.001426606164864308
0.16014189166643014,0.0023599021599281624
0.17991130314285533,0.003748209459616653
0.2021212354977168,0.005728458115761059
0.2270729694325259,0.008447375783330142
0.2551049785537617,0.012059901152585198
0.28659752081259104,0.016736844115352867
0.3219777967548112,0.022686304291701733
0.36172574455336326,0.03018992379041977
0.4063805504338082,0.03964947918828274
0.45654796280755766,0.051633070728673874
0.5129085093300529,0.06690528480901016
0.5762267283493882,0.08642404439685628
0.6473615399712076,0.1112894636277026
0.7272778974247632,0.14263696437802564
0.8170598767824696,0.18147755096265764
0.9179253825967483,0.2285013098898287
1.0312426689380967,0.28387398582708956
1.1585488999444697,0.3470677063225682
1.3015710016583038,0.4167711441801867
1.4622490880091454,0.4909171730171586
1.6427627787184707,0.5668454209394055
1.8455607661325835,0.6415860085773855
2.0733940320616497,0.7122175901956378
2.329353165215711,0.7762290367290758
2.6169102854537,0.8318093728645629
2.9399661435534976,0.8780080464556612
3.3029030354176987,0.9147418746086576
3.710644248503383,0.9426642109017116
4.168720846874621,0.9629428226564912
4.683346700825936,0.9770066804933126
5.261502778863538,0.986316738121993
5.911031845476362,0.992197094351241
6.64074484928479,0.9957394915537509
7.4605404447366075,0.9977741308679922
8.381539268677866,0.9988880198796137
9.416234793278331,0.9994691062352951
10.578662801651687,0.9997578913116094
11.884591785129816,0.9998945840024562
13.351736844955687,0.9999561956445947
15.0,0.999982634718548
