PGA [g],Loss_ratio
0.05000000000000001,4.4186876380081235e-15
0.056172467201025755,4.826139488045556e-14
0.06310692142900626,4.748423876321795e-13
0.07089742948257126,4.2096381935863295e-12
0.07964967064493539,3.364006295747401e-11
0.08948237023750269,2.42372344416708e-10
0.10052891014472326,1.5749012260979358e-09
0.11293913815718663,9.232529268876634e-09
0.1268814006769336,4.8850856609883315e-08
0.14254482635890514,2.334210697341188e-07
0.16014189166643014,1.007901315674964e-06
0.17991130314285533,3.936266157750223e-06
0.2021212354977168,1.3919896963549007e-05
0.2270729694325259,4.4641199544920296e-05
0.2551049785537617,0.00013010154814198095
0.28659752081259104,0.00034554565786111823
0.3219777967548112,0.0008396382160691662
0.36172574455336326,0.0018764634482690559
0.4063805504338082,0.0038842209648220216
0.45654796280755766,0.0075138467043920805
0.5129085093300529,0.0137268324086899
0.5762267283493882,0.023941598269112265
0.6473615399712076,0.04023779892718404
0.7272778974247632,0.06552356451299925
0.8170598767824696,0.10344599519842701
0.9179253825967483,0.15778248888464086
1.0312426689380967,0.23121727383644924
1.1585488999444697,0.32379417373915437
1.3015710016583038,0.4317424042026664
1.4622490880091454,0.5474623789108666
1.6427627787184707,0.6610237705936549
1.8455607661325835,0.762733790114663
2.0733940320616497,0.8456876141752215
2.329353165215711,0.9071919472487228
2.6169102854537,0.9485902221545204
2.9399661435534976,0.9738590194230553
3.3029030354176987,0.9878326946150883
3.710644248503383,0.9948282002329916
4.168720846874621,0.9979964283672437
4.683346700825936,0.9992937500443784
5.261502778863538,0.9997738032849683
5.911031845476362,0.9999342550549486
6.64074484928479,0.9999826765275367
7.4605404447366075,0.9999958655839332
8.381539268677866,0.9999991069784507
9.416234793278331,0.9999998255448845
10.578662801651687,0.9999999691949477
11.884591785129816,0.999999995085824
13.351736844955687,0.9999999992921014
15.0,0.9999999999079534
