SA(0.6s) [g],Loss_ratio
0.05000000000000001,3.925989657490581e-05
0.056172467201025755,7.960021750081926e-05
0.06310692142900626,0.00015484782465903236
0.07089742948257126,0.000289139881318301
0.07964967064493539,0.0005184989813357188
0.08948237023750269,0.0008935103582655758
0.10052891014472326,0.0014808196532513198
0.11293913815718663,0.0023625346984899433
0.1268814006769336,0.003632939786805939
0.14254482635890514,0.005392764355520808
0.16014189166643014,0.00774252825131368
0.17991130314285533,0.010777890301310511
0.2021212354977168,0.01459089728533311
0.2270729694325259,0.019280938100447766
0.2551049785537617,0.024977626683939807
0.28659752081259104,0.03187480568036094
0.3219777967548112,0.0402709884486058
0.36172574455336326,0.05060786935651706
0.4063805504338082,0.06349612569448204
0.45654796280755766,0.07971737762645698
0.5129085093300529,0.10019310136310784
0.5762267283493882,0.1259152904650831
0.6473615399712076,0.15783933368668598
0.7272778974247632,0.19674653573209078
0.8170598767824696,0.2430914488534491
0.9179253825967483,0.29685668734731707
1.0312426689380967,0.35744326586811537
1.1585488999444697,0.42362513218360653
1.3015710016583038,0.493590090677072
1.4622490880091454,0.5650750520412253
1.6427627787184707,0.6355836666419548
1.8455607661325835,0.7026539623049568
2.0733940320616497,0.7641290890885561
2.329353165215711,0.8183810560720871
2.6169102854537,0.8644473105789101
2.9399661435534976,0.9020604830475341
3.3029030354176987,0.9315762671544607
3.710644248503383,0.9538257055787828
4.168720846874621,0.9699302768140105
4.683346700825936,0.9811189501310975
5.261502778863538,0.9885775549989196
5.911031845476362,0.9933468109643802
6.64074484928479,0.9962711958844146
7.4605404447366075,0.9979902799481994
8.381539268677866,0.9989588609413512
9.416234793278331,0.9994818076129258
10.578662801651687,0.9997523129812196
11.884591785129816,0.9998863464089165
13.351736844955687,0.9999499523363953
15.0,0.9999788567393056
