SA(0.6s) [g],Loss_ratio
0.05000000000000001,6.228983539980916e-05
0.056172467201025755,0.00012412599335483442
0.06310692142900626,0.00023734599784934197
0.07089742948257126,0.00043580159720983945
0.07964967064493539,0.0007690815297153875
0.08948237023750269,0.0013059178259476113
0.10052891014472326,0.002136584417309717
0.11293913815718663,0.003373881206616825
0.1268814006769336,0.005153011037579908
0.14254482635890514,0.007631761888101579
0.16014189166643014,0.010993568903675055
0.17991130314285533,0.015456660757566661
0.2021212354977168,0.021291916682437333
0.2270729694325259,0.02884981486833552
0.2551049785537617,0.038593013520467345
0.28659752081259104,0.05112645112237446
0.3219777967548112,0.06721277333606858
0.36172574455336326,0.08775903913086569
0.4063805504338082,0.1137624376340059
0.45654796280755766,0.14620885459820238
0.5129085093300529,0.1859282012079934
0.5762267283493882,0.23342286915294141
0.6473615399712076,0.28869772594191956
0.7272778974247632,0.3511281022733498
0.8170598767824696,0.4194026316495584
0.9179253825967483,0.4915682503711644
1.0312426689380967,0.5651855058516531
1.1585488999444697,0.6375773787217802
1.3015710016583038,0.7061308658466462
1.4622490880091454,0.76859524791585
1.6427627787184707,0.823319880501742
1.8455607661325835,0.86938856641392
2.0733940320616497,0.9066328671043913
2.329353165215711,0.9355350892120616
2.6169102854537,0.9570544836978498
2.9399661435534976,0.9724213886785491
3.3029030354176987,0.9829421644874022
3.710644248503383,0.9898457792134003
4.168720846874621,0.9941863633644631
4.683346700825936,0.9968006277112765
5.261502778863538,0.9983085445738784
5.911031845476362,0.999141338819772
6.64074484928479,0.9995816343974442
7.4605404447366075,0.9998044360178284
8.381539268677866,0.9999123275862398
9.416234793278331,0.9999623178668617
10.578662801651687,0.9999844769542222
11.884591785129816,0.999993872690784
13.351736844955687,0.9999976831001046
15.0,0.9999991609414507
