SA(0.6s) [g],Loss_ratio
0.05000000000000001,1.8043480797369508e-05
0.056172467201025755,3.956694664321581e-05
0.06310692142900626,8.297162763920007e-05
0.07089742948257126,0.00016649391543712702
0.07964967064493539,0.0003199578748851517
0.08948237023750269,0.0005894560168575591
0.10052891014472326,0.0010423606106572613
0.11293913815718663,0.0017720082620602431
0.1268814006769336,0.002901502575053522
0.14254482635890514,0.004586667684637951
0.16014189166643014,0.007019274294591577
0.17991130314285533,0.010432938424893602
0.2021212354977168,0.015114882281977483
0.2270729694325259,0.021426168957387273
0.2551049785537617,0.029830391900102567
0.28659752081259104,0.04092610022659141
0.3219777967548112,0.05547245651337858
0.36172574455336326,0.07439270056671671
0.4063805504338082,0.09873835308579333
0.45654796280755766,0.1296008257869297
0.5129085093300529,0.16796707815252482
0.5762267283493882,0.21453112971037586
0.6473615399712076,0.26949036990581937
0.7272778974247632,0.33236965695164306
0.8170598767824696,0.4019214746642594
0.9179253825967483,0.47614254403671213
1.0312426689380967,0.552425417755347
1.1585488999444697,0.6278318950058943
1.3015710016583038,0.6994424154666707
1.4622490880091454,0.7647127412826832
1.6427627787184707,0.8217647835344065
1.8455607661325835,0.869554819881654
2.0733940320616497,0.9078944367224604
2.329353165215711,0.9373364913718265
2.6169102854537,0.9589682061697591
2.9399661435534976,0.9741677821450159
3.3029030354176987,0.9843777456112519
3.710644248503383,0.9909319530077909
4.168720846874621,0.9949515721285273
4.683346700825936,0.9973060595533176
5.261502778863538,0.9986229319214598
5.911031845476362,0.9993260459621552
6.64074484928479,0.9996843489263874
7.4605404447366075,0.999858583093996
8.381539268677866,0.9999394177411456
9.416234793278331,0.9999751921697695
10.578662801651687,0.9999902927811142
11.884591785129816,0.9999963713920773
13.351736844955687,0.9999987045742937
15.0,0.9999995584186484
