SA(0.3s) [g],Loss_ratio
0.05000000000000001,5.927428466023788e-06
0.056172467201025755,1.2214514717534542e-05
0.06310692142900626,2.4358910299754344e-05
0.07089742948257126,4.7028248895358836e-05
0.07964967064493539,8.793375754557187e-05
0.08948237023750269,0.00015931636551635989
0.10052891014472326,0.00027985202975084884
0.11293913815718663,0.0004769443365907955
0.1268814006769336,0.000789312221061328
0.14254482635890514,0.001269745587216259
0.16014189166643014,0.0019879320875654475
0.17991130314285533,0.0030333913028771863
0.2021212354977168,0.004518797839113509
0.2270729694325259,0.006584287688521101
0.2551049785537617,0.009403605014967365
0.28659752081259104,0.013192975366372917
0.3219777967548112,0.018223179124226153
0.36172574455336326,0.02483429555468871
0.4063805504338082,0.033450998237056793
0.45654796280755766,0.04459434909315277
0.5129085093300529,0.058884262371295105
0.5762267283493882,0.07702588221867208
0.6473615399712076,0.0997737458189501
0.7272778974247632,0.12787027088678715
0.8170598767824696,0.1619598194314073
0.9179253825967483,0.20248571522451153
1.0312426689380967,0.24958385505982827
1.1585488999444697,0.30299125664103654
1.3015710016583038,0.3619893366700989
1.4622490880091454,0.4253987649570168
1.6427627787184707,0.4916352835598172
1.8455607661325835,0.5588250871974307
2.0733940320616497,0.6249665476770407
2.329353165215711,0.6881151314067488
2.6169102854537,0.7465629552494392
2.9399661435534976,0.7989851083244008
3.3029030354176987,0.8445315592593117
3.710644248503383,0.8828544449465491
4.168720846874621,0.9140729584779631
4.683346700825936,0.9386888579178011
5.261502778863538,0.9574724382595676
5.911031845476362,0.9713405991097558
6.64074484928479,0.981245804533005
7.4605404447366075,0.9880887825637474
8.381539268677866,0.9926607439180569
9.416234793278331,0.9956145331100406
10.578662801651687,0.9974596517192648
11.884591785129816,0.9985739186606316
13.351736844955687,0.9992243931640902
15.0,0.9995914273561225
