SA(0.3s) [g],Loss_ratio
0.05000000000000001,1.0406598262846511e-06
0.056172467201025755,2.374823642747881e-06
0.06310692142900626,5.227047667977215e-06
0.07089742948257126,1.1098469336340289e-05
0.07964967064493539,2.2737511632020532e-05
0.08948237023750269,4.4957624041463974e-05
0.10052891014472326,8.581656994882115e-05
0.11293913815718663,0.00015819673916651623
0.1268814006769336,0.0002817502856416243
0.14254482635890514,0.00048505654461383226
0.16014189166643014,0.0008077024951443079
0.17991130314285533,0.0013018882061455127
0.2021212354977168,0.0020331519845393107
0.2270729694325259,0.003079985212464709
0.2551049785537617,0.0045325166618928
0.28659752081259104,0.006491068068185968
0.3219777967548112,0.009066083613641468
0.36172574455336326,0.012381467914066076
0.4063805504338082,0.016583415840429997
0.45654796280755766,0.021856101687381713
0.5129085093300529,0.028443991327729592
0.5762267283493882,0.036678187959264655
0.6473615399712076,0.04700155748292242
0.7272778974247632,0.0599850813020071
0.8170598767824696,0.0763267254991743
0.9179253825967483,0.09682477183791278
1.0312426689380967,0.12232041597753898
1.1585488999444697,0.15360945128276504
1.3015710016583038,0.19132944344431438
1.4622490880091454,0.2358358412901999
1.6427627787184707,0.2870863986753669
1.8455607661325835,0.3445563473109421
2.0733940320616497,0.40720544676088616
2.329353165215711,0.47351161625342775
2.6169102854537,0.5415748667684387
2.9399661435534976,0.6092817048887655
3.3029030354176987,0.6745072247625354
3.710644248503383,0.7353232121954232
4.168720846874621,0.7901784267711873
4.683346700825936,0.8380226919235049
5.261502778863538,0.8783581932061252
5.911031845476362,0.9112163069403736
6.64074484928479,0.9370723982886394
7.4605404447366075,0.9567208808181281
8.381539268677866,0.9711365064681515
9.416234793278331,0.9813454061169281
10.578662801651687,0.9883225373761853
11.884591785129816,0.9929234799308305
13.351736844955687,0.9958504284468667
15.0,0.9976464612597702
