PGA [g],Loss_ratio
0.05000000000000001,1.20970823286326e-07
0.056172467201025755,4.2305570228662325e-07
0.06310692142900626,1.380081507557085e-06
0.07089742948257126,4.201070463977219e-06
0.07964967064493539,1.1938579809367412e-05
0.08948237023750269,3.168938177575686e-05
0.10052891014472326,7.861937727305369e-05
0.11293913815718663,0.00018245750244780812
0.1268814006769336,0.00039652934369831526
0.14254482635890514,0.0008081275357114504
0.16014189166643014,0.001547344250044669
0.17991130314285533,0.0027905506618555458
0.2021212354977168,0.004756307203001082
0.2270729694325259,0.007697029842160969
0.2551049785537617,0.0118983876453878
0.28659752081259104,0.01770572882163084
0.3219777967548112,0.025595637116095433
0.36172574455336326,0.03629491276044231
0.4063805504338082,0.050919139319599765
0.45654796280755766,0.07106844282735933
0.5129085093300529,0.09879674529173015
0.5762267283493882,0.1363811358071234
0.6473615399712076,0.18586954742506034
0.7272778974247632,0.24847055837179138
0.8170598767824696,0.3239416641626111
0.9179253825967483,0.4101897293912102
1.0312426689380967,0.5032786297209135
1.1585488999444697,0.5979288731520798
1.3015710016583038,0.6884219155546992
1.4622490880091454,0.7696598082411618
1.6427627787184707,0.8380593890638742
1.8455607661325835,0.8920209889771226
2.0733940320616497,0.9318776081394522
2.329353165215711,0.9594197141634986
2.6169102854537,0.9772152785334938
2.9399661435534976,0.9879604808123371
3.3029030354176987,0.9940209186065898
3.710644248503383,0.9972124715791966
4.168720846874621,0.9987812115231813
4.683346700825936,0.9995006770106765
5.261502778863538,0.9998084659319537
5.911031845476362,0.9999312569210753
6.64074484928479,0.9999769287020892
7.4605404447366075,0.9999927632031091
8.381539268677866,0.9999978794484999
9.416234793278331,0.9999994197724822
10.578662801651687,0.999999851805114
11.884591785129816,0.9999999646809654
13.351736844955687,0.999999992147727
15.0,0.9999999983719177
