SA(0.3s) [g],Loss_ratio
0.05000000000000001,1.7835939776067453e-05
0.056172467201025755,3.411102777008401e-05
0.06310692142900626,6.328128848080427e-05
0.07089742948257126,0.00011391357916388789
0.07964967064493539,0.0001990490706476944
0.08948237023750269,0.00033777473623873295
0.10052891014472326,0.0005569486329621565
0.11293913815718663,0.0008929201897700579
0.1268814006769336,0.0013930571807107663
0.14254482635890514,0.0021169287500447504
0.16014189166643014,0.003137130982859032
0.17991130314285533,0.004539988443583437
0.2021212354977168,0.006426690978337457
0.2270729694325259,0.008915745169814367
0.2551049785537617,0.01214779918508847
0.28659752081259104,0.016293779742296427
0.3219777967548112,0.02156672705893948
0.36172574455336326,0.02823668008928204
0.4063805504338082,0.036646541132986626
0.45654796280755766,0.04722529010263561
0.5129085093300529,0.06049362014136027
0.5762267283493882,0.07705649360965919
0.6473615399712076,0.09757769444682983
0.7272778974247632,0.12273343183275114
0.8170598767824696,0.15314539503491287
0.9179253825967483,0.18929797453155256
1.0312426689380967,0.23144889686719042
1.1585488999444697,0.27954625774067293
1.3015710016583038,0.3331668050788035
1.4622490880091454,0.3914894582986597
1.6427627787184707,0.4533140906798169
1.8455607661325835,0.5171289082375411
2.0733940320616497,0.5812214605057746
2.329353165215711,0.64382013480148
2.6169102854537,0.7032468201321339
2.9399661435534976,0.7580588446018428
3.3029030354176987,0.8071600352344325
3.710644248503383,0.849866483498158
4.168720846874621,0.8859209690539012
4.683346700825936,0.9154590130697461
5.261502778863538,0.9389371609210415
5.911031845476362,0.9570388052149769
6.64074484928479,0.9705740095512666
7.4605404447366075,0.9803876867404107
8.381539268677866,0.9872861548923108
9.416234793278331,0.9919869009280412
10.578662801651687,0.995091591488365
11.884591785129816,0.9970788565916525
13.351736844955687,0.9983114836511356
15.0,0.9990522853345919
