SA(0.3s) [g],Loss_ratio
0.05000000000000001,8.912757987089571e-07
0.056172467201025755,2.035416149503977e-06
0.06310692142900626,4.485961778905035e-06
0.07089742948257126,9.543423689467589e-06
0.07964967064493539,1.9601928103968327e-05
0.08948237023750269,3.888276208552366e-05
0.10052891014472326,7.45108401592587e-05
0.11293913815718663,0.00013799212131382355
0.1268814006769336,0.00024709574369757294
0.14254482635890514,0.0004280555815815823
0.16014189166643014,0.0007178966362172691
0.17991130314285533,0.00116660009300516
0.2021212354977168,0.0018388075578995024
0.2270729694325259,0.0028148986812863543
0.2551049785537617,0.004191603751515544
0.28659752081259104,0.006082817893465298
0.3219777967548112,0.008621852152388537
0.36172574455336326,0.011966768469720125
0.4063805504338082,0.016310411544232937
0.45654796280755766,0.02189600298776642
0.5129085093300529,0.02903757713177404
0.5762267283493882,0.038142245207650124
0.6473615399712076,0.04972872002904766
0.7272778974247632,0.06443443355274237
0.8170598767824696,0.08300277707118364
0.9179253825967483,0.10624322846720613
1.0312426689380967,0.13496078534090034
1.1585488999444697,0.1698570038050884
1.3015710016583038,0.2114121684966821
1.4622490880091454,0.25976516911556347
1.6427627787184707,0.314612625378142
1.8455607661325835,0.375149845188613
2.0733940320616497,0.4400721268122767
2.329353165215711,0.5076457255294532
2.6169102854537,0.575844985328398
2.9399661435534976,0.6425384995287693
3.3029030354176987,0.7056961765161449
3.710644248503383,0.7635838324595305
4.168720846874621,0.8149140701866111
4.683346700825936,0.8589313248815441
5.261502778863538,0.8954226478183324
5.911031845476362,0.9246604056518356
6.64074484928479,0.9472948966856944
7.4605404447366075,0.9642213361458032
8.381539268677866,0.9764459374195803
9.416234793278331,0.9849709046875722
10.578662801651687,0.9907102455771662
11.884591785129816,0.994439926612351
13.351736844955687,0.9967790696494401
15.0,0.9981947252620054
