PGA [g],Loss_ratio
0.05000000000000001,4.932942943014495e-13
0.056172467201025755,4.142336473833552e-12
0.06310692142900626,3.151102712095622e-11
0.07089742948257126,2.1719256393382124e-10
0.07964967064493539,1.356734091739753e-09
0.08948237023750269,7.6829640871523e-09
0.10052891014472326,3.945326030874163e-08
0.11293913815718663,1.8378743270597299e-07
0.1268814006769336,7.769896107678865e-07
0.14254482635890514,2.9826728855375517e-06
0.16014189166643014,1.040302504778934e-05
0.17991130314285533,3.299241089418925e-05
0.2021212354977168,9.523434956237308e-05
0.2270729694325259,0.0002505225807438449
0.2551049785537617,0.0006015901769952925
0.28659752081259104,0.0013217351242618856
0.3219777967548112,0.002665371346999512
0.36172574455336326,0.004955661258466776
0.4063805504338082,0.008550363890718239
0.45654796280755766,0.013816112882687533
0.5129085093300529,0.02117025717838212
0.5762267283493882,0.031246983151678558
0.6473615399712076,0.04518615356656717
0.7272778974247632,0.06493962814277103
0.8170598767824696,0.09339362382523868
0.9179253825967483,0.13408631538280194
1.0312426689380967,0.19040339769794218
1.1585488999444697,0.2643556401774359
1.3015710016583038,0.3553127003670275
1.4622490880091454,0.4592532814660107
1.6427627787184707,0.5690350186830979
1.8455607661325835,0.6758153443182868
2.0733940320616497,0.7711997985578396
2.329353165215711,0.8492798063778351
2.6169102854537,0.9077449969274914
2.9399661435534976,0.947730114485513
3.3029030354176987,0.972675720434286
3.710644248503383,0.9868571213509932
4.168720846874621,0.9941967862417744
4.683346700825936,0.9976523839549877
5.261502778863538,0.9991313659269249
5.911031845476362,0.9997064553790092
6.64074484928479,0.9999095095286609
7.4605404447366075,0.999974580876369
8.381539268677866,0.9999934994990192
9.416234793278331,0.9999984877843956
10.578662801651687,0.9999996802149356
11.884591785129816,0.9999999385650368
13.351736844955687,0.9999999892834621
15.0,0.9999999983034291
