SA(0.3s) [g],Loss_ratio
0.05000000000000001,1.0348858872716304e-05
0.056172467201025755,2.074974185385381e-05
0.06310692142900626,4.027060515213732e-05
0.07089742948257126,7.567787638197986e-05
0.07964967064493539,0.0001377638241050527
0.08948237023750269,0.0002430547795481686
0.10052891014472326,0.0004158519900367197
0.11293913815718663,0.0006904906955832845
0.1268814006769336,0.001113647481736829
0.14254482635890514,0.0017465281179715132
0.16014189166643014,0.0026668730954644286
0.17991130314285533,0.003970953233672159
0.2021212354977168,0.005776074515309926
0.2270729694325259,0.008224481205795397
0.2551049785537617,0.011489775307825119
0.28659752081259104,0.015786846141380095
0.3219777967548112,0.02138563025391746
0.36172574455336326,0.028627710534128693
0.4063805504338082,0.03794292401252128
0.45654796280755766,0.049861139762736685
0.5129085093300529,0.06501277824990856
0.5762267283493882,0.0841111717914899
0.6473615399712076,0.10791113318822651
0.7272778974247632,0.13714141605649643
0.8170598767824696,0.1724139125478757
0.9179253825967483,0.2141186252531638
1.0312426689380967,0.2623193062061212
1.1585488999444697,0.3166685266887517
1.3015710016583038,0.37636131808857354
1.4622490880091454,0.4401425373212912
1.6427627787184707,0.5063749454607819
1.8455607661325835,0.5731640435305061
2.0733940320616497,0.6385243799728313
2.329353165215711,0.7005631301238298
2.6169102854537,0.757652638809436
2.9399661435534976,0.8085655238276822
3.3029030354176987,0.8525534597410974
3.710644248503383,0.8893619716153424
4.168720846874621,0.9191856080662031
4.683346700825936,0.9425778278888426
5.261502778863538,0.9603357308385606
5.911031845476362,0.9733806320593801
6.64074484928479,0.9826520394204702
7.4605404447366075,0.9890264438896035
8.381539268677866,0.9932654267901118
9.416234793278331,0.9959916149934717
10.578662801651687,0.9976870088816739
11.884591785129816,0.9987064413707538
13.351736844955687,0.9992990601934337
15.0,0.9996320882101499
