SA(0.6s) [g],Loss_ratio
0.05000000000000001,7.019146772233033e-05
0.056172467201025755,0.0001396260229776014
0.06310692142900626,0.0002660817672310356
0.07089742948257126,0.00048603302621703096
0.07964967064493539,0.0008515431234959903
0.08948237023750269,0.0014321713925355638
0.10052891014472326,0.002314611198739497
0.11293913815718663,0.0035993169775527527
0.1268814006769336,0.00539431897876787
0.14254482635890514,0.007807921342712993
0.16014189166643014,0.01094365120327589
0.17991130314285533,0.0149019881333617
0.2021212354977168,0.019793272845910034
0.2270729694325259,0.025764245114580836
0.2551049785537617,0.03303696085008537
0.28659752081259104,0.041954175582120876
0.3219777967548112,0.05302096051840197
0.36172574455336326,0.06692968643908626
0.4063805504338082,0.0845554715531922
0.45654796280755766,0.10691196802883007
0.5129085093300529,0.13506265154732458
0.5762267283493882,0.1699900766906214
0.6473615399712076,0.21243433945224377
0.7272778974247632,0.26272143866715764
0.8170598767824696,0.32061072345601593
0.9179253825967483,0.38519541610532226
1.0312426689380967,0.4548880095611978
1.1585488999444697,0.5275108124312102
1.3015710016583038,0.600491521308909
1.4622490880091454,0.6711387571883491
1.6427627787184707,0.7369504050076199
1.8455607661325835,0.7958961837918455
2.0733940320616497,0.8466200350228978
2.329353165215711,0.8885271397928458
2.6169102854537,0.9217486453374326
2.9399661435534976,0.9470053561332712
3.3029030354176987,0.965411167901525
3.710644248503383,0.9782631599837626
4.168720846874621,0.986858409067905
4.683346700825936,0.9923623074834822
5.261502778863538,0.9957357373342215
5.911031845476362,0.9977142553415791
6.64074484928479,0.9988243602530278
7.4605404447366075,0.9994200802420569
8.381539268677866,0.9997257706138187
9.416234793278331,0.9998757384703367
10.578662801651687,0.9999460642039181
11.884591785129816,0.999977582279473
13.351736844955687,0.9999910803111105
15.0,0.9999966034804212
