SA(0.3s) [g],Loss_ratio
0.05000000000000001,3.919676969277308e-07
0.056172467201025755,9.473410030769181e-07
0.06310692142900626,2.205703481267252e-06
0.07089742948257126,4.948558299872064e-06
0.07964967064493539,1.0701071078300651e-05
0.08948237023750269,2.231228432872934e-05
0.10052891014472326,4.4875705404007206e-05
0.11293913815718663,8.71063157314611e-05
0.1268814006769336,0.00016327780516334767
0.14254482635890514,0.00029578082497546673
0.16014189166643014,0.000518292596690595
0.17991130314285533,0.0008794742886499674
0.2021212354977168,0.0014470836544965282
0.2270729694325259,0.0023124697953543828
0.2551049785537617,0.0035956531467767395
0.28659752081259104,0.005451573620984679
0.3219777967548112,0.00807848929604848
0.36172574455336326,0.011729671927720385
0.4063805504338082,0.016729128963531376
0.45654796280755766,0.02349077273443873
0.5129085093300529,0.032538164221634774
0.5762267283493882,0.04451899832876437
0.6473615399712076,0.060205689706122424
0.7272778974247632,0.08047198875304093
0.8170598767824696,0.1062368081906569
0.9179253825967483,0.13837123630227993
1.0312426689380967,0.1775729430970659
1.1585488999444697,0.22422242874142587
1.3015710016583038,0.27824517205324506
1.4622490880091454,0.3390094478249907
1.6427627787184707,0.40528855870234154
1.8455607661325835,0.4753072164366432
2.0733940320616497,0.5468759512032009
2.329353165215711,0.6175983144985668
2.6169102854537,0.6851184127911198
2.9399661435534976,0.7473660404954059
3.3029030354176987,0.8027566036260209
3.710644248503383,0.8503133127434884
4.168720846874621,0.8896967692396496
4.683346700825936,0.921146942751592
5.261502778863538,0.9453591903189262
5.911031845476362,0.963325441234247
6.64074484928479,0.9761726067626686
7.4605404447366075,0.9850239688294389
8.381539268677866,0.9908988387633185
9.416234793278331,0.9946547063127262
10.578662801651687,0.9969672499313018
11.884591785129816,0.9983384022241046
13.351736844955687,0.9991212009646864
15.0,0.9995514693542213
