SA(0.6s) [g],Loss_ratio
0.05000000000000001,0.00012109181131116919
0.056172467201025755,0.00024286873435666603
0.06310692142900626,0.0004649844670307324
0.07089742948257126,0.0008507780891988782
0.07964967064493539,0.00148982364434474
0.08948237023750269,0.0025014087254777388
0.10052891014472326,0.004036009783350114
0.11293913815718663,0.006275576455530347
0.1268814006769336,0.00943534015710168
0.14254482635890514,0.013771553913540704
0.16014189166643014,0.019599831360156413
0.17991130314285533,0.027326429515321625
0.2021212354977168,0.03748952587847192
0.2270729694325259,0.05080020261376561
0.2551049785537617,0.06816573934754261
0.28659752081259104,0.0906739438645724
0.3219777967548112,0.11951936476071551
0.36172574455336326,0.15586180122747148
0.4063805504338082,0.20062401118786857
0.45654796280755766,0.25425599659487425
0.5129085093300529,0.31651245869777095
0.5762267283493882,0.38630113887164774
0.6473615399712076,0.4616562581837182
0.7272778974247632,0.5398698041517096
0.8170598767824696,0.6177767041213642
0.9179253825967483,0.6921476779764757
1.0312426689380967,0.7601099909276382
1.1585488999444697,0.8195045526717833
1.3015710016583038,0.8691036576855562
1.4622490880091454,0.9086522967803763
1.6427627787184707,0.9387435763042314
1.8455607661325835,0.9605786472717073
2.0733940320616497,0.9756813382122368
2.329353165215711,0.9856341129556643
2.6169102854537,0.9918807827465018
2.9399661435534976,0.9956133639708964
3.3029030354176987,0.9977360381670701
3.710644248503383,0.9988845651552334
4.168720846874621,0.9994756710187873
4.683346700825936,0.9997649712021227
5.261502778863538,0.9998995865182728
5.911031845476362,0.9999591272844045
6.64074484928479,0.9999841554224352
7.4605404447366075,0.9999941522989613
8.381539268677866,0.9999979459391086
9.416234793278331,0.9999993134935313
10.578662801651687,0.999999781741858
11.884591785129816,0.9999999340077836
13.351736844955687,0.9999999810275734
15.0,0.9999999948146153
