SA(0.3s) [g],Loss_ratio
0.05000000000000001,4.70417349197616e-06
0.056172467201025755,1.0505263613780348e-05
0.06310692142900626,2.2537807293177004e-05
0.07089742948257126,4.646719270647304e-05
0.07964967064493539,9.210680947968065e-05
0.08948237023750269,0.00017561765568909206
0.10052891014472326,0.00032229062381499145
0.11293913815718663,0.0005697282209954636
0.1268814006769336,0.000971067266275727
0.14254482635890514,0.00159778585046374
0.16014189166643014,0.0025417458305804
0.17991130314285533,0.003916554683174062
0.2021212354977168,0.005859112212314477
0.2270729694325259,0.008533178848760942
0.2551049785537617,0.0121375725419456
0.28659752081259104,0.016921602070708905
0.3219777967548112,0.02320901165784728
0.36172574455336326,0.03142876593116318
0.4063805504338082,0.04214673431829422
0.45654796280755766,0.056087744593481856
0.5129085093300529,0.07413418191048723
0.5762267283493882,0.09728713903200462
0.6473615399712076,0.12658048953680262
0.7272778974247632,0.16294748241596732
0.8170598767824696,0.20705228171191545
0.9179253825967483,0.2591123751457378
1.0312426689380967,0.3187478791361066
1.1585488999444697,0.38489636735124205
1.3015710016583038,0.45582428620775306
1.4622490880091454,0.5292484409955664
1.6427627787184707,0.6025570053618551
1.8455607661325835,0.6730953781993597
2.0733940320616497,0.7384652309368382
2.329353165215711,0.7967808191860151
2.6169102854537,0.8468367573864848
2.9399661435534976,0.8881629674639469
3.3029030354176987,0.9209687628872719
3.710644248503383,0.9460012097776413
4.168720846874621,0.9643568834482712
4.683346700825936,0.9772884128917947
5.261502778863538,0.9860392636317004
5.911031845476362,0.9917263321419146
6.64074484928479,0.9952751935150256
7.4605404447366075,0.997401291518357
8.381539268677866,0.9986239590338085
9.416234793278331,0.9992988082146014
10.578662801651687,0.9996562665158731
11.884591785129816,0.9998379500458744
13.351736844955687,0.9999265497261647
15.0,0.9999680005750066
