SA(0.3s) [g],Loss_ratio
0.05000000000000001,0.0001644795289154899
0.056172467201025755,0.0003034819091127017
0.06310692142900626,0.0005391775634413843
0.07089742948257126,0.0009232441894436061
0.07964967064493539,0.001525448738843227
0.08948237023750269,0.002435643802138049
0.10052891014472326,0.0037649605342071407
0.11293913815718663,0.005646986450709962
0.1268814006769336,0.008240724566389107
0.14254482635890514,0.011737991296277036
0.16014189166643014,0.016378049143970147
0.17991130314285533,0.02247108804693621
0.2021212354977168,0.03042932791298882
0.2270729694325259,0.04080023396547872
0.2551049785537617,0.05429156737862204
0.28659752081259104,0.07177434238422627
0.3219777967548112,0.09424910896821051
0.36172574455336326,0.12276486236231325
0.4063805504338082,0.15828878706244282
0.45654796280755766,0.20153787932241862
0.5129085093300529,0.25279744060225423
0.5762267283493882,0.31176240617833567
0.6473615399712076,0.3774411841074093
0.7272778974247632,0.4481551520368138
0.8170598767824696,0.5216499696241252
0.9179253825967483,0.5953106945109371
1.0312426689380967,0.6664476362662124
1.1585488999444697,0.7326014231569447
1.3015710016583038,0.7918099180438929
1.4622490880091454,0.842788605200298
1.6427627787184707,0.8849972422783756
1.8455607661325835,0.9185923485621884
2.0733940320616497,0.9442894251591439
2.329353165215711,0.9631740999499765
2.6169102854537,0.9765047203708449
2.9399661435534976,0.985541494784621
3.3029030354176987,0.9914233557948451
3.710644248503383,0.995098531074935
4.168720846874621,0.9973026441828658
4.683346700825936,0.998571226796618
5.261502778863538,0.9992718338952715
5.911031845476362,0.9996430679182995
6.64074484928479,0.9998317754501035
7.4605404447366075,0.9999237893522784
8.381539268677866,0.9999668220257283
9.416234793278331,0.9999861232493082
10.578662801651687,0.9999944251347384
11.884591785129816,0.9999978491862426
13.351736844955687,0.9999992032655467
15.0,0.9999997166691439
