SA(0.6s) [g],Loss_ratio
0.05000000000000001,0.0003704313606573806
0.056172467201025755,0.000683703853208556
0.06310692142900626,0.001206397964124545
0.07089742948257126,0.0020378686189492456
0.07964967064493539,0.003301324427369856
0.08948237023750269,0.005140378161239462
0.10052891014472326,0.007714635512878155
0.11293913815718663,0.011198454138121077
0.1268814006769336,0.015788514127247893
0.14254482635890514,0.021725362138499123
0.16014189166643014,0.029330749290688678
0.17991130314285533,0.039056527848240055
0.2021212354977168,0.0515335389144422
0.2270729694325259,0.06760269151836334
0.2551049785537617,0.08830781215120719
0.28659752081259104,0.11483261930771693
0.3219777967548112,0.14837292241493683
0.36172574455336326,0.1899491347007114
0.4063805504338082,0.24018141604207485
0.45654796280755766,0.299066774969179
0.5129085093300529,0.3658092983698848
0.5762267283493882,0.43875562615882713
0.6473615399712076,0.5154734861501682
0.7272778974247632,0.5929814997403065
0.8170598767824696,0.6680998809311893
0.9179253825967483,0.7378559939723139
1.0312426689380967,0.7998592958665363
1.1585488999444697,0.8525656059879894
1.3015710016583038,0.8953803010181709
1.4622490880091454,0.9285937026408647
1.6427627787184707,0.9531841413796724
1.8455607661325835,0.9705510668901638
2.0733940320616497,0.9822455097505819
2.329353165215711,0.9897505588645501
2.6169102854537,0.9943391649890801
2.9399661435534976,0.9970110210289683
3.3029030354176987,0.9984922294565862
3.710644248503383,0.9992738003888774
4.168720846874621,0.999666227629462
4.683346700825936,0.9998536787014759
5.261502778863538,0.9999388441520369
5.911031845476362,0.9999756403395816
6.64074484928479,0.999990756131201
7.4605404447366075,0.9999966592239766
8.381539268677866,0.9999988504512883
9.416234793278331,0.9999996234857109
10.578662801651687,0.9999998826432055
11.884591785129816,0.9999999651970379
13.351736844955687,0.9999999901820064
15.0,0.999999997365773
