SA(0.6s) [g],Loss_ratio
0.05000000000000001,0.001154224852048158
0.056172467201025755,0.0019025555609771428
0.06310692142900626,0.003015217618262356
0.07089742948257126,0.00460176384037283
0.07964967064493539,0.006776911528229479
0.08948237023750269,0.009654998468422831
0.10052891014472326,0.013349823583613054
0.11293913815718663,0.017984667742775448
0.1268814006769336,0.023715942761072337
0.14254482635890514,0.030770550937593108
0.16014189166643014,0.039492179449964124
0.17991130314285533,0.05038663444425095
0.2021212354977168,0.06415249323330625
0.2270729694325259,0.08168216740475465
0.2551049785537617,0.10402066847863659
0.28659752081259104,0.13227500778024073
0.3219777967548112,0.16747577360942784
0.36172574455336326,0.2104031381940946
0.4063805504338082,0.2614009257760822
0.45654796280755766,0.3202121009979341
0.5129085093300529,0.38587384306521794
0.5762267283493882,0.45670678105521567
0.6473615399712076,0.530418925126248
0.7272778974247632,0.6043215321770072
0.8170598767824696,0.6756268779909356
0.9179253825967483,0.7417749419618292
1.0312426689380967,0.8007255994660587
1.1585488999444697,0.851159668019261
1.3015710016583038,0.8925546454970872
1.4622490880091454,0.9251320121482405
1.6427627787184707,0.9497024516346129
1.8455607661325835,0.9674544078127679
2.0733940320616497,0.9797356997109461
2.329353165215711,0.9878687279342357
2.6169102854537,0.9930225803530471
2.9399661435534976,0.9961469144094027
3.3029030354176987,0.9979583154508157
3.710644248503383,0.9989624675854936
4.168720846874621,0.9994945971027275
4.683346700825936,0.9997641111899372
5.261502778863538,0.9998945517474669
5.911031845476362,0.9999548685651279
6.64074484928479,0.999981512143361
7.4605404447366075,0.9999927533913072
8.381539268677866,0.9999972828795144
9.416234793278331,0.9999990256734655
10.578662801651687,0.9999996659380145
11.884591785129816,0.999999890505947
13.351736844955687,0.9999999656982034
15.0,0.999999989730836
