SA(0.3s) [g],Loss_ratio
0.05000000000000001,5.806058378737822e-05
0.056172467201025755,0.00010738092203854133
0.06310692142900626,0.000192098899034443
0.07089742948257126,0.00033250474304465376
0.07964967064493539,0.0005570442473721404
0.08948237023750269,0.0009035863164584712
0.10052891014472326,0.0014198394978244822
0.11293913815718663,0.002162426680321833
0.1268814006769336,0.003194274306061451
0.14254482635890514,0.004580331962103801
0.16014189166643014,0.0063822041593549214
0.17991130314285533,0.008652962592191272
0.2021212354977168,0.01143404451104656
0.2270729694325259,0.014756506240341638
0.2551049785537617,0.018648770672504388
0.28659752081259104,0.023152244818861113
0.3219777967548112,0.028344793734879328
0.36172574455336326,0.0343702153206238
0.4063805504338082,0.04146988392615829
0.45654796280755766,0.05001100890158034
0.5129085093300529,0.060504864259199806
0.5762267283493882,0.07360818583077053
0.6473615399712076,0.0901018934590314
0.7272778974247632,0.11084346062652023
0.8170598767824696,0.13669259328256034
0.9179253825967483,0.16841421074658833
1.0312426689380967,0.20656762354187422
1.1585488999444697,0.2513955318483706
1.3015710016583038,0.3027299549245454
1.4622490880091454,0.359933216025201
1.6427627787184707,0.42188960980185464
1.8455607661325835,0.48705698127662606
2.0733940320616497,0.553577794691325
2.329353165215711,0.619438148671066
2.6169102854537,0.6826531914315233
2.9399661435534976,0.7414511884392596
3.3029030354176987,0.794427988569921
3.710644248503383,0.8406492236405542
4.168720846874621,0.879687943066087
4.683346700825936,0.9115978728171535
5.261502778863538,0.9368339460588664
5.911031845476362,0.9561395316778193
6.64074484928479,0.9704224956333297
7.4605404447366075,0.9806400061181834
8.381539268677866,0.9877062389872978
9.416234793278331,0.9924298952231057
10.578662801651687,0.9954816766779822
11.884591785129816,0.9973869442588114
13.351736844955687,0.9985362437396771
15.0,0.9992060305274081
