SA(0.6s) [g],Loss_ratio
0.05000000000000001,0.005978179649949429
0.056172467201025755,0.008687599234291193
0.06310692142900626,0.012143753547054383
0.07089742948257126,0.016384938637953757
0.07964967064493539,0.021434820438268627
0.08948237023750269,0.02734063197693919
0.10052891014472326,0.034230749701256384
0.11293913815718663,0.04238188099324223
0.1268814006769336,0.052280555672438646
0.14254482635890514,0.06466171510551644
0.16014189166643014,0.08050935196952333
0.17991130314285533,0.1010091623025541
0.2021212354977168,0.12744922143039006
0.2270729694325259,0.1610708721950153
0.2551049785537617,0.20287907982788356
0.28659752081259104,0.2534310768646967
0.3219777967548112,0.3126344361005328
0.36172574455336326,0.37959753159168075
0.4063805504338082,0.45257994416922
0.45654796280755766,0.5290805350360779
0.5129085093300529,0.6060738389523386
0.5762267283493882,0.6803664040057413
0.6473615399712076,0.7490067015233629
0.7272778974247632,0.8096606939515847
0.8170598767824696,0.8608704269998582
0.9179253825967483,0.9021447003939205
1.0312426689380967,0.9338774954853023
1.1585488999444697,0.9571341698048337
1.3015710016583038,0.9733724374860867
1.4622490880091454,0.9841682568433631
1.6427627787184707,0.99099935621907
1.8455607661325835,0.9951114278545892
2.0733940320616497,0.9974653918835377
2.329353165215711,0.9987464179254555
2.6169102854537,0.999408938271459
2.9399661435534976,0.9997344754855818
3.3029030354176987,0.9998864081129064
3.710644248503383,0.9999537445420045
4.168720846874621,0.9999820785067735
4.683346700825936,0.9999933957753321
5.261502778863538,0.9999976860004769
5.911031845476362,0.9999992293263097
6.64074484928479,0.9999997560904035
7.4605404447366075,0.9999999266609345
8.381539268677866,0.9999999790541697
9.416234793278331,0.9999999943188986
10.578662801651687,0.999999998536928
11.884591785129816,0.9999999996422909
13.351736844955687,0.9999999999169833
15.0,0.9999999999817141
