SA(0.3s) [g],Loss_ratio
0.05000000000000001,5.726345040210634e-05
0.056172467201025755,0.00010618408527175993
0.06310692142900626,0.00019078359658545322
0.07089742948257126,0.00033234866082796353
0.07964967064493539,0.0005617537785267578
0.08948237023750269,0.0009221304598031666
0.10052891014472326,0.0014716587806291983
0.11293913815718663,0.0022864128697517366
0.1268814006769336,0.0034633681470148895
0.14254482635890514,0.005123963511160113
0.16014189166643014,0.007418936909615543
0.17991130314285533,0.010535371426806469
0.2021212354977168,0.014706795702507148
0.2270729694325259,0.020226570715094
0.2551049785537617,0.027463549982906302
0.28659752081259104,0.03687720063794319
0.3219777967548112,0.0490273603254638
0.36172574455336326,0.06457217853780645
0.4063805504338082,0.0842472976531007
0.45654796280755766,0.10882065394594417
0.5129085093300529,0.13902078101019577
0.5762267283493882,0.175441968245785
0.6473615399712076,0.2184361652805039
0.7272778974247632,0.26800761569258713
0.8170598767824696,0.3237300339323956
0.9179253825967483,0.38470609218359775
1.0312426689380967,0.4495842110358889
1.1585488999444697,0.5166385100534625
1.3015710016583038,0.5839059626180403
1.4622490880091454,0.6493630216852324
1.6427627787184707,0.711115250547058
1.8455607661325835,0.7675702094711669
2.0733940320616497,0.8175670197133598
2.329353165215711,0.8604448861979691
2.6169102854537,0.89604508915245
2.9399661435534976,0.92465341091671
3.3029030354176987,0.946899664333708
3.710644248503383,0.9636359790230368
4.168720846874621,0.975815311314847
4.683346700825936,0.9843872144162491
5.261502778863538,0.9902210856052026
5.911031845476362,0.9940599554147372
6.64074484928479,0.9965020522612345
7.4605404447366075,0.9980037606399151
8.381539268677866,0.9988962964306745
9.416234793278331,0.9994089695062103
10.578662801651687,0.9996935406179916
11.884591785129816,0.9998461706250092
13.351736844955687,0.999925266485818
15.0,0.9999648669717169
