SA(0.3s) [g],Loss_ratio
0.05000000000000001,1.7253896074098664e-07
0.056172467201025755,4.325131558624574e-07
0.06310692142900626,1.0436186656415102e-06
0.07089742948257126,2.424213663965169e-06
0.07964967064493539,5.421870076854906e-06
0.08948237023750269,1.167741052903737e-05
0.10052891014472326,2.4223784484189714e-05
0.11293913815718663,4.8408813491607194e-05
0.1268814006769336,9.321697399579665e-05
0.14254482635890514,0.00017300925464514008
0.16014189166643014,0.00030958557770210395
0.17991130314285533,0.0005342986664204297
0.2021212354977168,0.0008897363758858357
0.2270729694325259,0.0014303043458889942
0.2551049785537617,0.0022209819202674785
0.28659752081259104,0.003333705475872789
0.3219777967548112,0.004841338217087605
0.36172574455336326,0.006810011020256018
0.4063805504338082,0.009291630305267756
0.45654796280755766,0.012319274877407423
0.5129085093300529,0.015908690764676606
0.5762267283493882,0.020068814082755872
0.6473615399712076,0.024823033467324805
0.7272778974247632,0.030240819042676528
0.8170598767824696,0.036476726851065094
0.9179253825967483,0.04381114769134754
1.0312426689380967,0.05268505932239674
1.1585488999444697,0.06371992189341912
1.3015710016583038,0.07771403382022979
1.4622490880091454,0.09560830672293155
1.6427627787184707,0.11841760574850736
1.8455607661325835,0.1471285355034124
2.0733940320616497,0.18257063622725195
2.329353165215711,0.22527478399715578
2.6169102854537,0.275338954126931
2.9399661435534976,0.3323256170749881
3.3029030354176987,0.39521490102471873
3.710644248503383,0.46243182186860465
4.168720846874621,0.5319542779010622
4.683346700825936,0.6014929842661403
5.261502778863538,0.668718707102111
5.911031845476362,0.7315004849516366
6.64074484928479,0.7881147289937601
7.4605404447366075,0.8373907495377849
8.381539268677866,0.8787720422848981
9.416234793278331,0.9122907247954353
10.578662801651687,0.9384697897604007
11.884591785129816,0.9581798571263725
13.351736844955687,0.972481396060179
15.0,0.9824800666903482
