SA(0.3s) [g],Loss_ratio
0.05000000000000001,0.00014774493662504385
0.056172467201025755,0.0002528802995671986
0.06310692142900626,0.00042083548949792824
0.07089742948257126,0.000681342491941811
0.07964967064493539,0.0010739628049414418
0.08948237023750269,0.0016495425836057845
0.10052891014472326,0.002471410919808759
0.11293913815718663,0.0036164172220583216
0.1268814006769336,0.005176156745364402
0.14254482635890514,0.00725902371838676
0.16014189166643014,0.009993962512048473
0.17991130314285533,0.013536825493945602
0.2021212354977168,0.018079953527104953
0.2270729694325259,0.023864878013660593
0.2551049785537617,0.03119690764425114
0.28659752081259104,0.040458954931160446
0.3219777967548112,0.052120573248037136
0.36172574455336326,0.06673722370051907
0.4063805504338082,0.08493471138730109
0.45654796280755766,0.10737487253194208
0.5129085093300529,0.13470109208796233
0.5762267283493882,0.1674659025730924
0.6473615399712076,0.20604721587259997
0.7272778974247632,0.2505638133267794
0.8170598767824696,0.3008035413317089
0.9179253825967483,0.35617827387665957
1.0312426689380967,0.41571750032703997
1.1585488999444697,0.47810735948400096
1.3015710016583038,0.5417747710831011
1.4622490880091454,0.6050083668154304
1.6427627787184707,0.6661009207819816
1.8455607661325835,0.7234935856231639
2.0733940320616497,0.7759015808733474
2.329353165215711,0.8224042935845979
2.6169102854537,0.8624892912216051
2.9399661435534976,0.8960479785590633
3.3029030354176987,0.9233286674115354
3.710644248503383,0.9448589607863126
4.168720846874621,0.9613524928739916
4.683346700825936,0.9736149686135007
5.261502778863538,0.9824616630647699
5.911031845476362,0.9886541501726409
6.64074484928479,0.9928592653422008
7.4605404447366075,0.9956292094019995
8.381539268677866,0.9973989097709002
9.416234793278331,0.9984954454409971
10.578662801651687,0.9991543184169435
11.884591785129816,0.9995382031717431
13.351736844955687,0.9997550669657315
15.0,0.9998738431187169
