SA(0.3s) [g],Loss_ratio
0.05000000000000001,2.1358935843329708e-05
0.056172467201025755,4.070036378840403e-05
0.06310692142900626,7.52582152829695e-05
0.07089742948257126,0.00013509534105429213
0.07964967064493539,0.00023555350407984403
0.08948237023750269,0.0003991894490745662
0.10052891014472326,0.000658022247804535
0.11293913815718663,0.0010560129800662231
0.1268814006769336,0.0016517055878698728
0.14254482635890514,0.002521032541817553
0.16014189166643014,0.0037604444653822344
0.17991130314285533,0.005490739879307233
0.2021212354977168,0.007862181873907692
0.2270729694325259,0.011061573570620632
0.2551049785537617,0.015321773317050364
0.28659752081259104,0.020933529074687908
0.3219777967548112,0.028258447518992844
0.36172574455336326,0.037740485485314654
0.4063805504338082,0.049911848659452286
0.45654796280755766,0.06538806884313603
0.5129085093300529,0.0848468574564401
0.5762267283493882,0.1089865816219937
0.6473615399712076,0.1384631055340132
0.7272778974247632,0.17380808556806493
0.8170598767824696,0.21533690265138505
0.9179253825967483,0.2630591227042182
1.0312426689380967,0.31660734942712937
1.1585488999444697,0.3752003771403358
1.3015710016583038,0.4376530187377123
1.4622490880091454,0.5024380921197225
1.6427627787184707,0.5677969740166984
1.8455607661325835,0.6318858102058391
2.0733940320616497,0.6929371288067605
2.329353165215711,0.7494131208738569
2.6169102854537,0.8001281949487582
2.9399661435534976,0.8443243064142127
3.3029030354176987,0.8816915570859161
3.710644248503383,0.912336456579584
4.168720846874621,0.9367087407456774
4.683346700825936,0.9555030120109793
5.261502778863538,0.9695529375768904
5.911031845476362,0.9797336119374842
6.64074484928479,0.9868830768921226
7.4605404447366075,0.99174838701611
8.381539268677866,0.9949564099152179
9.416234793278331,0.9970057225656611
10.578662801651687,0.9982739005277204
11.884591785129816,0.9990340761382963
13.351736844955687,0.9994754156029089
15.0,0.9997235703593508
