SA(0.3s) [g],Loss_ratio
0.05000000000000001,2.0481419732881758e-05
0.056172467201025755,4.037302794674958e-05
0.06310692142900626,7.692108699272616e-05
0.07089742948257126,0.0001417080539396598
0.07964967064493539,0.0002525498578565322
0.08948237023750269,0.00043566929798304906
0.10052891014472326,0.0007280048590555255
0.11293913815718663,0.0011793951477397536
0.1268814006769336,0.0018543771089224892
0.14254482635890514,0.00283347507228352
0.16014189166643014,0.00421417774480356
0.17991130314285533,0.0061122804490839466
0.2021212354977168,0.008664795186352759
0.2270729694325259,0.012035986010067154
0.2551049785537617,0.01642799375918489
0.28659752081259104,0.022096718874958923
0.3219777967548112,0.029372023294881318
0.36172574455336326,0.03867903627908656
0.4063805504338082,0.05055485862655941
0.45654796280755766,0.06565297934459202
0.5129085093300529,0.08472709402204204
0.5762267283493882,0.10858747648892167
0.6473615399712076,0.13802695454313504
0.7272778974247632,0.1737196177378984
0.8170598767824696,0.21610266548197046
0.9179253825967483,0.26525867422619265
1.0312426689380967,0.3208200722727889
1.1585488999444697,0.3819179698477396
1.3015710016583038,0.44719266910091504
1.4622490880091454,0.5148734136240765
1.6427627787184707,0.5829219505622335
1.8455607661325835,0.6492212104912959
2.0733940320616497,0.7117802746865451
2.329353165215711,0.7689226470619174
2.6169102854537,0.8194279990297803
2.9399661435534976,0.8626072867031697
3.3029030354176987,0.8983048633230168
3.710644248503383,0.9268353024042401
4.168720846874621,0.9488736190983598
4.683346700825936,0.9653231314562194
5.261502778863538,0.9771848010118662
5.911031845476362,0.9854466697788636
6.64074484928479,0.9910041625340603
7.4605404447366075,0.994613955304096
8.381539268677866,0.9968777051984062
9.416234793278331,0.9982481524209591
10.578662801651687,0.99904896907561
11.884591785129816,0.999500610598574
13.351736844955687,0.9997464215144856
15.0,0.9998755180802151
