SA(0.3s) [g],Loss_ratio
0.05000000000000001,4.843296357266991e-05
0.056172467201025755,9.216575894433477e-05
0.06310692142900626,0.000169489130622591
0.07089742948257126,0.0003013699490477251
0.07964967064493539,0.0005184891200786357
0.08948237023750269,0.0008638198212390758
0.10052891014472326,0.0013950641803376963
0.11293913815718663,0.0021867277445212444
0.1268814006769336,0.003331826820356282
0.14254482635890514,0.0049436314252376155
0.16014189166643014,0.007158382843169714
0.17991130314285533,0.01014041306607984
0.2021212354977168,0.01409125580064049
0.2270729694325259,0.019263864743891277
0.2551049785537617,0.025981722880020725
0.28659752081259104,0.034660445644863015
0.3219777967548112,0.04582679793337151
0.36172574455336326,0.06012755977271386
0.4063805504338082,0.0783193252689251
0.45654796280755766,0.1012310370246689
0.5129085093300529,0.12969445288718062
0.5762267283493882,0.1644437891688731
0.6473615399712076,0.20599362952782635
0.7272778974247632,0.2545121604099999
0.8170598767824696,0.3097126914723793
0.9179253825967483,0.37078806261078073
1.0312426689380967,0.4364084761178124
1.1585488999444697,0.5047934535136221
1.3015710016583038,0.5738546498505751
1.4622490880091454,0.6413913261916464
1.6427627787184707,0.705308267643113
1.8455607661325835,0.763820260090744
2.0733940320616497,0.815609690951101
2.329353165215711,0.8599138870702042
2.6169102854537,0.896533707773971
2.9399661435534976,0.9257706234655149
3.3029030354176987,0.9483120103911314
3.710644248503383,0.9650909485651477
4.168720846874621,0.9771466850404829
4.683346700825936,0.9855063230045623
5.261502778863538,0.9910996724192539
5.911031845476362,0.9947102767629689
6.64074484928479,0.9969585530977576
7.4605404447366075,0.9983088358098333
8.381539268677866,0.9990909187592999
9.416234793278331,0.9995277220319853
10.578662801651687,0.9997629448025617
11.884591785129816,0.9998850662511216
13.351736844955687,0.9999461865227613
15.0,0.9999756730518622
