SA(0.6s) [g],Loss_ratio
0.05000000000000001,5.612122063181624e-05
0.056172467201025755,0.00011547858141289224
0.06310692142900626,0.00022732054146716308
0.07089742948257126,0.00042845557338203055
0.07964967064493539,0.0007740332833355402
0.08948237023750269,0.001342054298278761
0.10052891014472326,0.0022369027043535384
0.11293913815718663,0.0035914517438159488
0.1268814006769336,0.0055682120648652255
0.14254482635890514,0.00836138634325762
0.16014189166643014,0.012203061366184594
0.17991130314285533,0.017377257106155793
0.2021212354977168,0.02424425032546761
0.2270729694325259,0.033274000169945056
0.2551049785537617,0.04508199691118346
0.28659752081259104,0.0604548533625431
0.3219777967548112,0.08034867525042426
0.36172574455336326,0.10584304106675183
0.4063805504338082,0.13803897833510692
0.45654796280755766,0.17790091560918866
0.5129085093300529,0.22605860566310385
0.5762267283493882,0.28260186207551513
0.6473615399712076,0.34691350342060057
0.7272778974247632,0.41758869530658854
0.8170598767824696,0.4924780738439395
0.9179253825967483,0.5688675789259154
1.0312426689380967,0.6437749096756796
1.1585488999444697,0.7143104780483883
1.3015710016583038,0.7780306061909116
1.4622490880091454,0.8332103521909542
1.6427627787184707,0.8789838365294961
1.8455607661325835,0.91533464844812
2.0733940320616497,0.9429560864101203
2.329353165215711,0.9630286618519313
2.6169102854537,0.9769730551141074
2.9399661435534976,0.9862300517071116
3.3029030354176987,0.9921004196501658
3.710644248503383,0.9956555081048586
4.168720846874621,0.9977109398841145
4.683346700825936,0.9988451985069668
5.261502778863538,0.9994424760265495
5.911031845476362,0.9997425324192882
6.64074484928479,0.9998863155248947
7.4605404447366075,0.9999520228902334
8.381539268677866,0.9999806548539102
9.416234793278331,0.9999925495934696
10.578662801651687,0.999997260093116
11.884591785129816,0.999999038102277
13.351736844955687,0.999999677700962
15.0,0.9999998969530257
