PGA [g],Loss_ratio
0.05000000000000001,3.869590666120138e-05
0.056172467201025755,8.770161958595591e-05
0.06310692142900626,0.00018817011469853266
0.07089742948257126,0.0003825832238723904
0.07964967064493539,0.0007380609627941903
0.08948237023750269,0.0013532520057758346
0.10052891014472326,0.0023634136397564513
0.11293913815718663,0.003942945315302537
0.1268814006769336,0.006307047643358687
0.14254482635890514,0.0097178705820822
0.16014189166643014,0.01450381529569968
0.17991130314285533,0.021100663145812045
0.2021212354977168,0.030116979418240715
0.2270729694325259,0.04241281034335318
0.2551049785537617,0.05916295161988527
0.28659752081259104,0.08186119614543413
0.3219777967548112,0.11221950487677931
0.36172574455336326,0.15193376888620064
0.4063805504338082,0.2023269023098989
0.45654796280755766,0.26393159760824947
0.5129085093300529,0.33612083100632434
0.5762267283493882,0.41691187611375075
0.6473615399712076,0.5030429425849781
0.7272778974247632,0.590350681341716
0.8170598767824696,0.6743826447294303
0.9179253825967483,0.7510972728985001
1.0312426689380967,0.8174702053047604
1.1585488999444697,0.8718559712344341
1.3015710016583038,0.9140363043460394
1.4622490880091454,0.9449855216835061
1.6427627787184707,0.9664596946071548
1.8455607661325835,0.9805443164315801
2.0733940320616497,0.9892738228292863
2.329353165215711,0.9943849863290495
2.6169102854537,0.9972112913948606
2.9399661435534976,0.9986869398830313
3.3029030354176987,0.9994142457912918
3.710644248503383,0.9997525724763278
4.168720846874621,0.9999010848853221
4.683346700825936,0.9999625920678572
5.261502778863538,0.9999866224576472
5.911031845476362,0.9999954778609229
6.64074484928479,0.9999985554729908
7.4605404447366075,0.9999995640921066
8.381539268677866,0.9999998757671297
9.416234793278331,0.9999999665691615
10.578662801651687,0.9999999915075528
11.884591785129816,0.9999999979638595
13.351736844955687,0.9999999995393257
15.0,0.9999999999016622
