SA(0.3s) [g],Loss_ratio
0.05000000000000001,1.694605642352798e-05
0.056172467201025755,3.3402555359995916e-05
0.06310692142900626,6.364748080322503e-05
0.07089742948257126,0.00011726324946321199
0.07964967064493539,0.00020893996117051785
0.08948237023750269,0.00036014090019976803
0.10052891014472326,0.0006006785478370302
0.11293913815718663,0.0009697850206892234
0.1268814006769336,0.0015161362516200373
0.14254482635890514,0.0022962599679119235
0.16014189166643014,0.0033708914224430397
0.17991130314285533,0.004799181778865275
0.2021212354977168,0.006631201848415109
0.2270729694325259,0.008899833861400691
0.2551049785537617,0.011613750326851658
0.28659752081259104,0.014753549411320661
0.3219777967548112,0.018273081869361957
0.36172574455336326,0.022107485784292242
0.4063805504338082,0.026188494635102727
0.45654796280755766,0.03046638266882147
0.5129085093300529,0.03493671462148718
0.5762267283493882,0.03966911679678338
0.6473615399712076,0.04483472869718734
0.7272778974247632,0.05072883443507387
0.8170598767824696,0.05778529683535611
0.9179253825967483,0.06657966739075784
1.0312426689380967,0.07781812541732777
1.1585488999444697,0.09230975968059371
1.3015710016583038,0.11092036880539276
1.4622490880091454,0.1345072623760621
1.6427627787184707,0.16383680502872638
1.8455607661325835,0.19948974765736283
2.0733940320616497,0.241763404799462
2.329353165215711,0.2905836315422667
2.6169102854537,0.3454420827525383
2.9399661435534976,0.4053740671893874
3.3029030354176987,0.4689885031545598
3.710644248503383,0.5345540029895459
4.168720846874621,0.6001351072504615
4.683346700825936,0.663762370001869
5.261502778863538,0.7236120815956301
5.911031845476362,0.7781682641766503
6.64074484928479,0.826342348492684
7.4605404447366075,0.8675341240538187
8.381539268677866,0.9016290660953957
9.416234793278331,0.928938999007568
10.578662801651687,0.9501023411323416
11.884591785129816,0.9659649345031864
13.351736844955687,0.9774621920932242
15.0,0.9855188982189645
