SA(0.3s) [g],Loss_ratio
0.05000000000000001,7.289459670101194e-07
0.056172467201025755,1.743773222534495e-06
0.06310692142900626,4.0113631030014306e-06
0.07089742948257126,8.87524052098354e-06
0.07964967064493539,1.8890585006947626e-05
0.08948237023750269,3.868954053060647e-05
0.10052891014472326,7.626913704774086e-05
0.11293913815718663,0.00014476332238445578
0.1268814006769336,0.00026466674116057415
0.14254482635890514,0.0004663214650602432
0.16014189166643014,0.0007922801721870154
0.17991130314285533,0.0012989832470535702
0.2021212354977168,0.0020571383951441314
0.2270729694325259,0.0031503939599393685
0.2551049785537617,0.004672441668246335
0.28659752081259104,0.006723556683656512
0.3219777967548112,0.009408603488258466
0.36172574455336326,0.012839351933561916
0.4063805504338082,0.017144103311899483
0.45654796280755766,0.022486716057022137
0.5129085093300529,0.029094976953563008
0.5762267283493882,0.03729510283361537
0.6473615399712076,0.047545611386129026
0.7272778974247632,0.06046080142717318
0.8170598767824696,0.07681264273655464
0.9179253825967483,0.0975008205106835
1.0312426689380967,0.12348443630060939
1.1585488999444697,0.15567531768344983
1.3015710016583038,0.19480128570442035
1.4622490880091454,0.24125666377055882
1.6427627787184707,0.29496478148272576
1.8455607661325835,0.35528091133967965
2.0733940320616497,0.42096191082077533
2.329353165215711,0.49021983058271745
2.6169102854537,0.5608617328727468
2.9399661435534976,0.630499922448869
3.3029030354176987,0.6968003240493127
3.710644248503383,0.7577267117230136
4.168720846874621,0.8117382918582434
4.683346700825936,0.8579082669413294
5.261502778863538,0.8959487080038442
5.911031845476362,0.9261472318947057
6.64074484928479,0.9492379753760603
7.4605404447366075,0.9662389731478124
8.381539268677866,0.9782887817007072
9.416234793278331,0.9865083914637292
10.578662801651687,0.9919034156873475
11.884591785129816,0.9953100157235261
13.351736844955687,0.9973789961531085
15.0,0.998587443411667
