PGA [g],Loss_ratio
0.05000000000000001,3.0279304952252063e-09
0.056172467201025755,1.4537435644168541e-08
0.06310692142900626,6.41782312960082e-08
0.07089742948257126,2.606004254723793e-07
0.07964967064493539,9.736421348938153e-07
0.08948237023750269,3.3483738949457995e-06
0.10052891014472326,1.0604286339471746e-05
0.11293913815718663,3.094423706037631e-05
0.1268814006769336,8.325496395168441e-05
0.14254482635890514,0.00020668406626600522
0.16014189166643014,0.00047388278657450324
0.17991130314285533,0.00100458144829505
0.2021212354977168,0.0019716833282591825
0.2270729694325259,0.0035887874293719204
0.2551049785537617,0.006070307930018044
0.28659752081259104,0.009566428289626595
0.3219777967548112,0.014092976788870592
0.36172574455336326,0.019491732024211686
0.4063805504338082,0.025457656740142724
0.45654796280755766,0.0316506105501031
0.5129085093300529,0.037877717638752195
0.5762267283493882,0.0443054304881671
0.6473615399712076,0.051650523259308564
0.7272778974247632,0.06130582308033768
0.8170598767824696,0.07536640595460367
0.9179253825967483,0.09652311705694172
1.0312426689380967,0.12778451184570405
1.1585488999444697,0.1719947401854259
1.3015710016583038,0.23115966621448789
1.4622490880091454,0.3056881658126146
1.6427627787184707,0.3937724045694263
1.8455607661325835,0.49119678505367825
2.0733940320616497,0.5917968458648137
2.329353165215711,0.6885637904926578
2.6169102854537,0.7750961110520382
2.9399661435534976,0.8469051862774932
3.3029030354176987,0.9021209935013599
3.710644248503383,0.941409345025544
4.168720846874621,0.9672498583930556
4.683346700825936,0.9829451533274433
5.261502778863538,0.9917419157606202
5.911031845476362,0.9962882742868309
6.64074484928479,0.9984536503535807
7.4605404447366075,0.9994036095681854
8.381539268677866,0.9997872973557536
9.416234793278331,0.9999299152369504
10.578662801651687,0.9999786830967679
11.884591785129816,0.9999940191866622
13.351736844955687,0.9999984531214007
15.0,0.9999996313879833
