SA(0.3s) [g],Loss_ratio
0.05000000000000001,3.214324499805077e-05
0.056172467201025755,6.10856347419031e-05
0.06310692142900626,0.00011245154750048613
0.07089742948257126,0.00020062337482157908
0.07964967064493539,0.00034709185350374484
0.08948237023750269,0.0005827269827599403
0.10052891014472326,0.0009502105151309282
0.11293913815718663,0.0015064756558786808
0.1268814006769336,0.002325066852337582
0.14254482635890514,0.0034985184303926555
0.16014189166643014,0.005141151936171263
0.17991130314285533,0.0073930420320950044
0.2021212354977168,0.010426158050910945
0.2270729694325259,0.014453652503703696
0.2551049785537617,0.01974273415194533
0.28659752081259104,0.02663040879480725
0.3219777967548112,0.03553965022270568
0.36172574455336326,0.04699157641566408
0.4063805504338082,0.06160749711517233
0.45654796280755766,0.08009396674290521
0.5129085093300529,0.1032048899841291
0.5762267283493882,0.13167768770766997
0.6473615399712076,0.16614544642974113
0.7272778974247632,0.20703312652580597
0.8170598767824696,0.25445198006616143
0.9179253825967483,0.3081106602723875
1.0312426689380967,0.367262491688358
1.1585488999444697,0.43070499843210186
1.3015710016583038,0.4968400773386303
1.4622490880091454,0.5637924132144692
1.6427627787184707,0.629572191976741
1.8455607661325835,0.6922587045800179
2.0733940320616497,0.7501765683880279
2.329353165215711,0.8020374275154644
2.6169102854537,0.8470269306937677
2.9399661435534976,0.8848277453032138
3.3029030354176987,0.9155815374204285
3.710644248503383,0.9398032614129139
4.168720846874621,0.9582675164969131
4.683346700825936,0.9718882042664662
5.261502778863538,0.9816097283208733
5.911031845476362,0.9883220344781668
6.64074484928479,0.9928048504146062
7.4605404447366075,0.9957003029871874
8.381539268677866,0.997508798672465
9.416234793278331,0.9986010107910475
10.578662801651687,0.9992387476954018
11.884591785129816,0.9995987297731241
13.351736844955687,0.9997951506173969
15.0,0.9998987427612606
