SA(0.3s) [g],Loss_ratio
0.05000000000000001,3.3909307705637385e-07
0.056172467201025755,8.228785336072965e-07
0.06310692142900626,1.923270350479012e-06
0.07089742948257126,4.330170386745991e-06
0.07964967064493539,9.393193647316833e-06
0.08948237023750269,1.963644001228837e-05
0.10052891014472326,3.957020245279331e-05
0.11293913815718663,7.688936573803651e-05
0.1268814006769336,0.00014411871112390286
0.14254482635890514,0.00026069242550090803
0.16014189166643014,0.00045533567420831257
0.17991130314285533,0.0007684691468087813
0.2021212354977168,0.0012542338053977975
0.2270729694325259,0.00198171430928924
0.2551049785537617,0.003035118497406652
0.28659752081259104,0.00451310914199411
0.3219777967548112,0.0065281600029651115
0.36172574455336326,0.009207567265574411
0.4063805504338082,0.012698298997587955
0.45654796280755766,0.017177839093992175
0.5129085093300529,0.022872251079316605
0.5762267283493882,0.03008072279302072
0.6473615399712076,0.03920305686162327
0.7272778974247632,0.05076351904432499
0.8170598767824696,0.06542201597264816
0.9179253825967483,0.08396271264041004
1.0312426689380967,0.10725172004844116
1.1585488999444697,0.1361597554761792
1.3015710016583038,0.17145243392128964
1.4622490880091454,0.21365907989820965
1.6427627787184707,0.2629389512056932
1.8455607661325835,0.3189693924180569
2.0733940320616497,0.3808815706698842
2.329353165215711,0.4472646705441935
2.6169102854537,0.5162486916385293
2.9399661435534976,0.5856610348718503
3.3029030354176987,0.6532362494290825
3.710644248503383,0.7168458270104429
4.168720846874621,0.7747094706392945
4.683346700825936,0.825552709227532
5.261502778863538,0.8686873463702727
5.911031845476362,0.9040078270113207
6.64074484928479,0.931913583779566
7.4605404447366075,0.9531803587953206
8.381539268677866,0.9688095543247609
9.416234793278331,0.9798833441769222
10.578662801651687,0.9874462329395433
11.884591785129816,0.9924239072792879
13.351736844955687,0.9955806236056272
15.0,0.9975092339043597
