SA(0.3s) [g],Loss_ratio
0.05000000000000001,1.0183588554790735e-05
0.056172467201025755,1.9642281356407888e-05
0.06310692142900626,3.67949919006072e-05
0.07089742948257126,6.695646521185371e-05
0.07964967064493539,0.00011839211585500387
0.08948237023750269,0.00020347976551476912
0.10052891014472326,0.0003400611826541278
0.11293913815718663,0.0005528831604912854
0.1268814006769336,0.000874973503616472
0.14254482635890514,0.0013487687183060537
0.16014189166643014,0.002026837250127872
0.17991130314285533,0.0029721522650958455
0.2021212354977168,0.004258073078963826
0.2270729694325259,0.005968475875257662
0.2551049785537617,0.008198772894621597
0.28659752081259104,0.01105877495957293
0.3219777967548112,0.01467836114094539
0.36172574455336326,0.019216606402196194
0.4063805504338082,0.024874319467324487
0.45654796280755766,0.03190888736810429
0.5129085093300529,0.04064905469093894
0.5762267283493882,0.05150604064345747
0.6473615399712076,0.06497654594422196
0.7272778974247632,0.08163306261153387
0.8170598767824696,0.10209773772259295
0.9179253825967483,0.12699796685856385
1.0312426689380967,0.15690479493025133
1.1585488999444697,0.19225872182768097
1.3015710016583038,0.2332910537445248
1.4622490880091454,0.27995175352375223
1.6427627787184707,0.33185604625457654
1.8455607661325835,0.38826121310945155
2.0733940320616497,0.4480818030782283
2.329353165215711,0.5099461731091801
2.6169102854537,0.5722906589618257
2.9399661435534976,0.6334810558767267
3.3029030354176987,0.6919458960044564
3.710644248503383,0.7463034919914473
4.168720846874621,0.7954655524012437
4.683346700825936,0.8387042548086024
5.261502778863538,0.8756760877384354
5.911031845476362,0.9064030932032036
6.64074484928479,0.9312187572748337
7.4605404447366075,0.9506903883993957
8.381539268677866,0.9655316777777649
9.416234793278331,0.9765182623714769
10.578662801651687,0.9844161412722192
11.884591785129816,0.9899287250915468
13.351736844955687,0.9936641667243243
15.0,0.9961212508493045
