SA(0.3s) [g],Loss_ratio
0.05000000000000001,1.137311819882081e-06
0.056172467201025755,2.559322509454454e-06
0.06310692142900626,5.560549476446575e-06
0.07089742948257126,1.166659088955302e-05
0.07964967064493539,2.3643134152151468e-05
0.08948237023750269,4.629356866938106e-05
0.10052891014472326,8.760593169325759e-05
0.11293913815718663,0.00016029316900146863
0.1268814006769336,0.00028370862286246633
0.14254482635890514,0.0004860248551564639
0.16014189166643014,0.0008064575833718946
0.17991130314285533,0.001297239862986044
0.2021212354977168,0.002025066492007699
0.2270729694325259,0.0030718991241273363
0.2551049785537617,0.0045353836247953635
0.28659752081259104,0.006529649531738353
0.3219777967548112,0.009187806000422771
0.36172574455336326,0.012667790623158865
0.4063805504338082,0.017163086844914632
0.45654796280755766,0.022918963119420457
0.5129085093300529,0.030253220818788496
0.5762267283493882,0.03957814438295043
0.6473615399712076,0.051417898238447175
0.7272778974247632,0.06641372267804646
0.8170598767824696,0.08530874491137144
0.9179253825967483,0.10890570892444107
1.0312426689380967,0.13799473611988194
1.1585488999444697,0.1732540933672748
1.3015710016583038,0.2151339509621009
1.4622490880091454,0.26373976196366766
1.6427627787184707,0.3187363624741336
1.8455607661325835,0.3792944699621346
2.0733940320616497,0.44409689673205255
2.329353165215711,0.5114126142897981
2.6169102854537,0.5792343263589971
2.9399661435534976,0.6454621792278821
3.3029030354176987,0.7081059594618088
3.710644248503383,0.7654734730600057
4.168720846874621,0.8163152394010578
4.683346700825936,0.8599046712254622
5.261502778863538,0.8960461747443628
5.911031845476362,0.9250175922830227
6.64074484928479,0.9474646294077667
7.4605404447366075,0.9642709444968629
8.381539268677866,0.9764277179841601
9.416234793278331,0.984921734639601
10.578662801651687,0.9906534009349253
11.884591785129816,0.9943880714407297
13.351736844955687,0.996737507855326
15.0,0.9981642867281396
