SA(0.6s) [g],Loss_ratio
0.05000000000000001,0.00035913615817889655
0.056172467201025755,0.0006533775304718825
0.06310692142900626,0.0011391319784300026
0.07089742948257126,0.0019055970101427011
0.07964967064493539,0.0030635220678720157
0.08948237023750269,0.004742529828873431
0.10052891014472326,0.007087370382314234
0.11293913815718663,0.010256309678285348
0.1268814006769336,0.014426245640755515
0.14254482635890514,0.01980913004898624
0.16014189166643014,0.02668206052459105
0.17991130314285533,0.035428884747392496
0.2021212354977168,0.0465851870378142
0.2270729694325259,0.060872817442689776
0.2551049785537617,0.07920673054523324
0.28659752081259104,0.10265755901312258
0.3219777967548112,0.1323589520785022
0.36172574455336326,0.16935909431818136
0.4063805504338082,0.2144297029246017
0.45654796280755766,0.26786072194724975
0.5129085093300529,0.32928121672028055
0.5762267283493882,0.39755211304793203
0.6473615399712076,0.4707703124099325
0.7272778974247632,0.5464046598410346
0.8170598767824696,0.621554923979394
0.9179253825967483,0.6932928816505094
1.0312426689380967,0.7590201677378625
1.1585488999444697,0.8167699949558798
1.3015710016583038,0.8653929977656879
1.4622490880091454,0.9045975371627022
1.6427627787184707,0.9348517046217614
1.8455607661325835,0.9571857549695595
2.0733940320616497,0.9729504879071988
2.329353165215711,0.9835862050338644
2.6169102854537,0.990441877255711
2.9399661435534976,0.9946626694432946
3.3029030354176987,0.9971439141269137
3.710644248503383,0.9985363006755857
4.168720846874621,0.9992819902607526
4.683346700825936,0.9996630273322866
5.261502778863538,0.9998487644328369
5.911031845476362,0.9999351162552321
6.64074484928479,0.9999733997875213
7.4605404447366075,0.9999895825589147
8.381539268677866,0.9999961038405992
9.416234793278331,0.9999986087757231
10.578662801651687,0.99999952582542
11.884591785129816,0.9999998457710892
13.351736844955687,0.9999999521376242
15.0,0.9999999858307734
