SA(0.3s) [g],Loss_ratio
0.05000000000000001,2.0779838240209126e-05
0.056172467201025755,3.91605783301996e-05
0.06310692142900626,7.163167625890421e-05
0.07089742948257126,0.00012721407568832
0.07964967064493539,0.00021942599487250193
0.08948237023750269,0.0003677411818880594
0.10052891014472326,0.000599118725101161
0.11293913815718663,0.0009494248128322114
0.1268814006769336,0.00146454241910185
0.14254482635890514,0.002201010065648912
0.16014189166643014,0.0032261759709701966
0.17991130314285533,0.00461810812515876
0.2021212354977168,0.006465834425626344
0.2270729694325259,0.008870820472777702
0.2551049785537617,0.011950800285223129
0.28659752081259104,0.01584700896908081
0.3219777967548112,0.020735398728967614
0.36172574455336326,0.026841496492757425
0.4063805504338082,0.03445724916569502
0.45654796280755766,0.04395671061617595
0.5129085093300529,0.05580609072080418
0.5762267283493882,0.07056292111821919
0.6473615399712076,0.08885928733972975
0.7272778974247632,0.11136550232795503
0.8170598767824696,0.13873329913280683
0.9179253825967483,0.1715213549730271
1.0312426689380967,0.21011016666456375
1.1585488999444697,0.25461715826267733
1.3015710016583038,0.30482546413926437
1.4622490880091454,0.360140218479836
1.6427627787184707,0.4195838441232098
1.8455607661325835,0.4818367728908187
2.0733940320616497,0.5453229295854887
2.329353165215711,0.6083314847779537
2.6169102854537,0.6691595092385546
2.9399661435534976,0.7262558758977362
3.3029030354176987,0.7783461669296167
3.710644248503383,0.8245216960783532
4.168720846874621,0.8642823117793372
4.683346700825936,0.8975308769769667
5.261502778863538,0.9245253420432902
5.911031845476362,0.9458004269843825
6.64074484928479,0.962074020233104
7.4605404447366075,0.974153244996597
8.381539268677866,0.982852302829073
9.416234793278331,0.9889297688946302
10.578662801651687,0.9930482262212466
11.884591785129816,0.9957550328192805
13.351736844955687,0.9974802483801172
15.0,0.9985464746436066
