SA(0.3s) [g],Loss_ratio
0.05000000000000001,5.149055296527206e-07
0.056172467201025755,1.2475681129220374e-06
0.06310692142900626,2.907530352724841e-06
0.07089742948257126,6.519197994142579e-06
0.07964967064493539,1.4066165737636196e-05
0.08948237023750269,2.9213897272317715e-05
0.10052891014472326,5.8422447176875726e-05
0.11293913815718663,0.00011254358670227393
0.1268814006769336,0.00020894161908844853
0.14254482635890514,0.00037407046124153244
0.16014189166643014,0.0006462925063218716
0.17991130314285533,0.0010785831243577738
0.2021212354977168,0.0017407131965604227
0.2270729694325259,0.0027206484688152904
0.2551049785537617,0.004125334939121189
0.28659752081259104,0.006081751486772059
0.3219777967548112,0.00873994718556419
0.36172574455336326,0.012280403201824875
0.4063805504338082,0.016928002979891034
0.45654796280755766,0.022973717028984254
0.5129085093300529,0.030802606392368
0.5762267283493882,0.040923166678236395
0.6473615399712076,0.05398917047698352
0.7272778974247632,0.07080228936290675
0.8170598767824696,0.09228333277670803
0.9179253825967483,0.11940309208990854
1.0312426689380967,0.15307089790924244
1.1585488999444697,0.19398928169970095
1.3015710016583038,0.24249448421655095
1.4622490880091454,0.2984118889320253
1.6427627787184707,0.3609594509789785
1.8455607661325835,0.4287283409796808
2.0733940320616497,0.49975774554350394
2.329353165215711,0.5717020649480984
2.6169102854537,0.642068050836178
2.9399661435534976,0.7084824441153724
3.3029030354176987,0.7689425571030472
3.710644248503383,0.8220057086110439
4.168720846874621,0.8668876335863146
4.683346700825936,0.9034607670260679
5.261502778863538,0.9321645888850189
5.911031845476362,0.9538562320876942
6.64074484928479,0.9696367112120288
7.4605404447366075,0.9806859567355873
8.381539268677866,0.9881306707550982
9.416234793278331,0.9929567238851345
10.578662801651687,0.9959662434278093
11.884591785129816,0.9977713437541791
13.351736844955687,0.9988125766975243
15.0,0.9993901201796105
