SA(0.3s) [g],Loss_ratio
0.05000000000000001,2.3109525657538656e-07
0.056172467201025755,5.517148266354077e-07
0.06310692142900626,1.2720788047815292e-06
0.07089742948257126,2.833090030396335e-06
0.07964967064493539,6.095886296186848e-06
0.08948237023750269,1.2674801916040536e-05
0.10052891014472326,2.547352851050566e-05
0.11293913815718663,4.950154899300285e-05
0.1268814006769336,9.304568863718333e-05
0.14254482635890514,0.000169247494005631
0.16014189166643014,0.0002980854046037373
0.17991130314285533,0.0005086852407995224
0.2021212354977168,0.0008418037665131773
0.2270729694325259,0.0013522880967905882
0.2551049785537617,0.0021113627720397267
0.28659752081259104,0.003208786193950031
0.3219777967548112,0.004755262794065568
0.36172574455336326,0.006885939256048918
0.4063805504338082,0.009766199781703478
0.45654796280755766,0.01360106831992783
0.5129085093300529,0.01864905730545564
0.5762267283493882,0.025240079281614997
0.6473615399712076,0.0337950652150557
0.7272778974247632,0.044842516419368234
0.8170598767824696,0.05902498378770428
0.9179253825967483,0.0770872751451245
1.0312426689380967,0.09983890640115921
1.1585488999444697,0.1280865112652317
1.3015710016583038,0.16253759035954798
1.4622490880091454,0.2036843074236508
1.6427627787184707,0.2516834480964539
1.8455607661325835,0.30625407805408583
2.0733940320616497,0.3666158541225055
2.329353165215711,0.431487053013363
2.6169102854537,0.49915219016127743
2.9399661435534976,0.5675961791073094
3.3029030354176987,0.634688243720657
3.710644248503383,0.6983877539060428
4.168720846874621,0.7569388648068669
4.683346700825936,0.8090228847632658
5.261502778863538,0.8538462181944942
5.911031845476362,0.8911551288561588
6.64074484928479,0.9211828851096417
7.4605404447366075,0.9445465046274083
8.381539268677866,0.9621168055535763
9.416234793278331,0.9748859953380966
10.578662801651687,0.9838524950285493
11.884591785129816,0.9899351696488603
13.351736844955687,0.9939210139367551
15.0,0.9964436059728232
