SA(0.3s) [g],Loss_ratio
0.05000000000000001,5.546952958690454e-06
0.056172467201025755,1.2623980078801945e-05
0.06310692142900626,2.7544347842989312e-05
0.07089742948257126,5.7649391556363616e-05
0.07964967064493539,0.00011581575572580106
0.08948237023750269,0.0002235127594302
0.10052891014472326,0.00041479398855107097
0.11293913815718663,0.0007411278387140951
0.1268814006769336,0.001276853820260543
0.14254482635890514,0.0021250787152505505
0.16014189166643014,0.003424126150770995
0.17991130314285533,0.005355266829365213
0.2021212354977168,0.008153223327055637
0.2270729694325259,0.012121420474171736
0.2551049785537617,0.017653467038252286
0.28659752081259104,0.025260247156760552
0.3219777967548112,0.03559803569123578
0.36172574455336326,0.04948785016163426
0.4063805504338082,0.0679114927646857
0.45654796280755766,0.0919679017703337
0.5129085093300529,0.12277700170041951
0.5762267283493882,0.16132850883899763
0.6473615399712076,0.2082890987801846
0.7272778974247632,0.26379917870620084
0.8170598767824696,0.3273042893783668
0.9179253825967483,0.3974696508979212
1.0312426689380967,0.47221557561295124
1.1585488999444697,0.5488869197109648
1.3015710016583038,0.6245372439402248
1.4622490880091454,0.6962776066818923
1.6427627787184707,0.7616211528857961
1.8455607661325835,0.8187546196502977
2.0733940320616497,0.8666868963012875
2.329353165215711,0.9052565194722517
2.6169102854537,0.9350139720164466
2.9399661435534976,0.9570204479925292
3.3029030354176987,0.9726158240911089
3.710644248503383,0.983204222718876
4.168720846874621,0.9900901530821578
4.683346700825936,0.994378703901813
5.261502778863538,0.9969361082851352
5.911031845476362,0.9983961361218213
6.64074484928479,0.9991940087618821
7.4605404447366075,0.9996113196287221
8.381539268677866,0.999820194914586
9.416234793278331,0.9999202334459985
10.578662801651687,0.9999660746224578
11.884591785129816,0.9999861706867889
13.351736844955687,0.9999945981077107
15.0,0.999997978531157
