SA(0.3s) [g],Loss_ratio
0.05000000000000001,9.764424137937434e-05
0.056172467201025755,0.00017193971318170133
0.06310692142900626,0.00029399150332581897
0.07089742948257126,0.0004883707001735627
0.07964967064493539,0.0007886707189757148
0.08948237023750269,0.001239100778597274
0.10052891014472326,0.0018957735039910773
0.11293913815718663,0.0028276335334755545
0.1268814006769336,0.004117196918968657
0.14254482635890514,0.005861586410607778
0.16014189166643014,0.008174683904342606
0.17991130314285533,0.011191452469146186
0.2021212354977168,0.015075446443540724
0.2270729694325259,0.020030079405406572
0.2551049785537617,0.02631327776356046
0.28659752081259104,0.03425376454882209
0.3219777967548112,0.04426561308070263
0.36172574455336326,0.05685626270083052
0.4063805504338082,0.07262237677906079
0.45654796280755766,0.09222821472295407
0.5129085093300529,0.11636290594210906
0.5762267283493882,0.14567619605392923
0.6473615399712076,0.18069655317133493
0.7272778974247632,0.22174025462345975
0.8170598767824696,0.2688241969482583
0.9179253825967483,0.32159754885800357
1.0312426689380967,0.37930703352872486
1.1585488999444697,0.44080709945123786
1.3015710016583038,0.5046197621355626
1.4622490880091454,0.5690405250491056
1.6427627787184707,0.6322782243183263
1.8455607661325835,0.6926098582874858
2.0733940320616497,0.7485281588081429
2.329353165215711,0.7988607501691698
2.6169102854537,0.8428450439325742
2.9399661435534976,0.8801512787245992
3.3029030354176987,0.9108553592338429
3.710644248503383,0.9353712602383896
4.168720846874621,0.9543580726891283
4.683346700825936,0.9686184799616147
5.261502778863538,0.9790037442471363
5.911031845476362,0.986336125688103
6.64074484928479,0.9913544169875276
7.4605404447366075,0.9946832820755163
8.381539268677866,0.9968232952449454
9.416234793278331,0.998156420088063
10.578662801651687,0.9989610884378616
11.884591785129816,0.9994316488615198
13.351736844955687,0.9996982301627376
15.0,0.9998445238919913
