SA(0.3s) [g],Loss_ratio
0.05000000000000001,1.4411326033803018e-06
0.056172467201025755,3.201689854059886e-06
0.06310692142900626,6.8699082174883405e-06
0.07089742948257126,1.4240070435034281e-05
0.07964967064493539,2.852151460586705e-05
0.08948237023750269,5.5215685443754665e-05
0.10052891014472326,0.00010335640754098318
0.11293913815718663,0.00018714777543504815
0.1268814006769336,0.00032796761073275454
0.14254482635890514,0.0005566112660855605
0.16014189166643014,0.0009155544728106758
0.17991130314285533,0.001460960312437315
0.2021212354977168,0.002264204534810477
0.2270729694325259,0.0034129002098610864
0.2551049785537617,0.005011783798701697
0.28659752081259104,0.007184323089353639
0.3219777967548112,0.010076370804154688
0.36172574455336326,0.01386338072001358
0.4063805504338082,0.018762364808464303
0.45654796280755766,0.025048710508825758
0.5129085093300529,0.03307618853575045
0.5762267283493882,0.04329621821341628
0.6473615399712076,0.05627024815836075
0.7272778974247632,0.07266767649287349
0.8170598767824696,0.09324182092814547
0.9179253825967483,0.11877860042998131
1.0312426689380967,0.15001693291880616
1.1585488999444697,0.18754593543048625
1.3015710016583038,0.23169076306417033
1.4622490880091454,0.2824047731735309
1.6427627787184707,0.33918889500746974
1.8455607661325835,0.40105814210157453
2.0733940320616497,0.46656944634595365
2.329353165215711,0.5339149575109421
2.6169102854537,0.6010725079633463
2.9399661435534976,0.665992958438817
3.3029030354176987,0.7267957365486687
3.710644248503383,0.781941459582641
4.168720846874621,0.8303549516185249
4.683346700825936,0.8714821651567913
5.261502778863538,0.9052778206421395
5.911031845476362,0.9321335367663574
6.64074484928479,0.9527657227639148
7.4605404447366075,0.9680866741790015
8.381539268677866,0.9790809608486102
9.416234793278331,0.9867036174038812
10.578662801651687,0.9918089972068638
11.884591785129816,0.9951116508525797
13.351736844955687,0.9971748817950966
15.0,0.998419465547574
