PGA [g],Loss_ratio
0.05000000000000001,1.2212453270876723e-16
0.056172467201025755,1.7985612998927535e-15
0.06310692142900626,2.3714363805993346e-14
0.07089742948257126,2.7809976543835547e-13
0.07964967064493539,2.8989033395987466e-12
0.08948237023750269,2.6865287772182004e-11
0.10052891014472326,2.214068595129959e-10
0.11293913815718663,1.6231729571547506e-09
0.1268814006769336,1.0589288224061022e-08
0.14254482635890514,6.150051005682222e-08
0.16014189166643014,3.1813955416737375e-07
0.17991130314285533,1.4667169906223965e-06
0.2021212354977168,6.030983441984716e-06
0.2270729694325259,2.2138571250829298e-05
0.2551049785537617,7.26363471826641e-05
0.28659752081259104,0.00021335062368326165
0.3219777967548112,0.0005622295537765222
0.36172574455336326,0.001333336518881845
0.4063805504338082,0.002858147423585894
0.45654796280755766,0.005573802692992869
0.5129085093300529,0.009982721130444716
0.5762267283493882,0.01664297889641288
0.6473615399712076,0.02629468660812775
0.7272778974247632,0.04019305655424507
0.8170598767824696,0.06056539556959233
0.9179253825967483,0.09089900099756178
1.0312426689380967,0.1356535977275177
1.1585488999444697,0.19912415206695416
1.3015710016583038,0.2835904123739181
1.4622490880091454,0.38743107521392295
1.6427627787184707,0.5042290326858055
1.8455607661325835,0.6236858537207581
2.0733940320616497,0.7343075571980825
2.329353165215711,0.8267629778042835
2.6169102854537,0.8963273380519274
2.9399661435534976,0.9433501105921871
3.3029030354176987,0.9718574792649541
3.710644248503383,0.9873355356323867
4.168720846874621,0.9948529122792886
4.683346700825936,0.9981155177194072
5.261502778863538,0.9993797625468346
5.911031845476362,0.9998168182850582
6.64074484928479,0.999951526458799
7.4605404447366075,0.9999885220768157
8.381539268677866,0.9999975707279799
9.416234793278331,0.9999995408766261
10.578662801651687,0.9999999225776283
11.884591785129816,0.999999988359294
13.351736844955687,0.9999999984404427
15.0,0.9999999998139193
