SA(0.6s) [g],Loss_ratio
0.05000000000000001,0.0001408870844736676
0.056172467201025755,0.0002796341783005363
0.06310692142900626,0.0005299996990264288
0.07089742948257126,0.0009604103385899843
0.07964967064493539,0.0016664765607625478
0.08948237023750269,0.0027741938463539503
0.10052891014472326,0.0044412711045075165
0.11293913815718663,0.006857777663330556
0.1268814006769336,0.010249213558965426
0.14254482635890514,0.014886568041097564
0.16014189166643014,0.021107687896930093
0.17991130314285533,0.02935128540850881
0.2021212354977168,0.04019903656426064
0.2270729694325259,0.054413688944169765
0.2551049785537617,0.07295443113993362
0.28659752081259104,0.09694805808052251
0.3219777967548112,0.12759829916024654
0.36172574455336326,0.16602715871232646
0.4063805504338082,0.2130601456482024
0.45654796280755766,0.2689882249506931
0.5129085093300529,0.33335730872267655
0.5762267283493882,0.40484402740345393
0.6473615399712076,0.48126834746716973
0.7272778974247632,0.5597674074477431
0.8170598767824696,0.6371154197851108
0.9179253825967483,0.7101329949842907
1.0312426689380967,0.7761003531426091
1.1585488999444697,0.8330842985026977
1.3015710016583038,0.8801116425391713
1.4622490880091454,0.9171643564920821
1.6427627787184707,0.945018836627922
1.8455607661325835,0.9649870924321952
2.0733940320616497,0.9786312217952666
2.329353165215711,0.9875135107523845
2.6169102854537,0.993020435506434
2.9399661435534976,0.9962709109643474
3.3029030354176987,0.9980969116743866
3.710644248503383,0.9990729050916579
4.168720846874621,0.9995691222184833
4.683346700825936,0.9998090457440741
5.261502778863538,0.9999193409881169
5.911031845476362,0.9999675400695538
6.64074484928479,0.9999875590390148
7.4605404447366075,0.9999954602883055
8.381539268677866,0.9999984233288264
9.416234793278331,0.9999994789544464
10.578662801651687,0.9999998361952231
11.884591785129816,0.9999999510222821
13.351736844955687,0.9999999860746653
15.0,0.9999999962358225
