SA(1.0s) [g],Loss_ratio
0.05000000000000001,3.286201026281299e-06
0.056172467201025755,7.314286331827624e-06
0.06310692142900626,1.567497856191369e-05
0.07089742948257126,3.235549259642534e-05
0.07964967064493539,6.435370070284607e-05
0.08948237023750269,0.000123395211797539
0.10052891014472326,0.00022823493952096042
0.11293913815718663,0.0004075116176620264
0.1268814006769336,0.0007029983327524026
0.14254482635890514,0.001172974849815567
0.16014189166643014,0.0018954101530177182
0.17991130314285533,0.0029707699861561136
0.2021212354977168,0.004524608824355497
0.2270729694325259,0.0067106387818614
0.2551049785537617,0.00971552998523151
0.28659752081259104,0.01376699689612081
0.3219777967548112,0.01914640807988939
0.36172574455336326,0.026205941294238554
0.4063805504338082,0.035388151233001916
0.45654796280755766,0.04724305607475442
0.5129085093300529,0.062435208879248125
0.5762267283493882,0.08173169842619238
0.6473615399712076,0.10596262657337338
0.7272778974247632,0.13594901135330148
0.8170598767824696,0.17239929054267572
0.9179253825967483,0.2157838088199256
1.0312426689380967,0.2662051444763857
1.1585488999444697,0.3232885279409581
1.3015710016583038,0.3861185094628081
1.4622490880091454,0.45324373106738136
1.6427627787184707,0.5227609188984033
1.8455607661325835,0.5924737757868649
2.0733940320616497,0.6601058890426297
2.329353165215711,0.7235335832100053
2.6169102854537,0.7809988521913438
2.9399661435534976,0.8312661459839984
3.3029030354176987,0.8736990801454938
3.710644248503383,0.9082506285632413
4.168720846874621,0.9353781093285158
4.683346700825936,0.9559075646493029
5.261502778863538,0.9708780267852354
5.911031845476362,0.9813942495357585
6.64074484928479,0.9885086701720195
7.4605404447366075,0.9931428501413367
8.381539268677866,0.9960486590649779
9.416234793278331,0.9978022852771056
10.578662801651687,0.9988206534452156
11.884591785129816,0.9993896356524616
13.351736844955687,0.9996954462925605
15.0,0.9998535367534069
