SA(1.0s) [g],Loss_ratio
0.05000000000000001,8.954824046003564e-06
0.056172467201025755,1.7854870038896965e-05
0.06310692142900626,3.45286239855247e-05
0.07089742948257126,6.478980918512844e-05
0.07964967064493539,0.00011801947943530512
0.08948237023750269,0.0002088207294377753
0.10052891014472326,0.00035914088009892937
0.11293913815718663,0.0006008658624320373
0.1268814006769336,0.0009788587005402582
0.14254482635890514,0.0015544051003167027
0.16014189166643014,0.002409066882589367
0.17991130314285533,0.003649040230430118
0.2021212354977168,0.005410254876132971
0.2270729694325259,0.007864574996196184
0.2551049785537617,0.011227470674163128
0.28659752081259104,0.01576729194973167
0.3219777967548112,0.02181568423841289
0.36172574455336326,0.029777701770365938
0.4063805504338082,0.04013891341948011
0.45654796280755766,0.05346553806711481
0.5129085093300529,0.07039283650031561
0.5762267283493882,0.09159713253534062
0.6473615399712076,0.11774835936299327
0.7272778974247632,0.1494430800997753
0.8170598767824696,0.1871222424245732
0.9179253825967483,0.23098274095957552
1.0312426689380967,0.28089602698735255
1.1585488999444697,0.33634922537642953
1.3015710016583038,0.39642341647328533
1.4622490880091454,0.4598194496916851
1.6427627787184707,0.5249342959521822
1.8455607661325835,0.5899818648450128
2.0733940320616497,0.6531434231156228
2.329353165215711,0.7127264159289811
2.6169102854537,0.7673082916757
2.9399661435534976,0.815844531902487
3.3029030354176987,0.8577269068340801
3.710644248503383,0.8927873351175051
4.168720846874621,0.9212523517367751
4.683346700825936,0.9436608881889406
5.261502778863538,0.9607623403514323
5.911031845476362,0.9734122718646158
6.64074484928479,0.9824801299940823
7.4605404447366075,0.9887783053406698
8.381539268677866,0.9930162575704795
9.416234793278331,0.9957785613099481
10.578662801651687,0.9975224071724528
11.884591785129816,0.9985885545442381
13.351736844955687,0.9992197351200843
15.0,0.9995815406741513
