SA(0.3s) [g],Loss_ratio
0.05000000000000001,6.420642822413392e-08
0.056172467201025755,1.5469723709804484e-07
0.06310692142900626,3.609538050453054e-07
0.07089742948257126,8.15694108463605e-07
0.07964967064493539,1.7854851675491723e-06
0.08948237023750269,3.7860891851371203e-06
0.10052891014472326,7.778404577823972e-06
0.11293913815718663,1.5485423375483087e-05
0.1268814006769336,2.9879020142103978e-05
0.14254482635890514,5.588695131777399e-05
0.16014189166643014,0.00010135854250689635
0.17991130314285533,0.00017829521025182206
0.2021212354977168,0.0003042949264921824
0.2270729694325259,0.0005040807927964242
0.2551049785537617,0.0008108975505688122
0.28659752081259104,0.0012674948862483326
0.3219777967548112,0.0019264134522038678
0.36172574455336326,0.002849391441293331
0.4063805504338082,0.00410594422028645
0.45654796280755766,0.005771529130863252
0.5129085093300529,0.00792613184750089
0.5762267283493882,0.01065448394173313
0.6473615399712076,0.01404929074355716
0.7272778974247632,0.018218664654286825
0.8170598767824696,0.023298328610198222
0.9179253825967483,0.029468089077083138
1.0312426689380967,0.03697071798826126
1.1585488999444697,0.04612998342553271
1.3015710016583038,0.05736344921039192
1.4622490880091454,0.07118513757666527
1.6427627787184707,0.08819345675267862
1.8455607661325835,0.10904105677546602
2.0733940320616497,0.13438547176207094
2.329353165215711,0.1648223678460064
2.6169102854537,0.20080662237723085
2.9399661435534976,0.2425698291269952
3.3029030354176987,0.29004552120449384
3.710644248503383,0.3428147053717249
4.168720846874621,0.40008354484514136
4.683346700825936,0.46070182792331504
5.261502778863538,0.5232253402929278
5.911031845476362,0.5860181864381517
6.64074484928479,0.6473838345238856
7.4605404447366075,0.7057078466233617
8.381539268677866,0.7595924072942464
9.416234793278331,0.8079637525702582
10.578662801651687,0.8501383499668339
11.884591785129816,0.885841127711079
13.351736844955687,0.9151774471975905
15.0,0.938567929647807
