SA(1.0s) [g],Loss_ratio
0.05000000000000001,2.5560004915936576e-07
0.056172467201025755,6.723175644429703e-07
0.06310692142900626,1.6927519938980675e-06
0.07089742948257126,4.080417156199223e-06
0.07964967064493539,9.419101822388809e-06
0.08948237023750269,2.0827025450587122e-05
0.10052891014472326,4.412647412153637e-05
0.11293913815718663,8.96179256480556e-05
0.1268814006769336,0.00017454977391177519
0.14254482635890514,0.0003262292416003621
0.16014189166643014,0.000585482794937281
0.17991130314285533,0.0010098936762751533
0.2021212354977168,0.0016760403099323586
0.2270729694325259,0.0026800122607276884
0.2551049785537617,0.004135966513460293
0.28659752081259104,0.0061734677336687145
0.3219777967548112,0.008935660187254014
0.36172574455336326,0.012581488273547426
0.4063805504338082,0.01729555749054876
0.45654796280755766,0.023308185607981494
0.5129085093300529,0.030925468760440163
0.5762267283493882,0.040565118001257505
0.6473615399712076,0.05278938098156082
0.7272778974247632,0.06832291560769967
0.8170598767824696,0.0880423718499127
0.9179253825967483,0.11292659125944635
1.0312426689380967,0.1439620285554999
1.1585488999444697,0.1820067964880946
1.3015710016583038,0.22762745695454478
1.4622490880091454,0.28093335610473935
1.6427627787184707,0.34144118044499416
1.8455607661325835,0.4080043511249947
2.0733940320616497,0.47883529863964125
2.329353165215711,0.5516329394769248
2.6169102854537,0.6238052655714224
2.9399661435534976,0.6927534573228845
3.3029030354176987,0.7561665902989181
3.710644248503383,0.8122710330844118
4.168720846874621,0.8599884865289136
4.683346700825936,0.8989786576903711
5.261502778863538,0.9295698936407855
5.911031845476362,0.952605242873108
6.64074484928479,0.9692455933275197
7.4605404447366075,0.9807730379146489
8.381539268677866,0.988428228137874
9.416234793278331,0.9933000911042114
10.578662801651687,0.9962705706786861
11.884591785129816,0.9980053245844607
13.351736844955687,0.9989754462772882
15.0,0.9994948412232072
