SA(1.0s) [g],Loss_ratio
0.05000000000000001,2.7679845310268904e-08
0.056172467201025755,9.751767620080899e-08
0.06310692142900626,3.2272243652986534e-07
0.07089742948257126,1.003467801924396e-06
0.07964967064493539,2.9324038963385314e-06
0.08948237023750269,8.056128236033632e-06
0.10052891014472326,2.0814705433641614e-05
0.11293913815718663,5.0599150545216356e-05
0.1268814006769336,0.00011578956440558841
0.14254482635890514,0.0002495859371820286
0.16014189166643014,0.0005071406028661463
0.17991130314285533,0.000972321099009782
0.2021212354977168,0.0017611272644684818
0.2270729694325259,0.0030182092905720603
0.2551049785537617,0.004904215996921629
0.28659752081259104,0.007575560394094761
0.3219777967548112,0.011163989287585729
0.36172574455336326,0.015768612447190113
0.4063805504338082,0.021474177115911968
0.45654796280755766,0.028403633552451294
0.5129085093300529,0.036800853569634064
0.5762267283493882,0.04712509325346743
0.6473615399712076,0.06012880110526947
0.7272778974247632,0.07688922277010221
0.8170598767824696,0.09877170207932545
0.9179253825967483,0.12731414646838238
1.0312426689380967,0.16403331174984498
1.1585488999444697,0.21016429622237634
1.3015710016583038,0.2663593888166592
1.4622490880091454,0.33239451531295267
1.6427627787184707,0.40695579134644627
1.8455607661325835,0.48758970403158
2.0733940320616497,0.5708806012733968
2.329353165215711,0.652862637293595
2.6169102854537,0.7295955858658245
2.9399661435534976,0.7977679267257501
3.3029030354176987,0.8551696845149144
3.710644248503383,0.9009155569922803
4.168720846874621,0.9353810339365412
4.683346700825936,0.95990450055973
5.261502778863538,0.9763693128199611
5.911031845476362,0.9867916526697013
6.64074484928479,0.9930075081870391
7.4605404447366075,0.9964980293089007
8.381539268677866,0.9983425728301125
9.416234793278331,0.9992593816484072
10.578662801651687,0.9996877978784984
11.884591785129816,0.9998759366700295
13.351736844955687,0.9999535549953039
15.0,0.9999836289255171
