PGA [g],Loss_ratio
0.05000000000000001,1.2302924360940714e-07
0.056172467201025755,3.259835898827834e-07
0.06310692142900626,8.291512231195509e-07
0.07089742948257126,2.02515717900309e-06
0.07964967064493539,4.751536598518458e-06
0.08948237023750269,1.0714113646947965e-05
0.10052891014472326,2.3230692000525414e-05
0.11293913815718663,4.846606140926913e-05
0.1268814006769336,9.737060541941679e-05
0.14254482635890514,0.00018855895642886367
0.16014189166643014,0.0003523634968650158
0.17991130314285533,0.0006362751196245076
0.2021212354977168,0.0011119676360512698
0.2270729694325259,0.0018841374811853662
0.2551049785537617,0.003101511259616724
0.28659752081259104,0.004970548355813032
0.3219777967548112,0.007772431507078959
0.36172574455336326,0.011883572235393342
0.4063805504338082,0.01779864459696816
0.45654796280755766,0.026152793225448147
0.5129085093300529,0.037736252414142954
0.5762267283493882,0.05349098390872653
0.6473615399712076,0.07447669118412849
0.7272778974247632,0.1017947267155995
0.8170598767824696,0.1364646327698209
0.9179253825967483,0.17925958497805927
1.0312426689380967,0.23052184591795422
1.1585488999444697,0.2899932113795166
1.3015710016583038,0.35670286821876634
1.4622490880091454,0.42895142474872927
1.6427627787184707,0.5044135412609794
1.8455607661325835,0.5803554859035065
2.0733940320616497,0.6539351502651718
2.329353165215711,0.7225296117185603
2.6169102854537,0.7840268405967459
2.9399661435534976,0.8370267435123441
3.3029030354176987,0.8809196963469371
3.710644248503383,0.9158405506886007
4.168720846874621,0.942523479843875
4.683346700825936,0.9621003557462222
5.261502778863538,0.9758892298861349
5.911031845476362,0.9852113259848732
6.64074484928479,0.9912595714868069
7.4605404447366075,0.995025002454366
8.381539268677866,0.9972741267999004
9.416234793278331,0.9985628946531302
10.578662801651687,0.9992712506863187
11.884591785129816,0.9996446737608271
13.351736844955687,0.999833465789097
15.0,0.9999249955572207
