SA(1.0s) [g],Loss_ratio
0.05000000000000001,7.328857012900426e-05
0.056172467201025755,0.00011686535436632452
0.06310692142900626,0.00018362236122709263
0.07089742948257126,0.0002843794288480584
0.07964967064493539,0.0004342621497650412
0.08948237023750269,0.0006540930674774515
0.10052891014472326,0.0009721105697887922
0.11293913815718663,0.001426050577229815
0.1268814006769336,0.002065613271977479
0.14254482635890514,0.002955314688447036
0.16014189166643014,0.004177687690825959
0.17991130314285533,0.005836745375886749
0.2021212354977168,0.008061549778443228
0.2270729694325259,0.01100963954699064
0.2551049785537617,0.014869965306566547
0.28659752081259104,0.019864869316279638
0.3219777967548112,0.02625054175672924
0.36172574455336326,0.03431531106811049
0.4063805504338082,0.04437510675030112
0.45654796280755766,0.05676549802530385
0.5129085093300529,0.07182988495458424
0.5762267283493882,0.08990371351894494
0.6473615399712076,0.1112949986982983
0.7272778974247632,0.13626194260555102
0.8170598767824696,0.164988976114619
0.9179253825967483,0.19756305807085425
1.0312426689380967,0.233952448676701
1.1585488999444697,0.27399034611545586
1.3015710016583038,0.31736566847670933
1.4622490880091454,0.36362284142804024
1.6427627787184707,0.4121717278201189
1.8455607661325835,0.46230787289302344
2.0733940320616497,0.5132421500719193
2.329353165215711,0.5641378224208768
2.6169102854537,0.6141521383499375
2.9399661435534976,0.6624789946080969
3.3029030354176987,0.7083890197610134
3.710644248503383,0.7512636910324275
4.168720846874621,0.7906207621369079
4.683346700825936,0.8261292525900135
5.261502778863538,0.8576133879701421
5.911031845476362,0.8850460242377961
6.64074484928479,0.908533084606776
7.4605404447366075,0.928291265242818
8.381539268677866,0.9446216573661388
9.416234793278331,0.9578819760924794
10.578662801651687,0.9684598207727875
11.884591785129816,0.9767488968919564
13.351736844955687,0.9831295056386316
15.0,0.987953955460623
