SA(1.0s) [g],Loss_ratio
0.05000000000000001,0.0001028685942887131
0.056172467201025755,0.00015260298988896138
0.06310692142900626,0.00022387453069427912
0.07089742948257126,0.00032487084209232295
0.07964967064493539,0.00046643238435987164
0.08948237023750269,0.0006627500909861805
0.10052891014472326,0.0009321974489121587
0.11293913815718663,0.0012983096166947928
0.1268814006769336,0.001790919092398602
0.14254482635890514,0.0024474520705974057
0.16014189166643014,0.003314381084665308
0.17991130314285533,0.004448816821860102
0.2021212354977168,0.005920204153722975
0.2270729694325259,0.007812063716198587
0.2551049785537617,0.010223690619632098
0.28659752081259104,0.013271686781984572
0.3219777967548112,0.017091164921587732
0.36172574455336326,0.021836423903153542
0.4063805504338082,0.027680862008538906
0.45654796280755766,0.03481587335744348
0.5129085093300529,0.04344847061964103
0.5762267283493882,0.053797401864513546
0.6473615399712076,0.06608758722184081
0.7272778974247632,0.08054279569273308
0.8170598767824696,0.09737661360689079
0.9179253825967483,0.11678191831055616
1.0312426689380967,0.13891925231789398
1.1585488999444697,0.16390467742272624
1.3015710016583038,0.1917978538542405
1.4622490880091454,0.22259121304777843
1.6427627787184707,0.25620115147274586
1.8455607661325835,0.2924621490710373
2.0733940320616497,0.33112459882280265
2.329353165215711,0.3718569238300487
2.6169102854537,0.41425226703700985
2.9399661435534976,0.4578396898959599
3.3029030354176987,0.5020994431585573
3.710644248503383,0.546481514639633
4.168720846874621,0.5904263553432827
4.683346700825936,0.6333864723943057
5.261502778863538,0.6748474809209329
5.911031845476362,0.714347240184756
6.64074484928479,0.751491859317479
7.4605404447366075,0.7859676273629386
8.381539268677866,0.8175482706105788
9.416234793278331,0.8460973286448316
10.578662801651687,0.871565827170447
11.884591785129816,0.8939857709566292
13.351736844955687,0.9134602519547144
15.0,0.9301511444796482
