SA(0.3s) [g],Loss_ratio
0.05000000000000001,6.654734818312136e-07
0.056172467201025755,1.5639226152164287e-06
0.06310692142900626,3.5503042722595524e-06
0.07089742948257126,7.789039879163573e-06
0.07964967064493539,1.6523583260014133e-05
0.08948237023750269,3.391532541614506e-05
0.10052891014472326,6.740123974093847e-05
0.11293913815718663,0.00012979880625576534
0.1268814006769336,0.0002424369637211099
0.14254482635890514,0.0004396324672312324
0.16014189166643014,0.0007748548868574623
0.17991130314285533,0.001328922189237769
0.2021212354977168,0.002220526771734688
0.2270729694325259,0.003619274432100517
0.2551049785537617,0.005761159446467795
0.28659752081259104,0.00896589551064307
0.3219777967548112,0.01365465960335116
0.36172574455336326,0.020365517954647444
0.4063805504338082,0.02976217276554437
0.45654796280755766,0.04263003029972483
0.5129085093300529,0.0598525804316237
0.5762267283493882,0.08236154631840889
0.6473615399712076,0.11105702150949455
0.7272778974247632,0.14669923099792398
0.8170598767824696,0.18978115213428726
0.9179253825967483,0.2403994654737209
1.0312426689380967,0.29814774317805504
1.1585488999444697,0.3620577533428606
1.3015710016583038,0.4306103297154129
1.4622490880091454,0.5018261884873552
1.6427627787184707,0.5734313180413028
1.8455607661325835,0.6430749744977295
2.0733940320616497,0.7085655369458658
2.329353165215711,0.7680844033819367
2.6169102854537,0.8203424584167264
2.9399661435534976,0.8646562821505971
3.3029030354176987,0.900938578025185
3.710644248503383,0.9296144441525914
4.168720846874621,0.9514876995869055
4.683346700825936,0.9675869047482007
5.261502778863538,0.9790187724097628
5.911031845476362,0.986849219704648
6.64074484928479,0.9920223530671027
7.4605404447366075,0.9953181840171964
8.381539268677866,0.9973429338867249
9.416234793278331,0.9985422346564458
10.578662801651687,0.9992270819636873
11.884591785129816,0.9996040721657031
13.351736844955687,0.9998041051439622
15.0,0.9999064050954763
