SA(1.0s) [g],Loss_ratio
0.05000000000000001,9.393515664757324e-07
0.056172467201025755,2.376854510083293e-06
0.06310692142900626,5.747825741875268e-06
0.07089742948257126,1.3288166418878866e-05
0.07964967064493539,2.93797135810403e-05
0.08948237023750269,6.215058918138118e-05
0.10052891014472326,0.00012586204777391142
0.11293913815718663,0.0002441668383469875
0.1268814006769336,0.0004541293040606243
0.14254482635890514,0.0008106208973878981
0.16014189166643014,0.0013904429269976425
0.17991130314285533,0.0022954575825068994
0.2021212354977168,0.003654334751746491
0.2270729694325259,0.005623366101488509
0.2551049785537617,0.008388045346332912
0.28659752081259104,0.012168317153107944
0.3219777967548112,0.017230825226539015
0.36172574455336326,0.023910376905332025
0.4063805504338082,0.032639779197479624
0.45654796280755766,0.04398250395139005
0.5129085093300529,0.058657474993686176
0.5762267283493882,0.07754143862120182
0.6473615399712076,0.10163379941334397
0.7272778974247632,0.13197288438494584
0.8170598767824696,0.16950169498359746
0.9179253825967483,0.2148942668412417
1.0312426689380967,0.2683682021491458
1.1585488999444697,0.3295208658417854
1.3015710016583038,0.3972316405250518
1.4622490880091454,0.46966678456126393
1.6427627787184707,0.5444056609598124
1.8455607661325835,0.6186802351728596
2.0733940320616497,0.6896907111033814
2.329353165215711,0.754938155468216
2.6169102854537,0.8125079366761822
2.9399661435534976,0.8612490695771994
3.3029030354176987,0.900820931469783
3.710644248503383,0.9316116730033357
4.168720846874621,0.9545613944778655
4.683346700825936,0.9709394646391761
5.261502778863538,0.9821261315085026
5.911031845476362,0.9894364012385497
6.64074484928479,0.9940053680040978
7.4605404447366075,0.9967357596646351
8.381539268677866,0.9982954430328695
9.416234793278331,0.999146865579848
10.578662801651687,0.9995909373591964
11.884591785129816,0.999812181203526
13.351736844955687,0.9999174543729449
15.0,0.9999652863504396
