SA(1.0s) [g],Loss_ratio
0.05000000000000001,1.0238421690567101e-06
0.056172467201025755,2.6828798357414477e-06
0.06310692142900626,6.690859741909084e-06
0.07089742948257126,1.5885882216215562e-05
0.07964967064493539,3.592133076123494e-05
0.08948237023750269,7.739309629515856e-05
0.10052891014472326,0.00015896502537515178
0.11293913815718663,0.00031149265866284857
0.1268814006769336,0.0005827889467588721
0.14254482635890514,0.0010422140962205728
0.16014189166643014,0.0017839029571816156
0.17991130314285533,0.0029274904912432124
0.2021212354977168,0.00461598621428368
0.2270729694325259,0.007012085426040121
0.2551049785537617,0.010296326054236922
0.28659752081259104,0.014672195169960047
0.3219777967548112,0.0203833376219616
0.36172574455336326,0.02774544401311134
0.4063805504338082,0.037190104946043856
0.45654796280755766,0.04931105423088715
0.5129085093300529,0.06489693494312189
0.5762267283493882,0.08493142997810348
0.6473615399712076,0.11054314562014712
0.7272778974247632,0.14289476350898694
0.8170598767824696,0.18301323952264623
0.9179253825967483,0.23157865844673983
1.0312426689380967,0.28870591139736335
1.1585488999444697,0.3537663110549774
1.3015710016583038,0.42530015406341026
1.4622490880091454,0.5010612435756641
1.6427627787184707,0.5782090960925268
1.8455607661325835,0.653628469078697
2.0733940320616497,0.7243194227088543
2.329353165215711,0.7877774538950402
2.6169102854537,0.8422823268656687
2.9399661435534976,0.8870379035955012
3.3029030354176987,0.9221456921870689
3.710644248503383,0.9484376562290049
4.168720846874621,0.9672246032552204
4.683346700825936,0.9800266775611935
5.261502778863538,0.988342320644999
5.911031845476362,0.9934889521418429
6.64074484928479,0.9965228422755954
7.4605404447366075,0.9982257039916569
8.381539268677866,0.9991354677755976
9.416234793278331,0.9995979840583703
10.578662801651687,0.9998216836568502
11.884591785129816,0.9999245904806903
13.351736844955687,0.9999696072576785
15.0,0.9999883302404055
