SA(0.6s) [g],Loss_ratio
0.05000000000000001,6.416546858845074e-08
0.056172467201025755,2.2832977847886404e-07
0.06310692142900626,7.599510412070742e-07
0.07089742948257126,2.3670732041569666e-06
0.07964967064493539,6.904616004993481e-06
0.08948237023750269,1.8877375260195614e-05
0.10052891014472326,4.842665941791613e-05
0.11293913815718663,0.0001167224052188831
0.1268814006769336,0.00026478077179655776
0.14254482635890514,0.0005665011465041947
0.16014189166643014,0.0011461351917599618
0.17991130314285533,0.0021997733481680494
0.2021212354977168,0.004020423814819096
0.2270729694325259,0.00702742382245139
0.2551049785537617,0.011802777872967197
0.28659752081259104,0.019137222684995542
0.3219777967548112,0.030083622613379074
0.36172574455336326,0.04600202677620606
0.4063805504338082,0.06856157189744054
0.45654796280755766,0.09964896282873799
0.5129085093300529,0.14113641177147518
0.5762267283493882,0.19449612177141726
0.6473615399712076,0.26031294135787386
0.7272778974247632,0.3378207711033192
0.8170598767824696,0.4246343521346974
0.9179253825967483,0.5168295914998176
1.0312426689380967,0.6094304497253671
1.1585488999444697,0.6972167898310476
1.3015710016583038,0.7756373821540463
1.4622490880091454,0.8415605228285498
1.6427627787184707,0.8936513709573428
1.8455607661325835,0.9323047631354732
2.0733940320616497,0.9592178034252328
2.329353165215711,0.9767881626809781
2.6169102854537,0.9875372983545754
2.9399661435534976,0.9936962324361898
3.3029030354176987,0.996999679945809
3.710644248503383,0.9986576340682073
4.168720846874621,0.9994359461886942
4.683346700825936,0.9997775803288688
5.261502778863538,0.9999177519095371
5.911031845476362,0.9999714957091839
6.64074484928479,0.9999907468703942
7.4605404447366075,0.9999971877766818
8.381539268677866,0.9999992001550966
9.416234793278331,0.9999997871914237
10.578662801651687,0.9999999470518913
11.884591785129816,0.9999999876843786
13.351736844955687,0.999999997322759
15.0,0.9999999994562027
