SA(0.6s) [g],Loss_ratio
0.05000000000000001,5.5948697230689965e-09
0.056172467201025755,1.8011647767712804e-08
0.06310692142900626,5.527216724865447e-08
0.07089742948257126,1.616984555419254e-07
0.07964967064493539,4.51040085347465e-07
0.08948237023750269,1.1997916328276849e-06
0.10052891014472326,3.0440996206693162e-06
0.11293913815718663,7.368283883479876e-06
0.1268814006769336,1.7018993328077326e-05
0.14254482635890514,3.752177393016032e-05
0.16014189166643014,7.898724071720987e-05
0.17991130314285533,0.0001588260938865882
0.2021212354977168,0.00030519476322111717
0.2270729694325259,0.0005607407570138557
0.2551049785537617,0.0009857546841142097
0.28659752081259104,0.0016594236808483934
0.3219777967548112,0.0026777914825038777
0.36172574455336326,0.00414757036868354
0.4063805504338082,0.006176293305633352
0.45654796280755766,0.00886128211014589
0.5129085093300529,0.012281935156810826
0.5762267283493882,0.016500958259855023
0.6473615399712076,0.021579446595780427
0.7272778974247632,0.027607772959331752
0.8170598767824696,0.03474955900931447
0.9179253825967483,0.04329099841358254
1.0312426689380967,0.0536842100715118
1.1585488999444697,0.06657239164418646
1.3015710016583038,0.08278646019748123
1.4622490880091454,0.10330662743771929
1.6427627787184707,0.12918660026007658
1.8455607661325835,0.161442121800847
2.0733940320616497,0.20090990218435795
2.329353165215711,0.2480888984637016
2.6169102854537,0.3029839543680933
2.9399661435534976,0.3649803905923393
3.3029030354176987,0.4327831730061254
3.710644248503383,0.5044508179005573
4.168720846874621,0.5775392680790821
4.683346700825936,0.6493462631446227
5.261502778863538,0.7172190867376257
5.911031845476362,0.7788677790959437
6.64074484928479,0.8326204397987664
7.4605404447366075,0.8775702584076256
8.381539268677866,0.9135914891426995
9.416234793278331,0.9412343256515732
10.578662801651687,0.961535674836632
11.884591785129816,0.9757963154811145
13.351736844955687,0.9853727377296401
15.0,0.9915176736858012
