SA(0.3s) [g],Loss_ratio
0.05000000000000001,4.1167941716713235e-08
0.056172467201025755,1.283963811493649e-07
0.06310692142900626,3.800177144908102e-07
0.07089742948257126,1.0675706535456797e-06
0.07964967064493539,2.847266466232679e-06
0.08948237023750269,7.211254623701313e-06
0.10052891014472326,1.7349087215218218e-05
0.11293913815718663,3.966264339207992e-05
0.1268814006769336,8.620112731001494e-05
0.14254482635890514,0.00017819572166514753
0.16014189166643014,0.0003506008684961648
0.17991130314285533,0.0006570613131003378
0.2021212354977168,0.0011741144693021234
0.2270729694325259,0.0020029845311280827
0.2551049785537617,0.0032674646948423537
0.28659752081259104,0.0051075346020243
0.3219777967548112,0.007670606734179425
0.36172574455336326,0.011105085763538892
0.4063805504338082,0.015563018037605554
0.45654796280755766,0.02121846989554943
0.5129085093300529,0.028304858517803434
0.5762267283493882,0.03716799621794685
0.6473615399712076,0.04832384405492474
0.7272778974247632,0.0625035671306693
0.8170598767824696,0.08066584701536464
0.9179253825967483,0.10395867785428421
1.0312426689380967,0.1336197868068987
1.1585488999444697,0.17081542018849954
1.3015710016583038,0.21643062917621442
1.4622490880091454,0.27083935907176765
1.6427627787184707,0.3336972367505248
1.8455607661325835,0.40380917671721717
2.0733940320616497,0.47912132496305715
2.329353165215711,0.5568675268035399
2.6169102854537,0.633865340533021
2.9399661435534976,0.7069145881179769
3.3029030354176987,0.7732173986053839
3.710644248503383,0.8307270419321019
4.168720846874621,0.8783501247381329
4.683346700825936,0.9159676772377061
5.261502778863538,0.944290232693838
5.911031845476362,0.9646022752195405
6.64074484928479,0.9784697180836257
7.4605404447366075,0.9874777606885186
8.381539268677866,0.9930425516782825
9.416234793278331,0.9963104255299643
10.578662801651687,0.9981339494861219
11.884591785129816,0.9991005242491229
13.351736844955687,0.9995870434386663
15.0,0.9998195211072635
