SA(1.0s) [g],Loss_ratio
0.05000000000000001,4.544973519421403e-06
0.056172467201025755,9.045319349226809e-06
0.06310692142900626,1.749448958516253e-05
0.07089742948257126,3.2891518576683156e-05
0.07964967064493539,6.013310343435108e-05
0.08948237023750269,0.00010694430102419773
0.10052891014472326,0.00018510312374999673
0.11293913815718663,0.000311972101495539
0.1268814006769336,0.0005123183586295433
0.14254482635890514,0.0008203735234045773
0.16014189166643014,0.0012820716021335998
0.17991130314285533,0.001957425859509815
0.2021212354977168,0.002923079897197106
0.2270729694325259,0.004275194093294732
0.2551049785537617,0.00613298109325165
0.28659752081259104,0.008643325212096736
0.3219777967548112,0.011986923442768305
0.36172574455336326,0.01638617265349253
0.4063805504338082,0.02211452353194637
0.45654796280755766,0.029506216325670784
0.5129085093300529,0.038964297759624296
0.5762267283493882,0.05096380295726174
0.6473615399712076,0.06604628218028966
0.7272778974247632,0.0848018130028921
0.8170598767824696,0.10783556417675563
0.9179253825967483,0.13571800349520574
1.0312426689380967,0.16892084296023518
1.1585488999444697,0.20774435710135344
1.3015710016583038,0.2522450853187842
1.4622490880091454,0.3021752760013304
1.6427627787184707,0.35694593946574793
1.8455607661325835,0.41562352864641
2.0733940320616497,0.4769660379087455
2.329353165215711,0.5394982773076857
2.6169102854537,0.6016193586461032
2.9399661435534976,0.6617294479248993
3.3029030354176987,0.7183589791078027
3.710644248503383,0.7702827447043368
4.168720846874621,0.8166038276632308
4.683346700825936,0.856797664173602
5.261502778863538,0.8907134178821692
5.911031845476362,0.9185367681802569
6.64074484928479,0.9407237268650381
7.4605404447366075,0.957918216022299
8.381539268677866,0.9708665471146808
9.416234793278331,0.9803399794043404
10.578662801651687,0.9870730221019363
11.884591785129816,0.9917210849558891
13.351736844955687,0.9948373873202893
15.0,0.9968663229668648
