SA(1.0s) [g],Loss_ratio
0.05000000000000001,2.5485153571425115e-05
0.056172467201025755,6.084940749603862e-05
0.06310692142900626,0.0001373272026339245
0.07089742948257126,0.000293333635216736
0.07964967064493539,0.0005940061573830092
0.08948237023750269,0.0011427204787249014
0.10052891014472326,0.0020937077649894054
0.11293913815718663,0.003664920138888667
0.1268814006769336,0.006151484041913086
0.14254482635890514,0.009942230187216416
0.16014189166643014,0.015543618336366114
0.17991130314285533,0.023614550398241237
0.2021212354977168,0.035009778803154167
0.2270729694325259,0.05081845507998245
0.2551049785537617,0.07237094976650957
0.28659752081259104,0.101178176013261
0.3219777967548112,0.13877148148639637
0.36172574455336326,0.18643332864378964
0.4063805504338082,0.2448480656764528
0.45654796280755766,0.31374728142794006
0.5129085093300529,0.3916569080486165
0.5762267283493882,0.47585357292439334
0.6473615399712076,0.5625948725193615
0.7272778974247632,0.647609409129336
0.8170598767824696,0.7267443245584325
0.9179253825967483,0.7966073369259716
1.0312426689380967,0.855035713191165
1.1585488999444697,0.9012808735354493
1.3015710016583038,0.9358910054342228
1.4622490880091454,0.9603653780896849
1.6427627787184707,0.9767074712723944
1.8455607661325835,0.9870051886088179
2.0733940320616497,0.9931257118011522
2.329353165215711,0.9965553734526175
2.6169102854537,0.9983665073107146
2.9399661435534976,0.9992675093348915
3.3029030354176987,0.9996896257980252
3.710644248503383,0.9998758086840989
4.168720846874621,0.9999530999940723
4.683346700825936,0.9999832925005466
5.261502778863538,0.9999943880801178
5.911031845476362,0.9999982233639498
6.64074484928479,0.9999994700722796
7.4605404447366075,0.9999998511233336
8.381539268677866,0.9999999606174527
9.416234793278331,0.9999999901929921
10.578662801651687,0.9999999977016044
11.884591785129816,0.9999999994931507
13.351736844955687,0.9999999998948478
15.0,0.9999999999794803
