SA(1.0s) [g],Loss_ratio
0.05000000000000001,2.058763127027463e-06
0.056172467201025755,5.2467522442867235e-06
0.06310692142900626,1.2717055350142115e-05
0.07089742948257126,2.9325618108599905e-05
0.07964967064493539,6.436594272827833e-05
0.08948237023750269,0.00013453550855115905
0.10052891014472326,0.0002679565786473493
0.11293913815718663,0.0005089560752223887
0.1268814006769336,0.0009228119753214858
0.14254482635890514,0.0015992079768024415
0.16014189166643014,0.0026530369531625408
0.17991130314285533,0.004221842690204808
0.2021212354977168,0.006460795165145339
0.2270729694325259,0.00953840105066356
0.2551049785537617,0.013638286222176893
0.28659752081259104,0.018973037854053364
0.3219777967548112,0.025814062833967772
0.36172574455336326,0.0345363528757012
0.4063805504338082,0.04566991429925907
0.45654796280755766,0.05994257781636791
0.5129085093300529,0.07829452816042222
0.5762267283493882,0.10184521416297332
0.6473615399712076,0.13179918842299612
0.7272778974247632,0.1692885774717649
0.8170598767824696,0.21516506181477407
0.9179253825967483,0.2697712299775856
1.0312426689380967,0.3327362945172083
1.1585488999444697,0.4028491339867639
1.3015710016583038,0.4780567157977828
1.4622490880091454,0.555614794258926
1.6427627787184707,0.632382618324286
1.8455607661325835,0.7052134422171581
2.0733940320616497,0.7713617186376556
2.329353165215711,0.828818633243786
2.6169102854537,0.8765053261039443
2.9399661435534976,0.9142923035824618
3.3029030354176987,0.9428601018322952
3.710644248503383,0.9634538375899521
4.168720846874621,0.9776013674205232
4.683346700825936,0.986859035219653
5.261502778863538,0.9926268056517897
5.911031845476362,0.9960468235580017
6.64074484928479,0.9979761599735787
7.4605404447366075,0.9990113176876236
8.381539268677866,0.9995393944900505
9.416234793278331,0.9997954680175221
10.578662801651687,0.9999134743410745
11.884591785129816,0.9999651427271998
13.351736844955687,0.9999866328437618
15.0,0.9999951221188847
