SA(0.3s) [g],Loss_ratio
0.05000000000000001,3.8403833158007217e-07
0.056172467201025755,9.763556342579083e-07
0.06310692142900626,2.383078451734244e-06
0.07089742948257126,5.586614636798882e-06
0.07964967064493539,1.2585127720038392e-05
0.08948237023750269,2.7259994933781508e-05
0.10052891014472326,5.6815131471893435e-05
0.11293913815718663,0.00011403603266811336
0.1268814006769336,0.00022064676701011865
0.14254482635890514,0.00041204446508692484
0.16014189166643014,0.000743665546084732
0.17991130314285533,0.001299208172901495
0.2021212354977168,0.0022009363148302657
0.2270729694325259,0.003622339875946346
0.2551049785537617,0.005803469301011804
0.28659752081259104,0.009069124172213262
0.3219777967548112,0.013849444368092484
0.36172574455336326,0.020700981821437717
0.4063805504338082,0.03032385124999962
0.45654796280755766,0.04356736722820927
0.5129085093300529,0.061413658619313784
0.5762267283493882,0.08492774213694447
0.6473615399712076,0.11516526176979934
0.7272778974247632,0.15303674467181635
0.8170598767824696,0.19913938017527086
0.9179253825967483,0.25358141313312826
1.0312426689380967,0.3158357534594138
1.1585488999444697,0.38466322371527495
1.3015710016583038,0.4581383145147502
1.4622490880091454,0.5337911390439221
1.6427627787184707,0.6088525722925537
1.8455607661325835,0.6805629412464334
2.0733940320616497,0.7464866877133425
2.329353165215711,0.8047724246730023
2.6169102854537,0.8543111022322404
2.9399661435534976,0.8947703665013148
3.3029030354176987,0.9265124728376265
3.710644248503383,0.950427400284007
4.168720846874621,0.967725746844312
4.683346700825936,0.9797357074440497
5.261502778863538,0.9877375473972049
5.911031845476362,0.9928528130202626
6.64074484928479,0.9959897296412823
7.4605404447366075,0.9978348606864371
8.381539268677866,0.9988756903520271
9.416234793278331,0.9994386847998408
10.578662801651687,0.9997306619296581
11.884591785129816,0.9998758283221147
13.351736844955687,0.9999450132807486
15.0,0.9999766174725612
