SA(1.0s) [g],Loss_ratio
0.05000000000000001,3.22008043770472e-06
0.056172467201025755,6.861189874035612e-06
0.06310692142900626,1.4133150721723498e-05
0.07089742948257126,2.8151379974639124e-05
0.07964967064493539,5.423968163046911e-05
0.08948237023750269,0.00010112374506096033
0.10052891014472326,0.00018251639824317655
0.11293913815718663,0.00031907835902248994
0.1268814006769336,0.00054065768806284
0.14254482635890514,0.0008886268572214862
0.16014189166643014,0.0014180868335915199
0.17991130314285533,0.002199744073661214
0.2021212354977168,0.0033214354539065627
0.2270729694325259,0.00488959217747692
0.2551049785537617,0.007031348183860536
0.28659752081259104,0.009898382214341628
0.3219777967548112,0.013673735222360135
0.36172574455336326,0.01858254354501507
0.4063805504338082,0.024906710320828775
0.45654796280755766,0.03300199413019712
0.5129085093300529,0.04331404036258647
0.5762267283493882,0.05638796930681264
0.6473615399712076,0.07286488602459013
0.7272778974247632,0.09345873700112442
0.8170598767824696,0.11890878988584593
0.9179253825967483,0.14990678348610512
1.0312426689380967,0.18700311868287248
1.1585488999444697,0.2305024329960857
1.3015710016583038,0.2803641764576004
1.4622490880091454,0.33612685011540183
1.6427627787184707,0.39687404984836716
1.8455607661325835,0.46125570168262287
2.0733940320616497,0.5275692352447803
2.329353165215711,0.5938944355623472
2.6169102854537,0.6582647811257936
2.9399661435534976,0.7188499754778752
3.3029030354176987,0.7741213612698432
3.710644248503383,0.822974957603484
4.168720846874621,0.8647953194621977
4.683346700825936,0.8994551229496838
5.261502778863538,0.9272573462079166
5.911031845476362,0.9488362666225035
6.64074484928479,0.9650383148209002
7.4605404447366075,0.9768036272942768
8.381539268677866,0.9850648140096432
9.416234793278331,0.9906727960083933
10.578662801651687,0.9943525818319351
11.884591785129816,0.9966861624035317
13.351736844955687,0.9981161929419611
15.0,0.998962899257802
