SA(0.3s) [g],Loss_ratio
0.05000000000000001,2.3871879485937165e-07
0.056172467201025755,6.968631712733765e-07
0.06310692142900626,1.9281798713299824e-06
0.07089742948257126,5.058353264048021e-06
0.07964967064493539,1.2585717318680524e-05
0.08948237023750269,2.971181250415178e-05
0.10052891014472326,6.658490392938977e-05
0.11293913815718663,0.00014173598787120545
0.1268814006769336,0.00028679299492369027
0.14254482635890514,0.0005521423060326324
0.16014189166643014,0.0010126211331010827
0.17991130314285533,0.001771813210432882
0.2021212354977168,0.002963519959360467
0.2270729694325259,0.0047499606380892075
0.2551049785537617,0.0073183896944621135
0.28659752081259104,0.010880606849034453
0.3219777967548112,0.015681963741418826
0.36172574455336326,0.022026175312370277
0.4063805504338082,0.03031816716790959
0.45654796280755766,0.04111936684933705
0.5129085093300529,0.05520020177663422
0.5762267283493882,0.07356650301105001
0.6473615399712076,0.0974337277605542
0.7272778974247632,0.1281280589319862
0.8170598767824696,0.16690725639888604
0.9179253825967483,0.21471512064026657
1.0312426689380967,0.2719077021084682
1.1585488999444697,0.3380105952924658
1.3015710016583038,0.41157657660459224
1.4622490880091454,0.49020370871641916
1.6427627787184707,0.5707425966035302
1.8455607661325835,0.6496729981970797
2.0733940320616497,0.7235789527633969
2.329353165215711,0.7896171446903861
2.6169102854537,0.845870567107043
2.9399661435534976,0.8915118029498209
3.3029030354176987,0.926755871197764
3.710644248503383,0.952640456682855
4.168720846874621,0.9707106848896925
4.683346700825936,0.9826952717011231
5.261502778863538,0.9902429610990734
5.911031845476362,0.9947547864465264
6.64074484928479,0.9973137969325233
7.4605404447366075,0.9986904476602971
8.381539268677866,0.9993926659272648
9.416234793278331,0.9997322088713041
10.578662801651687,0.9998877985285721
11.884591785129816,0.9999553492388328
13.351736844955687,0.9999831304834206
15.0,0.9999939514060701
