SA(0.6s) [g],Loss_ratio
0.05000000000000001,1.1884025430397572e-10
0.056172467201025755,5.528252799980038e-10
0.06310692142900626,2.4067745851841242e-09
0.07089742948257126,9.807862999533513e-09
0.07964967064493539,3.741811409052609e-08
0.08948237023750269,1.3367352095783326e-07
0.10052891014472326,4.4726478344303543e-07
0.11293913815718663,1.4020212039111968e-06
0.1268814006769336,4.1185838562829435e-06
0.14254482635890514,1.1342270818187616e-05
0.16014189166643014,2.9295054675587683e-05
0.17991130314285533,7.099864841026427e-05
0.2021212354977168,0.00016155970430257183
0.2270729694325259,0.0003454380978413829
0.2551049785537617,0.0006946575897892105
0.28659752081259104,0.0013153928199990561
0.3219777967548112,0.0023490821870005172
0.36172574455336326,0.003964459898199074
0.4063805504338082,0.006339975491153594
0.45654796280755766,0.009642163904531226
0.5129085093300529,0.014012646539557333
0.5762267283493882,0.019580459332767707
0.6473615399712076,0.026512946589944617
0.7272778974247632,0.03510595525519009
0.8170598767824696,0.045895852782703965
0.9179253825967483,0.05975931207992599
1.0312426689380967,0.0779592297739919
1.1585488999444697,0.10209973087740838
1.3015710016583038,0.1339680025947501
1.4622490880091454,0.17526190781595885
1.6427627787184707,0.22722837461925718
1.8455607661325835,0.290268727264268
2.0733940320616497,0.3635997034005207
2.329353165215711,0.44507945138798644
2.6169102854537,0.531295964539817
2.9399661435534976,0.6179576605760179
3.3029030354176987,0.700531470326403
3.710644248503383,0.7749788156103665
4.168720846874621,0.8383908313540713
4.683346700825936,0.8893506132533051
5.261502778863538,0.927944257148992
5.911031845476362,0.9554613286527674
6.64074484928479,0.9739161072586889
7.4605404447366075,0.9855494391630716
8.381539268677866,0.992437473017035
9.416234793278331,0.9962659171598859
10.578662801651687,0.9982623443542616
11.884591785129816,0.9992386408096893
13.351736844955687,0.9996861706266972
15.0,0.9998783952535425
