SA(0.3s) [g],Loss_ratio
0.05000000000000001,5.094381253900604e-07
0.056172467201025755,1.2137739163808893e-06
0.06310692142900626,2.78665334474959e-06
0.07089742948257126,6.166351116598801e-06
0.07964967064493539,1.3155084155108689e-05
0.08948237023750269,2.7065861349162557e-05
0.10052891014472326,5.372592033674462e-05
0.11293913815718663,0.0001029402903178378
0.1268814006769336,0.00019049123401925218
0.14254482635890514,0.0003406856234322742
0.16014189166643014,0.0005893685180284658
0.17991130314285533,0.000987225685981069
0.2021212354977168,0.0016031542772641516
0.2270729694325259,0.0025275574782034297
0.2551049785537617,0.003875668634617602
0.28659752081259104,0.005791425905755649
0.3219777967548112,0.008452889241065643
0.36172574455336326,0.012080487027828636
0.4063805504338082,0.016949188933840596
0.45654796280755766,0.02340473658309457
0.5129085093300529,0.03188221180442026
0.5762267283493882,0.04292269147641282
0.6473615399712076,0.05718112942568909
0.7272778974247632,0.07541684955586
0.8170598767824696,0.09845816940495329
0.9179253825967483,0.12713550564902448
1.0312426689380967,0.16218304183692545
1.1585488999444697,0.20411697478642427
1.3015710016583038,0.2531068610727996
1.4622490880091454,0.30886332176726766
1.6427627787184707,0.3705678718812968
1.8455607661325835,0.43686713278580325
2.0733940320616497,0.5059438269210733
2.329353165215711,0.5756623198105946
2.6169102854537,0.6437704047756844
2.9399661435534976,0.7081257902308529
3.3029030354176987,0.7669092207733093
3.710644248503383,0.818788463622997
4.168720846874621,0.8630080622041931
4.683346700825936,0.8993958338097119
5.261502778863538,0.9282940905268158
5.911031845476362,0.9504370236354782
6.64074484928479,0.9668025909955936
7.4605404447366075,0.9784668147671154
8.381539268677866,0.98648203955212
9.416234793278331,0.991791194401612
10.578662801651687,0.9951804715629468
11.884591785129816,0.9972653922371523
13.351736844955687,0.9985010759362348
15.0,0.9992065810977226
