SA(1.0s) [g],Loss_ratio
0.05000000000000001,7.05508506587682e-07
0.056172467201025755,1.8257696829837577e-06
0.06310692142900626,4.510010035463363e-06
0.07089742948257126,1.0636489095278146e-05
0.07964967064493539,2.3956669203722973e-05
0.08948237023750269,5.1546671474000945e-05
0.10052891014472326,0.0001059950431387069
0.11293913815718663,0.00020839099992637225
0.1268814006769336,0.0003919412925434296
0.14254482635890514,0.0007056784906105285
0.16014189166643014,0.0012173156290422483
0.17991130314285533,0.0020140485056632743
0.2021212354977168,0.0032002833861952576
0.2270729694325259,0.004892117257378148
0.2551049785537617,0.0072099521211525745
0.28659752081259104,0.010272541738267126
0.3219777967548112,0.01419730380343257
0.36172574455336326,0.01911193823978468
0.4063805504338082,0.025180543496880984
0.45654796280755766,0.03264345409342922
0.5129085093300529,0.04186476060227575
0.5762267283493882,0.05337643805103453
0.6473615399712076,0.06790484384082332
0.7272778974247632,0.0863651793175012
0.8170598767824696,0.10981262907907698
0.9179253825967483,0.13934491712690428
1.0312426689380967,0.17595933652163803
1.1585488999444697,0.22037730564098698
1.3015710016583038,0.27286023896657
1.4622490880091454,0.3330500286226936
1.6427627787184707,0.3998723779601724
1.8455607661325835,0.4715376697382365
2.0733940320616497,0.5456594286549972
2.329353165215711,0.6194858554362142
2.6169102854537,0.6902111842680577
2.9399661435534976,0.7553099347090384
3.3029030354176987,0.8128274876635087
3.710644248503383,0.8615694591986618
4.168720846874621,0.9011578649434512
4.683346700825936,0.9319556103448425
5.261502778863538,0.9548912501021699
5.911031845476362,0.9712340175738436
6.64074484928479,0.9823710079173177
7.4605404447366075,0.9896264180068753
8.381539268677866,0.9941434108901133
9.416234793278331,0.9968299089971359
10.578662801651687,0.9983558683010404
11.884591785129816,0.9991834294043946
13.351736844955687,0.9996118299623075
15.0,0.9998234684862237
