SA(1.0s) [g],Loss_ratio
0.05000000000000001,4.833513936334244e-05
0.056172467201025755,9.091432674113722e-05
0.06310692142900626,0.00016633270655231903
0.07089742948257126,0.00029623258994222474
0.07964967064493539,0.0005140022859508875
0.08948237023750269,0.000869705275603866
0.10052891014472326,0.001436405718780487
0.11293913815718663,0.002318036128847617
0.1268814006769336,0.0036588685016597676
0.14254482635890514,0.0056544881511718555
0.16014189166643014,0.008563877619362559
0.17991130314285533,0.01272173653114012
0.2021212354977168,0.01854945327826037
0.2270729694325259,0.026562233098793686
0.2551049785537617,0.037368917580410076
0.28659752081259104,0.05166029232910657
0.3219777967548112,0.0701815888280539
0.36172574455336326,0.09368589398932968
0.4063805504338082,0.12286760727264352
0.45654796280755766,0.15827892364142787
0.5129085093300529,0.20023707932928198
0.5762267283493882,0.24873477092863322
0.6473615399712076,0.30336939156655657
0.7272778974247632,0.363307174161744
0.8170598767824696,0.42729511945183835
0.9179253825967483,0.4937267370108327
1.0312426689380967,0.5607582452893746
1.1585488999444697,0.626461989372549
1.3015710016583038,0.6889958823233243
1.4622490880091454,0.7467637899366855
1.6427627787184707,0.7985431010862682
1.8455607661325835,0.8435620139154287
2.0733940320616497,0.881518746674812
2.329353165215711,0.9125455290177226
2.6169102854537,0.9371293191320088
2.9399661435534976,0.9560068259631588
3.3029030354176987,0.9700527946377986
3.710644248503383,0.9801780152930063
4.168720846874621,0.9872484071199421
4.683346700825936,0.9920304588968409
5.261502778863538,0.9951627853338724
5.911031845476362,0.9971495930026084
6.64074484928479,0.9983698135832679
7.4605404447366075,0.9990953769327942
8.381539268677866,0.9995130441332147
9.416234793278331,0.9997457833355694
10.578662801651687,0.9998713172945783
11.884591785129816,0.9999368526832223
13.351736844955687,0.999969964717176
15.0,0.9999861554036962
