SA(1.0s) [g],Loss_ratio
0.05000000000000001,0.0007366901594691722
0.056172467201025755,0.0009653914769734984
0.06310692142900626,0.0012576186996207162
0.07089742948257126,0.0016287792037595339
0.07964967064493539,0.0020974046756133125
0.08948237023750269,0.002685629278206042
0.10052891014472326,0.0034197025294770813
0.11293913815718663,0.004330528728332977
0.1268814006769336,0.005454220961293399
0.14254482635890514,0.006832653295902281
0.16014189166643014,0.008513989802040645
0.17991130314285533,0.010553163699536832
0.2021212354977168,0.013012274460906465
0.2270729694325259,0.01596086545037538
0.2551049785537617,0.019476040100858637
0.28659752081259104,0.023642371252182694
0.3219777967548112,0.028551556692230452
0.36172574455336326,0.03430177477846938
0.4063805504338082,0.04099669786450751
0.45654796280755766,0.048744128619278695
0.5129085093300529,0.057654235549342445
0.5762267283493882,0.06783737922977146
0.6473615399712076,0.07940153973092352
0.7272778974247632,0.09244937796424839
0.8170598767824696,0.10707498825373396
0.9179253825967483,0.1233604250966567
1.0312426689380967,0.14137211221010296
1.1585488999444697,0.16115726473034597
1.3015710016583038,0.18274047388448064
1.4622490880091454,0.20612061566681986
1.6427627787184707,0.23126824931406612
1.8455607661325835,0.2581236663576103
2.0733940320616497,0.28659573596446464
2.329353165215711,0.3165616670706011
2.6169102854537,0.34786777313947526
2.9399661435534976,0.3803312827086445
3.3029030354176987,0.41374319041738916
3.710644248503383,0.4478720917459117
4.168720846874621,0.4824688934674458
4.683346700825936,0.5172722442187142
5.261502778863538,0.5520144889334311
5.911031845476362,0.5864279200836308
6.64074484928479,0.6202510800287804
7.4605404447366075,0.6532348637397131
8.381539268677866,0.6851481802267598
9.416234793278331,0.7157829536185852
10.578662801651687,0.7449582794860709
11.884591785129816,0.7725235963044657
13.351736844955687,0.7983607828639481
15.0,0.8223851465438233
