SA(1.0s) [g],Loss_ratio
0.05000000000000001,6.045145316940782e-06
0.056172467201025755,1.2667828843854201e-05
0.06310692142900626,2.5655411813618746e-05
0.07089742948257126,5.0235459412573125e-05
0.07964967064493539,9.5148724214017e-05
0.08948237023750269,0.00017442298639174235
0.10052891014472326,0.00030967631015795807
0.11293913815718663,0.000532928123004517
0.1268814006769336,0.0008898276449577747
0.14254482635890514,0.0014431688877361958
0.16014189166643014,0.002276594662860165
0.17991130314285533,0.003498535691194155
0.2021212354977168,0.005246684714961097
0.2270729694325259,0.007693601891233287
0.2551049785537617,0.011054237473301509
0.28659752081259104,0.01559602987259779
0.3219777967548112,0.02165158315137362
0.36172574455336326,0.029632642638005427
0.4063805504338082,0.04004227598534812
0.45654796280755766,0.0534802127161731
0.5129085093300529,0.07063484024795855
0.5762267283493882,0.09225516918688238
0.6473615399712076,0.11909783344662221
0.7272778974247632,0.15184816882286906
0.8170598767824696,0.19102028436640484
0.9179253825967483,0.23684774967748073
1.0312426689380967,0.2891824075756396
1.1585488999444697,0.34742198140137076
1.3015710016583038,0.4104859875384379
1.4622490880091454,0.4768533099767207
1.6427627787184707,0.544664320771648
1.8455607661325835,0.6118777260438555
2.0733940320616497,0.6764604501942295
2.329353165215711,0.7365810346572432
2.6169102854537,0.79077552126391
2.9399661435534976,0.8380602117936756
3.3029030354176987,0.8779766754562657
3.710644248503383,0.9105679905447392
4.168720846874621,0.9362979233159606
4.683346700825936,0.9559335483561817
5.261502778863538,0.9704150694472549
5.911031845476362,0.9807343899389317
6.64074484928479,0.9878378228697959
7.4605404447366075,0.9925604768448006
8.381539268677866,0.9955924943836594
9.416234793278331,0.9974719758191642
10.578662801651687,0.9985966932107962
11.884591785129816,0.9992463602761401
13.351736844955687,0.9996085429482606
15.0,0.9998033950312384
