SA(0.3s) [g],Loss_ratio
0.05000000000000001,2.533203747323576e-08
0.056172467201025755,7.261668499292107e-08
0.06310692142900626,1.9941869875417242e-07
0.07089742948257126,5.247311263389953e-07
0.07964967064493539,1.3232476831825934e-06
0.08948237023750269,3.1988027215434926e-06
0.10052891014472326,7.414898811564098e-06
0.11293913815718663,1.6487314085394943e-05
0.1268814006769336,3.518110696307808e-05
0.14254482635890514,7.2079668723668e-05
0.16014189166643014,0.00014188602776385453
0.17991130314285533,0.00026855526244277673
0.2021212354977168,0.000489234938936084
0.2270729694325259,0.0008588358225514181
0.2551049785537617,0.001454945143607811
0.28659752081259104,0.002382848723702741
0.3219777967548112,0.0037807602123686728
0.36172574455336326,0.0058259859494303855
0.4063805504338082,0.008743508952740526
0.45654796280755766,0.01281893543886788
0.5129085093300529,0.018417313320448415
0.5762267283493882,0.026007451447469944
0.6473615399712076,0.03618787769560341
0.7272778974247632,0.04970603020882165
0.8170598767824696,0.06745808629860839
0.9179253825967483,0.09045502496046691
1.0312426689380967,0.11974311004872744
1.1585488999444697,0.1562750926289315
1.3015710016583038,0.20074144370753771
1.4622490880091454,0.25338607549910447
1.6427627787184707,0.31384373420517625
1.8455607661325835,0.38104143861223055
2.0733940320616497,0.4532001945688743
2.329353165215711,0.5279551054807397
2.6169102854537,0.6025854777823001
2.9399661435534976,0.6743187900996553
3.3029030354176987,0.7406521018821713
3.710644248503383,0.7996285397254066
4.168720846874621,0.8500172890739444
4.683346700825936,0.8913697347564163
5.261502778863538,0.9239542547659944
5.911031845476362,0.9485984423091248
6.64074484928479,0.9664830012160863
7.4605404447366075,0.9789334270222917
8.381539268677866,0.9872458215472126
9.416234793278331,0.9925670036146721
10.578662801651687,0.995832454200169
11.884591785129816,0.9977531206013629
13.351736844955687,0.9988357061869354
15.0,0.9994203720384149
