SA(0.3s) [g],Loss_ratio
0.05000000000000001,1.3160242007259627e-09
0.056172467201025755,4.380515183921574e-09
0.06310692142900626,1.3923062558429678e-08
0.07089742948257126,4.2261292154677227e-08
0.07964967064493539,1.225196699150555e-07
0.08948237023750269,3.3930349251920514e-07
0.10052891014472326,8.97768027924295e-07
0.11293913815718663,2.269961878487159e-06
0.1268814006769336,5.485941289129492e-06
0.14254482635890514,1.267591079798791e-05
0.16014189166643014,2.8011877220063265e-05
0.17991130314285533,5.922543355544874e-05
0.2021212354977168,0.00011986202304743454
0.2270729694325259,0.00023233436611074245
0.2551049785537617,0.0004316339479640774
0.28659752081259104,0.000769269189533156
0.3219777967548112,0.0013167199153148457
0.36172574455336326,0.0021676161709957733
0.4063805504338082,0.003438195446539311
0.45654796280755766,0.005266524258602884
0.5129085093300529,0.007812412112252654
0.5762267283493882,0.01126145740172126
0.6473615399712076,0.015837448833100835
0.7272778974247632,0.021826474862333356
0.8170598767824696,0.02961292847993169
0.9179253825967483,0.03972224587482226
1.0312426689380967,0.05285881886251019
1.1585488999444697,0.0699221286223142
1.3015710016583038,0.09198222586497844
1.4622490880091454,0.12019930720436993
1.6427627787184707,0.15568216323951564
1.8455607661325835,0.199295689451556
2.0733940320616497,0.251445331344706
2.329353165215711,0.31188137158957474
2.6169102854537,0.379572738839117
2.9399661435534976,0.4526939978105509
3.3029030354176987,0.5287490576700049
3.710644248503383,0.6048243664879133
4.168720846874621,0.6779310794107549
4.683346700825936,0.7453704340210785
5.261502778863538,0.8050483529478233
5.911031845476362,0.8556777107732934
6.64074484928479,0.896836024567217
7.4605404447366075,0.9288827900230566
8.381539268677866,0.9527724463420969
9.416234793278331,0.9698168307444299
10.578662801651687,0.9814516969774981
11.884591785129816,0.9890484341731325
13.351736844955687,0.9937915920875395
15.0,0.9966228703662188
