SA(1.0s) [g],Loss_ratio
0.05000000000000001,7.174562013495534e-06
0.056172467201025755,1.8172560349916104e-05
0.06310692142900626,4.3530605725872196e-05
0.07089742948257126,9.869586377249106e-05
0.07964967064493539,0.00021202584576875962
0.08948237023750269,0.0004321565763614144
0.10052891014472326,0.0008371037336150634
0.11293913815718663,0.0015442108351273799
0.1268814006769336,0.0027198228521080788
0.14254482635890514,0.004588191250890017
0.16014189166643014,0.007440861321674752
0.17991130314285533,0.011650130449293335
0.2021212354977168,0.017691533981241032
0.2270729694325259,0.0261785252471696
0.2551049785537617,0.037905957603770066
0.28659752081259104,0.053888140525072036
0.3219777967548112,0.07536563627004714
0.36172574455336326,0.10374857909011789
0.4063805504338082,0.14046946791803383
0.45654796280755766,0.1867386978051322
0.5129085093300529,0.2432295502030637
0.5762267283493882,0.309757006945952
0.6473615399712076,0.38504202158333967
0.7272778974247632,0.4666542912046466
0.8170598767824696,0.5511930725647713
0.9179253825967483,0.6347015755347676
1.0312426689380967,0.7132358458733947
1.1585488999444697,0.7834529651001153
1.3015710016583038,0.8430710043222023
1.4622490880091454,0.8910921650235428
1.6427627787184707,0.9277558529710408
1.8455607661325835,0.9542691738061895
2.0733940320616497,0.9724173005462134
2.329353165215711,0.9841686337150859
2.6169102854537,0.9913632191718317
2.9399661435534976,0.995526033552474
3.3029030354176987,0.9978013972531465
3.710644248503383,0.9989758485419515
4.168720846874621,0.999548108659153
4.683346700825936,0.9998112532440895
5.261502778863538,0.999925414568814
5.911031845476362,0.9999721299611012
6.64074484928479,0.9999901568564238
7.4605404447366075,0.9999967155151002
8.381539268677866,0.9999989649030502
9.416234793278331,0.9999996920113453
10.578662801651687,0.9999999135026788
11.884591785129816,0.999999977076958
13.351736844955687,0.9999999942688396
15.0,0.9999999986484783
