SA(1.0s) [g],Loss_ratio
0.05000000000000001,0.00012144879545322729
0.056172467201025755,0.00021616356755713718
0.06310692142900626,0.00037587974255960384
0.07089742948257126,0.0006389557077680519
0.07964967064493539,0.0010625039684272032
0.08948237023750269,0.0017294535329313633
0.10052891014472326,0.0027572563797706898
0.11293913815718663,0.004308141268032262
0.1268814006769336,0.006600513077148973
0.14254482635890514,0.009920651569419958
0.16014189166643014,0.014633279819722973
0.17991130314285533,0.021188893380619037
0.2021212354977168,0.0301250760161563
0.2270729694325259,0.04205856278512389
0.2551049785537617,0.057664796448868114
0.28659752081259104,0.07764242435353991
0.3219777967548112,0.10266179690223308
0.36172574455336326,0.13329907759951934
0.4063805504338082,0.16996081211562614
0.45654796280755766,0.21280717771799154
0.5129085093300529,0.2616848448836939
0.5762267283493882,0.31608155038997376
0.6473615399712076,0.3751133978608977
0.7272778974247632,0.4375522971422796
0.8170598767824696,0.5018951802662843
0.9179253825967483,0.5664696835478616
1.0312426689380967,0.6295643128144794
1.1585488999444697,0.6895662583563719
1.3015710016583038,0.7450882091920691
1.4622490880091454,0.7950672458025531
1.6427627787184707,0.8388238132274701
1.8455607661325835,0.8760757617532599
2.0733940320616497,0.9069099025290128
2.329353165215711,0.9317198585497485
2.6169102854537,0.9511230021607511
2.9399661435534976,0.9658704372163645
3.3029030354176987,0.9767625076259334
3.710644248503383,0.9845789568957778
4.168720846874621,0.9900286627218928
4.683346700825936,0.9937198301388036
5.261502778863538,0.9961483807409636
5.911031845476362,0.9977003799159447
6.64074484928479,0.9986636924798462
7.4605404447366075,0.999244385932968
8.381539268677866,0.9995843280788645
9.416234793278331,0.9997775772107595
10.578662801651687,0.9998842520866031
11.884591785129816,0.999941428613217
13.351736844955687,0.9999711839352328
15.0,0.9999862182691538
