SA(1.0s) [g],Loss_ratio
0.05000000000000001,3.626469306478031e-05
0.056172467201025755,6.273939727431399e-05
0.06310692142900626,0.0001062903096458512
0.07089742948257126,0.00017641807799373966
0.07964967064493539,0.0002870192072390421
0.08948237023750269,0.0004579770301565922
0.10052891014472326,0.0007171526275181695
0.11293913815718663,0.0011028273636367546
0.1268814006769336,0.0016666489511503457
0.14254482635890514,0.0024771316434473666
0.16014189166643014,0.003623752227174587
0.17991130314285533,0.005221655351448323
0.2021212354977168,0.007416917251673122
0.2270729694325259,0.010392196057949468
0.2551049785537617,0.014372402636679183
0.28659752081259104,0.019629753487560887
0.3219777967548112,0.026487234536679907
0.36172574455336326,0.035319161186399696
0.4063805504338082,0.046547249389323336
0.45654796280755766,0.06063052518378503
0.5129085093300529,0.07804761303956417
0.5762267283493882,0.09927054866030302
0.6473615399712076,0.12473028985748462
0.7272778974247632,0.15477548545153713
0.8170598767824696,0.18962763157233628
0.9179253825967483,0.22933722135406143
1.0312426689380967,0.2737465436123042
1.1585488999444697,0.32246508608477664
1.3015710016583038,0.37486282228874096
1.4622490880091454,0.4300849531290887
1.6427627787184707,0.4870890973966793
1.8455607661325835,0.5447028540996186
2.0733940320616497,0.6016966208790533
2.329353165215711,0.6568641180360288
2.6169102854537,0.709101724453602
2.9399661435534976,0.7574777667184966
3.3029030354176987,0.8012843296241399
3.710644248503383,0.8400667084310665
4.168720846874621,0.8736288154864571
4.683346700825936,0.9020160951029592
5.261502778863538,0.9254802280705777
5.911031845476362,0.9444317047740384
6.64074484928479,0.959387018906776
7.4605404447366075,0.9709168242803312
8.381539268677866,0.9796001432330138
9.416234793278331,0.9859879711402887
10.578662801651687,0.9905777658879588
11.884591785129816,0.9937986651660288
13.351736844955687,0.9960060502463305
15.0,0.997483358830741
