SA(1.0s) [g],Loss_ratio
0.05000000000000001,8.780853913958886e-06
0.056172467201025755,1.7063425200258835e-05
0.06310692142900626,3.226158214605368e-05
0.07089742948257126,5.9372182968592256e-05
0.07964967064493539,0.00010640835420266392
0.08948237023750269,0.00018582946803092916
0.10052891014472326,0.0003164371145599476
0.11293913815718663,0.0005258020177236533
0.1268814006769336,0.0008532757948365333
0.14254482635890514,0.0013536362466578244
0.16014189166643014,0.0021014224354151457
0.17991130314285533,0.0031960367241736175
0.2021212354977168,0.004767711589157465
0.2270729694325259,0.006984425108056769
0.2551049785537617,0.01005974528208719
0.28659752081259104,0.014261324077816412
0.3219777967548112,0.019919295314562147
0.36172574455336326,0.027433152967057523
0.4063805504338082,0.03727487955034972
0.45654796280755766,0.04998534585480385
0.5129085093300529,0.06616059750773161
0.5762267283493882,0.08642490717565714
0.6473615399712076,0.11138867638589799
0.7272778974247632,0.1415915176456078
0.8170598767824696,0.17743395699052214
0.9179253825967483,0.21910466507200058
1.0312426689380967,0.2665131709157604
1.1585488999444697,0.31923973806878464
1.3015710016583038,0.37651371401685974
1.4622490880091454,0.4372288147245379
1.6427627787184707,0.49999867736922216
1.8455607661325835,0.5632494428074823
2.0733940320616497,0.6253394469174354
2.329353165215711,0.6846908177589704
2.6169102854537,0.7399151771529939
2.9399661435534976,0.7899164153126912
3.3029030354176987,0.8339575184590051
3.710644248503383,0.8716847663132093
4.168720846874621,0.9031098303417116
4.683346700825936,0.9285568173157162
5.261502778863538,0.9485858307192433
5.911031845476362,0.9639064760945378
6.64074484928479,0.9752939290590966
7.4605404447366075,0.9835173288896888
8.381539268677866,0.9892863155421527
9.416234793278331,0.9932174982337253
10.578662801651687,0.9958193253998335
11.884591785129816,0.9974916648638509
13.351736844955687,0.998535479561446
15.0,0.9991680955938317
