SA(0.3s) [g],Loss_ratio
0.05000000000000001,4.979514950376185e-09
0.056172467201025755,1.703939044306324e-08
0.06310692142900626,5.531144666726107e-08
0.07089742948257126,1.703471422698222e-07
0.07964967064493539,4.97836248614103e-07
0.08948237023750269,1.3808686304517262e-06
0.10052891014472326,3.6360164977600194e-06
0.11293913815718663,9.091040829828367e-06
0.1268814006769336,2.158928083900724e-05
0.14254482635890514,4.8712607581691275e-05
0.16014189166643014,0.00010446933523236557
0.17991130314285533,0.00021304721491951508
0.2021212354977168,0.0004133666545297343
0.2270729694325259,0.0007635701400416584
0.2551049785537617,0.0013438809279279543
0.28659752081259104,0.0022557896632273812
0.3219777967548112,0.0036157680564897323
0.36172574455336326,0.005543097238799
0.4063805504338082,0.008143980542168444
0.45654796280755766,0.011497248663833445
0.5129085093300529,0.015649329692815527
0.5762267283493882,0.020626176539234122
0.6473615399712076,0.026466532198857487
0.7272778974247632,0.033274651375349025
0.8170598767824696,0.041283334326686495
0.9179253825967483,0.05091266109455039
1.0312426689380967,0.06280837704923128
1.1585488999444697,0.07784684790376215
1.3015710016583038,0.09709911754977618
1.4622490880091454,0.12175214195069158
1.6427627787184707,0.15298906067146426
1.8455607661325835,0.19183324743491864
2.0733940320616497,0.2389658069624189
2.329353165215711,0.29453573764122054
2.6169102854537,0.3579952367154185
2.9399661435534976,0.4280037788732537
3.3029030354176987,0.502445006811579
3.710644248503383,0.578583637762804
4.168720846874621,0.6533562724267777
4.683346700825936,0.7237499556888579
5.261502778863538,0.7871909625168072
5.911031845476362,0.8418574023505089
6.64074484928479,0.8868480678243161
7.4605404447366075,0.9221801451597397
8.381539268677866,0.9486348964377697
9.416234793278331,0.9675065080574023
10.578662801651687,0.9803239720643889
11.884591785129816,0.9886077611598144
13.351736844955687,0.9936994400925719
15.0,0.9966744725404193
