SA(0.6s) [g],Loss_ratio
0.05000000000000001,8.564183379133895e-09
0.056172467201025755,2.8330969592538226e-08
0.06310692142900626,8.8997084524145e-08
0.07089742948257126,2.655188226285965e-07
0.07964967064493539,7.524794505553435e-07
0.08948237023750269,2.026086968109908e-06
0.10052891014472326,5.184196116259088e-06
0.11293913815718663,1.2608811754005745e-05
0.1268814006769336,2.9158309207488743e-05
0.14254482635890514,6.413456978701659e-05
0.16014189166643014,0.00013422546806566294
0.17991130314285533,0.0002674195307566518
0.2021212354977168,0.0005074686453759803
0.2270729694325259,0.0009178613955132865
0.2551049785537617,0.0015836454328886475
0.28659752081259104,0.002609166238970895
0.3219777967548112,0.004110329404012941
0.36172574455336326,0.0062016620898545875
0.4063805504338082,0.008981113111333682
0.45654796280755766,0.01251839499926769
0.5129085093300529,0.016854388064184836
0.5762267283493882,0.022018322993542526
0.6473615399712076,0.028065516216669358
0.7272778974247632,0.035132093650502426
0.8170598767824696,0.04349647299020057
0.9179253825967483,0.05363293132431548
1.0312426689380967,0.0662420843182936
1.1585488999444697,0.0822464498071861
1.3015710016583038,0.10274462721295745
1.4622490880091454,0.128922705151237
1.6427627787184707,0.16192532388148537
1.8455607661325835,0.20269261064038885
2.0733940320616497,0.2517755743591672
2.329353165215711,0.3091529628441418
2.6169102854537,0.37408487426102943
2.9399661435534976,0.4450462871503278
3.3029030354176987,0.5197793967027524
3.710644248503383,0.5954828272559693
4.168720846874621,0.6691214504607336
4.683346700825936,0.7378035395088546
5.261502778863538,0.799146872855371
5.911031845476362,0.8515534972616604
6.64074484928479,0.8943364431801183
7.4605404447366075,0.9276824973666253
8.381539268677866,0.952478149854893
9.416234793278331,0.9700561423125765
10.578662801651687,0.9819291943450397
11.884591785129816,0.9895661168049744
13.351736844955687,0.9942415751754986
15.0,0.9969648245022988
