SA(0.6s) [g],Loss_ratio
0.05000000000000001,1.2092110646122478e-11
0.056172467201025755,7.79434183861838e-11
0.06310692142900626,4.604419845399832e-10
0.07089742948257126,2.4933168085716773e-09
0.07964967064493539,1.237908390239184e-08
0.08948237023750269,5.636690098009822e-08
0.10052891014472326,2.3546048668610098e-07
0.11293913815718663,9.026611181683908e-07
0.1268814006769336,3.1770506460027105e-06
0.14254482635890514,1.0271333803424377e-05
0.16014189166643014,3.051975449703259e-05
0.17991130314285533,8.340292697614494e-05
0.2021212354977168,0.00020978770782942302
0.2270729694325259,0.00048618629881669323
0.2551049785537617,0.0010393655700559614
0.28659752081259104,0.0020526644787718044
0.3219777967548112,0.003751937696212732
0.36172574455336326,0.006362209232494743
0.4063805504338082,0.010039533685920431
0.45654796280755766,0.01480321545883649
0.5129085093300529,0.020509603056530965
0.5762267283493882,0.026905134317376584
0.6473615399712076,0.03376680778369631
0.7272778974247632,0.04109399986286952
0.8170598767824696,0.04928178184528413
0.9179253825967483,0.059206177481316166
1.0312426689380967,0.07219067909575186
1.1585488999444697,0.08987943700053852
1.3015710016583038,0.11407796123834843
1.4622490880091454,0.14660647788585401
1.6427627787184707,0.18914904083679362
1.8455607661325835,0.24302285247815802
2.0733940320616497,0.3088029778165856
2.329353165215711,0.3858422128376946
2.6169102854537,0.4718685830299663
2.9399661435534976,0.562914907601876
3.3029030354176987,0.653756047110392
3.710644248503383,0.7388180579787791
4.168720846874621,0.8132922139392015
4.683346700825936,0.8740697282489917
5.261502778863538,0.9201793877514501
5.911031845476362,0.9526237322184351
6.64074484928479,0.9737529814517292
7.4605404447366075,0.986465373733695
8.381539268677866,0.9935198367032053
9.416234793278331,0.9971254684686818
10.578662801651687,0.9988208002566169
11.884591785129816,0.9995533564604298
13.351736844955687,0.9998440069607558
15.0,0.9999498204791877
