SA(1.0s) [g],Loss_ratio
0.05000000000000001,1.7555132229668537e-05
0.056172467201025755,3.809916769620392e-05
0.06310692142900626,7.931466616808991e-05
0.07089742948257126,0.00015851886507319834
0.07964967064493539,0.0003044635321208078
0.08948237023750269,0.0005626545367273916
0.10052891014472326,0.001001906149616161
0.11293913815718663,0.001721986296196726
0.1268814006769336,0.0028622459647179525
0.14254482635890514,0.004611383508401684
0.16014189166643014,0.007218927055614133
0.17991130314285533,0.011009365559198153
0.2021212354977168,0.01639963875798587
0.2270729694325259,0.023919349563444405
0.2551049785537617,0.034230263975589786
0.28659752081259104,0.04813770257312338
0.3219777967548112,0.06658246381246737
0.36172574455336326,0.0905998977435005
0.4063805504338082,0.12123484531507231
0.45654796280755766,0.15940883351475638
0.5129085093300529,0.20574888647525352
0.5762267283493882,0.26040291559111917
0.6473615399712076,0.3228800731097095
0.7272778974247632,0.3919600302306291
0.8170598767824696,0.46570850501669947
0.9179253825967483,0.5416166781638003
1.0312426689380967,0.6168533446767834
1.1585488999444697,0.6885888952795276
1.3015710016583038,0.754329224340065
1.4622490880091454,0.8121929856112483
1.6427627787184707,0.8610794343750985
1.8455607661325835,0.9007020542595081
2.0733940320616497,0.9314960431181714
2.329353165215711,0.9544351293837248
2.6169102854537,0.9708075588715737
2.9399661435534976,0.982000220010124
3.3029030354176987,0.9893269058580548
3.710644248503383,0.9939180290666331
4.168720846874621,0.9966713791676046
4.683346700825936,0.9982513113283024
5.261502778863538,0.9991185960906831
5.911031845476362,0.9995739514875052
6.64074484928479,0.9998025801522102
7.4605404447366075,0.9999123376711125
8.381539268677866,0.9999627107854199
9.416234793278331,0.9999848094892181
10.578662801651687,0.9999940753436518
11.884591785129816,0.9999977881840796
13.351736844955687,0.9999992098077366
15.0,0.9999997298990468
