SA(0.6s) [g],Loss_ratio
0.05000000000000001,2.8924959766252202e-08
0.056172467201025755,1.1081076548014046e-07
0.06310692142900626,3.9517914276476776e-07
0.07089742948257126,1.312331581804216e-06
0.07964967064493539,4.059658462662873e-06
0.08948237023750269,1.1703653542238791e-05
0.10052891014472326,3.1460749753176034e-05
0.11293913815718663,7.890679721889727e-05
0.1268814006769336,0.00018480322257221629
0.14254482635890514,0.00040457669490143183
0.16014189166643014,0.0008290166220524031
0.17991130314285533,0.0015927476347895265
0.2021212354977168,0.0028756852185749973
0.2270729694325259,0.0048939247573509094
0.2551049785537617,0.007881838846186063
0.28659752081259104,0.012075716939633925
0.3219777967548112,0.017716731309026085
0.36172574455336326,0.025090926095194154
0.4063805504338082,0.03461203138355752
0.45654796280755766,0.04693148260180541
0.5129085093300529,0.06303827456405783
0.5762267283493882,0.08430003216159034
0.6473615399712076,0.11240129682338065
0.7272778974247632,0.1491531176355618
0.8170598767824696,0.1961744360550278
0.9179253825967483,0.25447887794805324
1.0312426689380967,0.3240411429002462
1.1585488999444697,0.4034583076841376
1.3015710016583038,0.489841067300563
1.4622490880091454,0.5790395966246865
1.6427627787184707,0.6662167913259218
1.8455607661325835,0.7466540771425509
2.0733940320616497,0.8165705326049564
2.329353165215711,0.8737135392309819
2.6169102854537,0.9175580456021275
2.9399661435534976,0.9490960915249229
3.3029030354176987,0.9703381629648072
3.710644248503383,0.9837207338065301
4.168720846874621,0.991599433378225
4.683346700825936,0.9959303529116177
5.261502778863538,0.9981515950986893
5.911031845476362,0.9992138257984904
6.64074484928479,0.9996871946628314
7.4605404447366075,0.9998836754049927
8.381539268677866,0.999959601177577
9.416234793278331,0.9999869061659267
10.578662801651687,0.9999960417311636
11.884591785129816,0.9999988845328065
13.351736844955687,0.9999997070973962
15.0,0.9999999283639259
