SA(0.6s) [g],Loss_ratio
0.05000000000000001,6.931475170723901e-07
0.056172467201025755,1.910959989726013e-06
0.06310692142900626,4.997373026033314e-06
0.07089742948257126,1.2400687990710148e-05
0.07964967064493539,2.9210855517358693e-05
0.08948237023750269,6.535185118941023e-05
0.10052891014472326,0.00013895017973739046
0.11293913815718663,0.00028098810312638387
0.1268814006769336,0.0005409690928755874
0.14254482635890514,0.0009927856752083685
0.16014189166643014,0.0017395151735294379
0.17991130314285533,0.0029158869726475635
0.2021212354977168,0.004688107540910885
0.2270729694325259,0.007252752727473644
0.2551049785537617,0.010839051224891049
0.28659752081259104,0.015720809245164186
0.3219777967548112,0.022243723603000663
0.36172574455336326,0.030869526188386398
0.4063805504338082,0.04223029047582704
0.45654796280755766,0.05717625548078421
0.5129085093300529,0.07679230111142268
0.5762267283493882,0.10235589140721287
0.6473615399712076,0.1352160574243506
0.7272778974247632,0.1765896960329436
0.8170598767824696,0.22729589393664124
0.9179253825967483,0.28747558125069506
1.0312426689380967,0.35636417760100303
1.1585488999444697,0.43218961953093815
1.3015710016583038,0.5122503657878664
1.4622490880091454,0.5931876256254247
1.6427627787184707,0.6714127073118044
1.8455607661325835,0.7436016745206478
2.0733940320616497,0.8071445398457822
2.329353165215711,0.86044657616133
2.6169102854537,0.9030225338362441
2.9399661435534976,0.9353844592017233
3.3029030354176987,0.9587779534183272
3.710644248503383,0.9748517428433495
4.168720846874621,0.9853447745535723
4.683346700825936,0.9918499953482934
5.261502778863538,0.9956785857049978
5.911031845476362,0.9978169670879027
6.64074484928479,0.9989500678806548
7.4605404447366075,0.9995195357222076
8.381539268677866,0.9997909160833542
9.416234793278331,0.999913518048663
10.578662801651687,0.9999660152977827
11.884591785129816,0.9999873169991789
13.351736844955687,0.9999955064868602
15.0,0.9999984890994066
