SA(0.6s) [g],Loss_ratio
0.05000000000000001,2.087227125580071e-08
0.056172467201025755,6.97352560086184e-08
0.06310692142900626,2.2028191289380495e-07
0.07089742948257126,6.580120411936453e-07
0.07964967064493539,1.8591500623943436e-06
0.08948237023750269,4.969727176779016e-06
0.10052891014472326,1.2572403537597365e-05
0.11293913815718663,3.0110964727947388e-05
0.1268814006769336,6.830198398079522e-05
0.14254482635890514,0.00014681241914077937
0.16014189166643014,0.00029921228903990186
0.17991130314285533,0.0005786450681454392
0.2021212354977168,0.001062853415443199
0.2270729694325259,0.0018564594788069435
0.2551049785537617,0.0030882946950635762
0.28659752081259104,0.004902740578132914
0.3219777967548112,0.007446761684531783
0.36172574455336326,0.010858030178240148
0.4063805504338082,0.015262687200911885
0.45654796280755766,0.020791737701136574
0.5129085093300529,0.02762126470578218
0.5762267283493882,0.03603376138353477
0.6473615399712076,0.046488280119149746
0.7272778974247632,0.05967943181529383
0.8170598767824696,0.07656258627389208
0.9179253825967483,0.09832578541579164
1.0312426689380967,0.12629650622792565
1.1585488999444697,0.16178151251601783
1.3015710016583038,0.20584990036500428
1.4622490880091454,0.2590837759894274
1.6427627787184707,0.3213376351151007
1.8455607661325835,0.3915623726325701
2.0733940320616497,0.4677544046521895
2.329353165215711,0.5470754867137484
2.6169102854537,0.6261515044349917
2.9399661435534976,0.7015071495804728
3.3029030354176987,0.7700465228508988
3.710644248503383,0.8294679343849232
4.168720846874621,0.8785162499435277
4.683346700825936,0.917023894454901
5.261502778863538,0.9457534323620848
5.911031845476362,0.9661065678116717
6.64074484928479,0.979788740745164
7.4605404447366075,0.9885110639966038
8.381539268677866,0.9937812103799497
9.416234793278331,0.9967977635570459
10.578662801651687,0.9984327088725646
11.884591785129816,0.9992714446665711
13.351736844955687,0.9996785628382311
15.0,0.9998654800212475
