SA(1.0s) [g],Loss_ratio
0.05000000000000001,0.0002724440516419291
0.056172467201025755,0.0003920288767229607
0.06310692142900626,0.0005586498255023498
0.07089742948257126,0.0007885334117044507
0.07964967064493539,0.0011026453259406267
0.08948237023750269,0.0015277805460294338
0.10052891014472326,0.002097810385443577
0.11293913815718663,0.002855078383755755
0.1268814006769336,0.003851923392178114
0.14254482635890514,0.00515229050513738
0.16014189166643014,0.006833368506263132
0.17991130314285533,0.008987166589168438
0.2021212354977168,0.011721914315824505
0.2270729694325259,0.015163138982555707
0.2551049785537617,0.01945424664274794
0.28659752081259104,0.024756410824870026
0.3219777967548112,0.03124756112774784
0.36172574455336326,0.039120267450082735
0.4063805504338082,0.04857833954487251
0.45654796280755766,0.05983200988360021
0.5129085093300529,0.0730916426572465
0.5762267283493882,0.088560012619033
0.6473615399712076,0.10642332045041292
0.7272778974247632,0.1268412486536622
0.8170598767824696,0.14993650216956728
0.9179253825967483,0.1757844064933859
1.0312426689380967,0.20440323682030306
1.1585488999444697,0.23574600865429057
1.3015710016583038,0.26969445968403216
1.4622490880091454,0.3060558855017681
1.6427627787184707,0.34456335540738114
1.8455607661325835,0.38487963442381773
2.0733940320616497,0.42660488721336776
2.329353165215711,0.4692879595996198
2.6169102854537,0.5124407499844473
2.9399661435534976,0.5555549246605611
3.3029030354176987,0.59812002537991
3.710644248503383,0.6396418874804357
4.168720846874621,0.6796602476515159
4.683346700825936,0.7177644774594578
5.261502778863538,0.7536065268141164
5.911031845476362,0.786910385320502
6.64074484928479,0.8174776455030116
7.4605404447366075,0.8451890517143332
8.381539268677866,0.870002212193141
9.416234793278331,0.8919459114851747
10.578662801651687,0.9111116639785332
11.884591785129816,0.9276432820091671
13.351736844955687,0.9417252880482289
15.0,0.9535709827347049
