SA(1.0s) [g],Loss_ratio
0.05000000000000001,3.245041419575046e-07
0.056172467201025755,1.3458282526968012e-06
0.06310692142900626,5.056520331914172e-06
0.07089742948257126,1.7223742419980593e-05
0.07964967064493539,5.323790038551657e-05
0.08948237023750269,0.0001495034359264236
0.10052891014472326,0.00038203238223964985
0.11293913815718663,0.0008901891137301055
0.1268814006769336,0.0018969053694896155
0.14254482635890514,0.0037112064889041063
0.16014189166643014,0.00670318299482438
0.17991130314285533,0.011262144808307178
0.2021212354977168,0.01777847241003223
0.2270729694325259,0.026703703035017762
0.2551049785537617,0.03871543060904708
0.28659752081259104,0.054945433857914144
0.3219777967548112,0.07716076178771382
0.36172574455336326,0.10776519519949532
0.4063805504338082,0.14952397129677444
0.45654796280755766,0.20498355607921415
0.5129085093300529,0.2756454055682815
0.5762267283493882,0.361071710707904
0.6473615399712076,0.45824056859280843
0.7272778974247632,0.5615312698970885
0.8170598767824696,0.6635752147101281
0.9179253825967483,0.7568378349278687
1.0312426689380967,0.8353900852692937
1.1585488999444697,0.896168127444451
1.3015710016583038,0.9392498279883853
1.4622490880091454,0.9671616382772668
1.6427627787184707,0.9836569539291092
1.8455607661325835,0.9925337129022023
2.0733940320616497,0.9968769496056712
2.329353165215711,0.9988065688557445
2.6169102854537,0.9995841460034323
2.9399661435534976,0.9998680794700668
3.3029030354176987,0.9999619530189315
3.710644248503383,0.9999900353216792
4.168720846874621,0.9999976323474337
4.683346700825936,0.9999994900515479
5.261502778863538,0.9999999005085793
5.911031845476362,0.9999999824272361
6.64074484928479,0.9999999971915111
7.4605404447366075,0.999999999594025
8.381539268677866,0.9999999999469406
9.416234793278331,0.999999999993732
10.578662801651687,0.9999999999993309
11.884591785129816,0.9999999999999355
13.351736844955687,0.9999999999999944
15.0,0.9999999999999996
