SA(1.0s) [g],Loss_ratio
0.05000000000000001,4.944788328368755e-05
0.056172467201025755,9.539442837770973e-05
0.06310692142900626,0.00017837039544185698
0.07089742948257126,0.0003235476579288188
0.07964967064493539,0.00056991802944108
0.08948237023750269,0.0009759771764545123
0.10052891014472326,0.0016269053350519756
0.11293913815718663,0.0026433917890376526
0.1268814006769336,0.004192211475858215
0.14254482635890514,0.006498553730628071
0.16014189166643014,0.009859824553768343
0.17991130314285533,0.014660062860837247
0.2021212354977168,0.02138311994868511
0.2270729694325259,0.03062135916492477
0.2551049785537617,0.0430750692158596
0.28659752081259104,0.05953655909877976
0.3219777967548112,0.08085275613384084
0.36172574455336326,0.10786183635396247
0.4063805504338082,0.14130346040683334
0.45654796280755766,0.18170839360643606
0.5129085093300529,0.22928058749975494
0.5762267283493882,0.2837912843281739
0.6473615399712076,0.3445080617659413
0.7272778974247632,0.41017999561691143
0.8170598767824696,0.4790924942872964
0.9179253825967483,0.5491928183420536
1.0312426689380967,0.6182725777170954
1.1585488999444697,0.6841804347352868
1.3015710016583038,0.7450305844427175
1.4622490880091454,0.7993727171290951
1.6427627787184707,0.8462972280015806
1.8455607661325835,0.8854632206106791
2.0733940320616497,0.9170525467990344
2.329353165215711,0.9416666132374222
2.6169102854537,0.9601908435030052
2.9399661435534976,0.9736532584056412
3.3029030354176987,0.9830993603741103
3.710644248503383,0.9894975546581402
4.168720846874621,0.9936804022160772
4.683346700825936,0.9963193860541666
5.261502778863538,0.9979259449628378
5.911031845476362,0.9988695739713886
6.64074484928479,0.9994042662773782
7.4605404447366075,0.9996965208880573
8.381539268677866,0.9998505963424822
9.416234793278331,0.9999289362162012
10.578662801651687,0.9999673489162617
11.884591785129816,0.9999855114710594
13.351736844955687,0.9999937920157079
15.0,0.9999974319408045
