SA(0.3s) [g],Loss_ratio
0.05000000000000001,3.0658216521040064e-10
0.056172467201025755,1.178046399319399e-09
0.06310692142900626,4.2917308262779836e-09
0.07089742948257126,1.4825480321167816e-08
0.07964967064493539,4.8567839422419824e-08
0.08948237023750269,1.5090955371444006e-07
0.10052891014472326,4.448203195450695e-07
0.11293913815718663,1.2440373727107268e-06
0.1268814006769336,3.301829530527601e-06
0.14254482635890514,8.318634700749117e-06
0.16014189166643014,1.9899580392018778e-05
0.17991130314285533,4.5213252060744004e-05
0.2021212354977168,9.760536456822623e-05
0.2270729694325259,0.000200285222661295
0.2551049785537617,0.0003908437822325639
0.28659752081259104,0.0007257489844872679
0.3219777967548112,0.0012832060399984803
0.36172574455336326,0.0021621821212908124
0.4063805504338082,0.003475466499815555
0.45654796280755766,0.005335846242420944
0.5129085093300529,0.007836964447218708
0.5762267283493882,0.011033682144697115
0.6473615399712076,0.01492956188190547
0.7272778974247632,0.019479861709780336
0.8170598767824696,0.024616013241280932
0.9179253825967483,0.030291999206541784
1.0312426689380967,0.036545925461100144
1.1585488999444697,0.043564058458557244
1.3015710016583038,0.051732233352575624
1.4622490880091454,0.06166194228606628
1.6427627787184707,0.07418446558045526
1.8455607661325835,0.09031310292243303
2.0733940320616497,0.11117752485862524
2.329353165215711,0.1379338294076254
2.6169102854537,0.17165056742755302
2.9399661435534976,0.21316921658479898
3.3029030354176987,0.26294225750643413
3.710644248503383,0.3208649618437402
4.168720846874621,0.3861343534303094
4.683346700825936,0.45718147084316796
5.261502778863538,0.5317209729861196
5.911031845476362,0.606940214647157
6.64074484928479,0.679812351660472
7.4605404447366075,0.7474778088156914
8.381539268677866,0.807611904993804
9.416234793278331,0.8586954769255104
10.578662801651687,0.9001314877513741
11.884591785129816,0.9321941254997114
13.351736844955687,0.9558414430053574
15.0,0.9724526930924657
