SA(1.0s) [g],Loss_ratio
0.05000000000000001,3.6785654912674386e-05
0.056172467201025755,6.964626290655307e-05
0.06310692142900626,0.00012839810019684705
0.07089742948257126,0.00023065474173118995
0.07964967064493539,0.0004040498959946515
0.08948237023750269,0.0006907533165292634
0.10052891014472326,0.001153421461360654
0.11293913815718663,0.001882778580089578
0.1268814006769336,0.0030069299358302715
0.14254482635890514,0.004702328637648962
0.16014189166643014,0.007206010103246674
0.17991130314285533,0.010828231638180957
0.2021212354977168,0.015963987448329303
0.2270729694325259,0.023101043656723746
0.2551049785537617,0.032821276784724795
0.28659752081259104,0.04579144159330889
0.3219777967548112,0.0627393832413992
0.36172574455336326,0.08441252423455152
0.4063805504338082,0.11151748858634489
0.45654796280755766,0.14464301293695858
0.5129085093300529,0.18417248382432327
0.5762267283493882,0.2301967368359788
0.6473615399712076,0.2824410224222137
0.7272778974247632,0.3402210803189046
0.8170598767824696,0.4024411795553865
0.9179253825967483,0.467641576939146
1.0312426689380967,0.534094844476048
1.1585488999444697,0.5999415026416605
1.3015710016583038,0.6633474660164607
1.4622490880091454,0.722660980366858
1.6427627787184707,0.7765463337601147
1.8455607661325835,0.8240758604307472
2.0733940320616497,0.8647696130210065
2.329353165215711,0.8985816300702762
2.6169102854537,0.9258407105086469
2.9399661435534976,0.9471600855949762
3.3029030354176987,0.9633332387070495
3.710644248503383,0.9752322836808989
4.168720846874621,0.9837215949092041
4.683346700825936,0.9895941393837193
5.261502778863538,0.9935326175366457
5.911031845476362,0.9960931911484068
6.64074484928479,0.997706860152651
7.4605404447366075,0.9986925142969891
8.381539268677866,0.9992760059459044
9.416234793278331,0.999610750960727
10.578662801651687,0.9997968458383454
11.884591785129816,0.9998970922560138
13.351736844955687,0.9999494152346186
15.0,0.9999758747432712
