SA(0.6s) [g],Loss_ratio
0.05000000000000001,2.675617805092401e-09
0.056172467201025755,1.0541112932527243e-08
0.06310692142900626,3.8987135425605505e-08
0.07089742948257126,1.3539787535044035e-07
0.07964967064493539,4.416243507887607e-07
0.08948237023750269,1.3531752268258757e-06
0.10052891014472326,3.896203033054713e-06
0.11293913815718663,1.0545420385649207e-05
0.1268814006769336,2.6840860512061804e-05
0.14254482635890514,6.427607630178356e-05
0.16014189166643014,0.00014490315389870115
0.17991130314285533,0.00030774870383409875
0.2021212354977168,0.0006163078300538805
0.2270729694325259,0.0011651484073865793
0.2551049785537617,0.002082519578457781
0.28659752081259104,0.0035257928388099102
0.3219777967548112,0.00566864184874753
0.36172574455336326,0.008683420009327765
0.4063805504338082,0.012727937410688039
0.45654796280755766,0.01794973554270541
0.5129085093300529,0.02451946594209821
0.5762267283493882,0.03269636429362098
0.6473615399712076,0.04291506875326837
0.7272778974247632,0.055869622277975255
0.8170598767824696,0.07256345829435738
0.9179253825967483,0.0942964021492258
1.0312426689380967,0.1225695488878672
1.1585488999444697,0.1589023961409749
1.3015710016583038,0.20457188033739504
1.4622490880091454,0.26030164106545634
1.6427627787184707,0.3259535252653753
1.8455607661325835,0.4002971777848885
2.0733940320616497,0.4809437174517669
2.329353165215711,0.5645095748912424
2.6169102854537,0.6470205300898662
2.9399661435534976,0.7244880667189693
3.3029030354176987,0.793522333703885
3.710644248503383,0.8518219942960535
4.168720846874621,0.8984165303238927
4.683346700825936,0.9336179206263785
5.261502778863538,0.958730569642965
5.911031845476362,0.9756325738089874
6.64074484928479,0.9863563205580502
7.4605404447366075,0.9927655451008458
8.381539268677866,0.9963716337032337
9.416234793278331,0.9982805657865672
10.578662801651687,0.9992308334207035
11.884591785129816,0.999675470410078
13.351736844955687,0.9998709470020851
15.0,0.9999516629472505
