SA(1.0s) [g],Loss_ratio
0.05000000000000001,0.0006857098914261618
0.056172467201025755,0.0009226697156885788
0.06310692142900626,0.0012329405394227058
0.07089742948257126,0.001636305465559751
0.07964967064493539,0.0021569850779570576
0.08948237023750269,0.0028243728180350203
0.10052891014472326,0.003673820091971836
0.11293913815718663,0.004747452620130316
0.1268814006769336,0.00609499179059988
0.14254482635890514,0.007774546074628475
0.16014189166643014,0.009853328233795356
0.17991130314285533,0.012408244605196971
0.2021212354977168,0.015526293890473102
0.2270729694325259,0.019304705481558465
0.2551049785537617,0.02385074247178195
0.28659752081259104,0.02928109326609644
0.3219777967548112,0.0357207792715745
0.36172574455336326,0.04330151556734281
0.4063805504338082,0.05215947752734277
0.45654796280755766,0.06243244951228517
0.5129085093300529,0.07425636183345147
0.5762267283493882,0.08776125843628615
0.6473615399712076,0.10306677863764697
0.7272778974247632,0.1202772795150526
0.8170598767824696,0.13947676825529576
0.9179253825967483,0.16072385247892823
1.0312426689380967,0.18404694756067058
1.1585488999444697,0.20943999961960638
1.3015710016583038,0.23685898794503124
1.4622490880091454,0.26621945875538555
1.6427627787184707,0.29739531212200637
1.8455607661325835,0.33021901582133617
2.0733940320616497,0.36448335558434447
2.329353165215711,0.39994475404374724
2.6169102854537,0.43632810539878153
2.9399661435534976,0.473332985256531
3.3029030354176987,0.5106410116986874
3.710644248503383,0.5479240608216113
4.168720846874621,0.5848529836853826
4.683346700825936,0.6211064365088317
5.261502778863538,0.656379425151643
5.911031845476362,0.6903911795592154
6.64074484928479,0.7228920129442165
7.4605404447366075,0.7536688810581206
8.381539268677866,0.7825494342503019
9.416234793278331,0.8094044431259286
10.578662801651687,0.8341485707955145
11.884591785129816,0.8567395541793255
13.351736844955687,0.8771759373443591
15.0,0.8954935662318302
