SA(1.0s) [g],Loss_ratio
0.05000000000000001,8.399416434601293e-09
0.056172467201025755,3.6327590585694134e-08
0.06310692142900626,1.453117658312131e-07
0.07089742948257126,5.377359738767407e-07
0.07964967064493539,1.8415722079834217e-06
0.08948237023750269,5.838899417309751e-06
0.10052891014472326,1.7147328347250082e-05
0.11293913815718663,4.6668337143768166e-05
0.1268814006769336,0.00011778548582967452
0.14254482635890514,0.0002758970677261163
0.16014189166643014,0.0006003546409118488
0.17991130314285533,0.0012150588002909192
0.2021212354977168,0.002290762810180791
0.2270729694325259,0.0040310540841361495
0.2551049785537617,0.006638260633384208
0.28659752081259104,0.010266560802072517
0.3219777967548112,0.014983891850041032
0.36172574455336326,0.02077306540587489
0.4063805504338082,0.027596170010288683
0.45654796280755766,0.03552226276432356
0.5129085093300529,0.044886161357444644
0.5762267283493882,0.05642409827249902
0.6473615399712076,0.07133455418489319
0.7272778974247632,0.09123792973063793
0.8170598767824696,0.1180378592755924
0.9179253825967483,0.15369870429263352
1.0312426689380967,0.199945385045076
1.1585488999444697,0.2578862438337337
1.3015710016583038,0.32758746096556646
1.4622490880091454,0.4076931261144703
1.6427627787184707,0.49524889548873646
1.8455607661325835,0.5858865687065591
2.0733940320616497,0.6744262664743214
2.329353165215711,0.7557828910946491
2.6169102854537,0.8259126648332724
2.9399661435534976,0.8824944330492408
3.3029030354176987,0.9251398218478453
3.710644248503383,0.9551150331807695
4.168720846874621,0.9747356495348376
4.683346700825936,0.9866800644092278
5.261502778863538,0.9934350717440178
5.911031845476362,0.9969804330986748
6.64074484928479,0.9987058219984988
7.4605404447366075,0.9994838086855111
8.381539268677866,0.9998086173361139
9.416234793278331,0.999934106278022
10.578662801651687,0.9999789492494938
11.884591785129816,0.9999937647115011
13.351736844955687,0.9999982886522509
15.0,0.9999995650112665
