SA(0.3s) [g],Loss_ratio
0.05000000000000001,1.3846094030989245e-06
0.056172467201025755,3.2024901065519366e-06
0.06310692142900626,7.131487631317768e-06
0.07089742948257126,1.529466576484784e-05
0.07964967064493539,3.1603097077093084e-05
0.08948237023750269,6.294252465245398e-05
0.10052891014472326,0.0001208979688496259
0.11293913815718663,0.0002240986802289846
0.1268814006769336,0.000401190600707474
0.14254482635890514,0.0006943400985507832
0.16014189166643014,0.0011630801938405655
0.17991130314285533,0.001888294858542744
0.2021212354977168,0.0029762723587827837
0.2270729694325259,0.004563085833746821
0.2551049785537617,0.0068200312766075084
0.28659752081259104,0.009961291387265427
0.3219777967548112,0.014255091186805536
0.36172574455336326,0.020039008712290286
0.4063805504338082,0.027738543276898838
0.45654796280755766,0.037885555708563064
0.5129085093300529,0.05113024677097977
0.5762267283493882,0.0682378514655245
0.6473615399712076,0.09006039737839781
0.7272778974247632,0.11747582403742704
0.8170598767824696,0.1512920636627652
0.9179253825967483,0.19212195511059138
1.0312426689380967,0.24024455103185988
1.1585488999444697,0.295476932472974
1.3015710016583038,0.35708510534479543
1.4622490880091454,0.4237604779244634
1.6427627787184707,0.49367888962755857
1.8455607661325835,0.5646434796774548
2.0733940320616497,0.6342943814515162
2.329353165215711,0.7003522173877801
2.6169102854537,0.7608534130135893
2.9399661435534976,0.814336373569946
3.3029030354176987,0.859948515325196
3.710644248503383,0.8974618922498917
4.168720846874621,0.9272045886916773
4.683346700825936,0.9499308449557545
5.261502778863538,0.9666613121585756
5.911031845476362,0.9785247958263655
6.64074484928479,0.9866258630304932
7.4605404447366075,0.9919519584395192
8.381539268677866,0.9953227440725022
9.416234793278331,0.9973759595677726
10.578662801651687,0.998579473177204
11.884591785129816,0.9992582357558196
13.351736844955687,0.9996265151582614
15.0,0.9998187252918128
