SA(1.0s) [g],Loss_ratio
0.05000000000000001,3.0222694766973705e-05
0.056172467201025755,5.481990584451091e-05
0.06310692142900626,9.688794457078931e-05
0.07089742948257126,0.00016692845561466218
0.07964967064493539,0.00028051525692809887
0.08948237023750269,0.0004600685284475381
0.10052891014472326,0.0007369629289832315
0.11293913815718663,0.0011539571258915027
0.1268814006769336,0.001767941391138861
0.14254482635890514,0.002653037591559249
0.16014189166643014,0.0039041514479065177
0.17991130314285533,0.005641152766108326
0.2021212354977168,0.008013906133214815
0.2270729694325259,0.011208333295817857
0.2551049785537617,0.015453492539479537
0.28659752081259104,0.02102925868675707
0.3219777967548112,0.028273573948909152
0.36172574455336326,0.03758748257115653
0.4063805504338082,0.04943541737114593
0.45654796280755766,0.06433770875687439
0.5129085093300529,0.08285230804799623
0.5762267283493882,0.10554349340028664
0.6473615399712076,0.13293697255138298
0.7272778974247632,0.1654632245100917
0.8170598767824696,0.2033938004601364
0.9179253825967483,0.2467780759399476
1.0312426689380967,0.295389923829305
1.1585488999444697,0.34869429977830113
1.3015710016583038,0.4058423539207945
1.4622490880091454,0.46570034535890004
1.6427627787184707,0.5269127534334901
1.8455607661325835,0.5879944071258922
2.0733940320616497,0.647441319230892
2.329353165215711,0.7038463485084064
2.6169102854537,0.7560046619088023
2.9399661435534976,0.8029955421279718
3.3029030354176987,0.8442310673909196
3.710644248503383,0.8794677127599716
4.168720846874621,0.9087827956521275
4.683346700825936,0.9325227135445858
5.261502778863538,0.951233189270562
5.911031845476362,0.965582825065093
6.64074484928479,0.9762902786454538
7.4605404447366075,0.984062851650238
8.381539268677866,0.9895509926418165
9.416234793278331,0.9933199403587111
10.578662801651687,0.9958370694952481
11.884591785129816,0.997471779529911
13.351736844955687,0.998504036901146
15.0,0.9991377782812444
