SA(1.0s) [g],Loss_ratio
0.05000000000000001,1.8323389725460882e-06
0.056172467201025755,3.9492330838108994e-06
0.06310692142900626,8.236833504404738e-06
0.07089742948257126,1.662822533659014e-05
0.07964967064493539,3.250007980377667e-05
0.08948237023750269,6.151936754719144e-05
0.10052891014472326,0.00011282105630008866
0.11293913815718663,0.00020054558640033028
0.1268814006769336,0.00034571118535571267
0.14254482635890514,0.0005783241311169363
0.16014189166643014,0.000939559612921781
0.17991130314285533,0.0014838114497906065
0.2021212354977168,0.0022804538918977605
0.2270729694325259,0.00341531944586283
0.2551049785537617,0.004992179330628722
0.28659752081259104,0.007134869883021856
0.3219777967548112,0.009991024322208247
0.36172574455336326,0.013738474463874823
0.4063805504338082,0.018595097256538934
0.45654796280755766,0.0248320666665613
0.5129085093300529,0.03278913259882747
0.5762267283493882,0.042888870569707006
0.6473615399712076,0.05564520711172919
0.7272778974247632,0.0716604423742019
0.8170598767824696,0.0916050017227687
0.9179253825967483,0.1161756615557784
1.0312426689380967,0.1460311368693002
1.1585488999444697,0.18170841533684742
1.3015710016583038,0.22352835996593762
1.4622490880091454,0.2715037896317877
1.6427627787184707,0.325266208396227
1.8455607661325835,0.384027433295591
2.0733940320616497,0.4465888915234073
2.329353165215711,0.5114044517802812
2.6169102854537,0.5766934067327891
2.9399661435534976,0.640590546224824
3.3029030354176987,0.7013124580661726
3.710644248503383,0.7573153160543609
4.168720846874621,0.807420612239524
4.683346700825936,0.850891396062145
5.261502778863538,0.8874511142947236
5.911031845476362,0.9172477373958535
6.64074484928479,0.9407749816403135
7.4605404447366075,0.9587681454150296
8.381539268677866,0.9720935134757732
9.416234793278331,0.9816477865494433
10.578662801651687,0.9882788334974587
11.884591785129816,0.992732919886974
13.351736844955687,0.9956279917268236
15.0,0.9974486217408369
