SA(1.0s) [g],Loss_ratio
0.05000000000000001,8.004943052863923e-09
0.056172467201025755,3.618062971999515e-08
0.06310692142900626,1.5054464861941065e-07
0.07089742948257126,5.768523102245293e-07
0.07964967064493539,2.036267838456674e-06
0.08948237023750269,6.624661489068595e-06
0.10052891014472326,1.987335960363379e-05
0.11293913815718663,5.5007064487466735e-05
0.1268814006769336,0.0001405778052305906
0.14254482635890514,0.0003320032906940218
0.16014189166643014,0.0007253633710979202
0.17991130314285533,0.0014680075698336017
0.2021212354977168,0.002756664654155161
0.2270729694325259,0.004813457490078572
0.2551049785537617,0.00783757709575063
0.28659752081259104,0.011945948917680123
0.3219777967548112,0.01713352624833408
0.36172574455336326,0.023290340418247523
0.4063805504338082,0.030297419397336843
0.45654796280755766,0.03818861837199317
0.5129085093300529,0.04732764817332336
0.5762267283493882,0.058533347284907784
0.6473615399712076,0.07310475462504915
0.7272778974247632,0.09273974113721216
0.8170598767824696,0.11937574177661459
0.9179253825967483,0.15498073006197668
1.0312426689380967,0.20128982471668322
1.1585488999444697,0.25945739860936007
1.3015710016583038,0.32962351376394733
1.4622490880091454,0.4104842647930868
1.6427627787184707,0.4990522481515097
1.8455607661325835,0.5908085591640756
2.0733940320616497,0.6803325099890851
2.329353165215711,0.7622893256594138
2.6169102854537,0.8324720566519844
2.9399661435534976,0.888543964277409
3.3029030354176987,0.9302468924291066
3.710644248503383,0.9590644717174968
4.168720846874621,0.9775351634133788
4.683346700825936,0.9884998033309114
5.261502778863538,0.9945201132067629
5.911031845476362,0.9975740173449648
6.64074484928479,0.9990037973744245
7.4605404447366075,0.9996210841318621
8.381539268677866,0.9998666631400652
9.416234793278331,0.9999566366832757
10.578662801651687,0.9999869780054241
11.884591785129816,0.999996391809167
13.351736844955687,0.9999990781062889
15.0,0.9999997829224327
