SA(1.0s) [g],Loss_ratio
0.05000000000000001,9.741058747975707e-05
0.056172467201025755,0.00018648050040729892
0.06310692142900626,0.00034525299179523073
0.07089742948257126,0.0006188985003045156
0.07964967064493539,0.001075591304532081
0.08948237023750269,0.0018149019806551704
0.10052891014472326,0.00297800060869945
0.11293913815718663,0.004759798472961219
0.1268814006769336,0.007423079470749133
0.14254482635890514,0.01131436319093644
0.16014189166643014,0.01688048040102564
0.17991130314285533,0.024683451273132716
0.2021212354977168,0.03540926365536632
0.2270729694325259,0.04986395161342552
0.2551049785537617,0.06894881809524926
0.28659752081259104,0.09360689429478372
0.3219777967548112,0.12473588829100021
0.36172574455336326,0.1630694323383764
0.4063805504338082,0.20903771256960568
0.45654796280755766,0.2626284743033154
0.5129085093300529,0.32327676949480344
0.5762267283493882,0.38981331616643017
0.6473615399712076,0.4604947801523587
0.7272778974247632,0.5331248013576454
0.8170598767824696,0.6052551198384452
0.9179253825967483,0.6744368877660757
1.0312426689380967,0.7384789768377387
1.1585488999444697,0.7956671498405241
1.3015710016583038,0.8449065661736905
1.4622490880091454,0.8857677594911864
1.6427627787184707,0.9184376772994141
1.8455607661325835,0.9435964434851717
2.0733940320616497,0.9622523115974702
2.329353165215711,0.9755697163986907
2.6169102854537,0.9847193914602177
2.9399661435534976,0.9907684357672607
3.3029030354176987,0.9946159824061006
3.710644248503383,0.9969700826334527
4.168720846874621,0.9983553827621423
4.683346700825936,0.9991393175789224
5.261502778863538,0.9995658747327439
5.911031845476362,0.9997890181191763
6.64074484928479,0.9999012335266078
7.4605404447366075,0.999955475853234
8.381539268677866,0.9999806758413217
9.416234793278331,0.9999919270804394
10.578662801651687,0.9999967543644152
11.884591785129816,0.9999987444638929
13.351736844955687,0.9999995327528552
15.0,0.9999998327424892
