SA(0.3s) [g],Loss_ratio
0.05000000000000001,5.772844588414206e-07
0.056172467201025755,1.1680626279930717e-06
0.06310692142900626,2.3055222706513945e-06
0.07089742948257126,4.439496372898866e-06
0.07964967064493539,8.340595366973515e-06
0.08948237023750269,1.528977768706641e-05
0.10052891014472326,2.735221725562176e-05
0.11293913815718663,4.775546354042204e-05
0.1268814006769336,8.138625013579537e-05
0.14254482635890514,0.0001354073585066229
0.16014189166643014,0.0002199740707265363
0.17991130314285533,0.0003489989763810764
0.2021212354977168,0.0005408770538082974
0.2270729694325259,0.0008190465548527037
0.2551049785537617,0.0012122357058989175
0.28659752081259104,0.0017542438226126004
0.3219777967548112,0.002483141482698759
0.36172574455336326,0.0034398572777019857
0.4063805504338082,0.004666248926949695
0.45654796280755766,0.006202921816269464
0.5129085093300529,0.008087231369132992
0.5762267283493882,0.010352047854286745
0.6473615399712076,0.013025928737898035
0.7272778974247632,0.016135295325593157
0.8170598767824696,0.019709025408244332
0.9179253825967483,0.023785557189983826
1.0312426689380967,0.02842218798410213
1.1585488999444697,0.033705806232865114
1.3015710016583038,0.039763893001128245
1.4622490880091454,0.04677434062158617
1.6427627787184707,0.05497251162173939
1.8455607661325835,0.06465401836359376
2.0733940320616497,0.07617192891490951
2.329353165215711,0.08992746265363077
2.6169102854537,0.1063536922026748
2.9399661435534976,0.12589229266944124
3.3029030354176987,0.14896397206454925
3.710644248503383,0.17593388831930226
4.168720846874621,0.20707410866839693
4.683346700825936,0.24252595703438246
5.261502778863538,0.28226582307243797
5.911031845476362,0.32607850745642647
6.64074484928479,0.373542250293316
7.4605404447366075,0.42402905051515
8.381539268677866,0.476722638322681
9.416234793278331,0.5306545616053172
10.578662801651687,0.5847565153114636
11.884591785129816,0.637924655272245
13.351736844955687,0.6890896485530111
15.0,0.7372850467690844
