SA(0.6s) [g],Loss_ratio
0.05000000000000001,7.9005312292324e-10
0.056172467201025755,3.6073439790840216e-09
0.06310692142900626,1.5325670049692874e-08
0.07089742948257126,6.05963108801788e-08
0.07964967064493539,2.2303675348833706e-07
0.08948237023750269,7.644286510899435e-07
0.10052891014472326,2.4404900452745797e-06
0.11293913815718663,7.260636281941624e-06
0.1268814006769336,2.0139328110374558e-05
0.14254482635890514,5.211368017750685e-05
0.16014189166643014,0.00012589940889333185
0.17991130314285533,0.00028423468848067234
0.2021212354977168,0.0006004092983809495
0.2270729694325259,0.0011885938627228755
0.2551049785537617,0.0022098235353642413
0.28659752081259104,0.0038694133677976863
0.3219777967548112,0.0064050669186144
0.36172574455336326,0.010072402641448968
0.4063805504338082,0.015143275716216612
0.45654796280755766,0.02193613122345749
0.5129085093300529,0.03089051724122958
0.5762267283493882,0.04267828377429904
0.6473615399712076,0.05831798408158898
0.7272778974247632,0.07923820064813435
0.8170598767824696,0.10723084730282578
0.9179253825967483,0.1442517850168315
1.0312426689380967,0.19206178385594652
1.1585488999444697,0.2517509733575708
1.3015710016583038,0.3232461107052936
1.4622490880091454,0.4049459261685577
1.6427627787184707,0.4936392509663453
1.8455607661325835,0.5848084491845662
2.0733940320616497,0.6733052024503363
2.329353165215711,0.7542447016200204
2.6169102854537,0.823864342265102
2.9399661435534976,0.8800916803936474
3.3029030354176987,0.9226725166801442
3.710644248503383,0.952873453094486
4.168720846874621,0.9729145950881734
4.683346700825936,0.9853463517606872
5.261502778863538,0.9925492830963106
5.911031845476362,0.9964446737223283
6.64074484928479,0.9984097977576486
7.4605404447366075,0.9993340450876927
8.381539268677866,0.9997391190455286
9.416234793278331,0.9999044829604365
10.578662801651687,0.999967338188793
11.884591785129816,0.999989575880769
13.351736844955687,0.9999968966484507
15.0,0.9999991386140743
