PGA [g],Loss_ratio
0.05000000000000001,1.0301660816169898e-06
0.056172467201025755,2.5229951837679732e-06
0.06310692142900626,5.953963867294521e-06
0.07089742948257126,1.3548275337277317e-05
0.07964967064493539,2.975021083519436e-05
0.08948237023750269,6.309506218565298e-05
0.10052891014472326,0.00012935934540280193
0.11293913815718663,0.0002566344478511562
0.1268814006769336,0.0004931444615683678
0.14254482635890514,0.0009187549460874578
0.16014189166643014,0.0016611070957032958
0.17991130314285533,0.0029170238881997047
0.2021212354977168,0.004979086277187028
0.2270729694325259,0.008265868369141
0.2551049785537617,0.013352123217809514
0.28659752081259104,0.020992322071171448
0.3219777967548112,0.032127876061826696
0.36172574455336326,0.047866153160925864
0.4063805504338082,0.0694195483024405
0.45654796280755766,0.09799692943233851
0.5129085093300529,0.13464863915057662
0.5762267283493882,0.1800792070204347
0.6473615399712076,0.23445625875261533
0.7272778974247632,0.2972552038236693
0.8170598767824696,0.3671820307052338
0.9179253825967483,0.4422073908556867
1.0312426689380967,0.5197241578221156
1.1585488999444697,0.5968123602298925
1.3015710016583038,0.6705679027679999
1.4622490880091454,0.738433705422495
1.6427627787184707,0.7984700456538844
1.8455607661325835,0.8495159379303397
2.0733940320616497,0.891220504931765
2.329353165215711,0.9239537767595657
2.6169102854537,0.9486310231239358
2.9399661435534976,0.9664972911735649
3.3029030354176987,0.9789177485551778
3.710644248503383,0.9872076942986735
4.168720846874621,0.9925193003465428
4.683346700825936,0.9957860425703404
5.261502778863538,0.9977143567976022
5.911031845476362,0.9988067461862655
6.64074484928479,0.9994006004354823
7.4605404447366075,0.999710380722213
8.381539268677866,0.9998654302407985
9.416234793278331,0.999939886835654
10.578662801651687,0.9999741894556958
11.884591785129816,0.9999893501731554
13.351736844955687,0.9999957779240912
15.0,0.999998392041005
