SA(0.3s) [g],Loss_ratio
0.05000000000000001,3.9705239096576864e-12
0.056172467201025755,2.0582618942555087e-11
0.06310692142900626,1.0006582229493688e-10
0.07089742948257126,4.5630387246475833e-10
0.07964967064493539,1.95192152441237e-09
0.08948237023750269,7.833818138625049e-09
0.10052891014472326,2.9502475584752832e-08
0.11293913815718663,1.0427907084498147e-07
0.1268814006769336,3.4600304409937447e-07
0.14254482635890514,1.0779767770419114e-06
0.16014189166643014,3.154298228463803e-06
0.17991130314285533,8.671501868845466e-06
0.2021212354977168,2.2404696966710214e-05
0.2270729694325259,5.4427304439519376e-05
0.2551049785537617,0.00012437631932144533
0.28659752081259104,0.0002675156647522381
0.3219777967548112,0.0005419331314089892
0.36172574455336326,0.0010348586205765065
0.4063805504338082,0.0018646020884285908
0.45654796280755766,0.003173905063100258
0.5129085093300529,0.005111801139144135
0.5762267283493882,0.0078051729142185056
0.6473615399712076,0.0113274671268274
0.7272778974247632,0.015677996893046393
0.8170598767824696,0.020787250945824422
0.9179253825967483,0.026558757925460134
1.0312426689380967,0.03294645740141917
1.1585488999444697,0.04005229080040952
1.3015710016583038,0.04821837032982019
1.4622490880091454,0.05808707693205766
1.6427627787184707,0.07061161529593031
1.8455607661325835,0.08701388059583388
2.0733940320616497,0.10869751065011644
2.329353165215711,0.1371252236361388
2.6169102854537,0.1736618122714486
2.9399661435534976,0.21937690382155933
3.3029030354176987,0.27480752770520456
3.710644248503383,0.3397057551552555
4.168720846874621,0.41283263225575906
4.683346700825936,0.49188427211271896
5.261502778863538,0.5736259367992071
5.911031845476362,0.6542570078988132
6.64074484928479,0.7299501444657189
7.4605404447366075,0.7974366541426204
8.381539268677866,0.8544824830338157
9.416234793278331,0.9001309074231328
10.578662801651687,0.9346658669365495
11.884591785129816,0.9593393195247073
13.351736844955687,0.9759697015183131
15.0,0.9865351260348106
