SA(1.0s) [g],Loss_ratio
0.05000000000000001,8.326182535983719e-06
0.056172467201025755,1.7841478707619762e-05
0.06310692142900626,3.679369828424317e-05
0.07089742948257126,7.305446684460203e-05
0.07964967064493539,0.00013972042564910914
0.08948237023750269,0.00025755310175626383
0.10052891014472326,0.00045790703606705675
0.11293913815718663,0.0007859060753915515
0.1268814006769336,0.0013034996261100554
0.14254482635890514,0.0020920159242072967
0.16014189166643014,0.0032540267688607794
0.17991130314285533,0.004914803088822539
0.2021212354977168,0.007224319976079436
0.2270729694325259,0.010361454270240784
0.2551049785537617,0.014542351765179097
0.28659752081259104,0.020034515230795948
0.3219777967548112,0.02717668261231058
0.36172574455336326,0.036402032489672526
0.4063805504338082,0.048259105693766284
0.45654796280755766,0.06342192383284699
0.5129085093300529,0.08267922353487564
0.5762267283493882,0.10689356423384935
0.6473615399712076,0.13692495792837922
0.7272778974247632,0.17352054629701466
0.8170598767824696,0.21718074454658323
0.9179253825967483,0.26802131586865785
1.0312426689380967,0.3256575402381141
1.1585488999444697,0.3891384412683562
1.3015710016583038,0.45695413448784405
1.4622490880091454,0.5271275655115264
1.6427627787184707,0.5973851618758499
1.8455607661325835,0.6653831595680286
2.0733940320616497,0.7289525105768422
2.329353165215711,0.7863196452361838
2.6169102854537,0.8362650318486624
2.9399661435534976,0.8781953695859984
3.3029030354176987,0.9121243929205305
3.710644248503383,0.9385761673855115
4.168720846874621,0.9584383560457467
4.683346700825936,0.9727982746272855
5.261502778863538,0.9827915173219196
5.911031845476362,0.9894838726298394
6.64074484928479,0.9937957681667751
7.4605404447366075,0.9964680459758986
8.381539268677866,0.9980607475646633
9.416234793278331,0.9989734914996387
10.578662801651687,0.999476359292313
11.884591785129816,0.9997426667210115
13.351736844955687,0.999878209622929
15.0,0.999944504274008
