SA(1.0s) [g],Loss_ratio
0.05000000000000001,1.9521665339805594e-08
0.056172467201025755,9.155460332643806e-08
0.06310692142900626,3.913410297429199e-07
0.07089742948257126,1.5251984824438127e-06
0.07964967064493539,5.42263006965138e-06
0.08948237023750269,1.7598042201094622e-05
0.10052891014472326,5.216752508201417e-05
0.11293913815718663,0.00014138285239091996
0.1268814006769336,0.00035069044862397485
0.14254482635890514,0.0007972157086669986
0.16014189166643014,0.0016638711034097087
0.17991130314285533,0.0031957294552835917
0.2021212354977168,0.005666307025356982
0.2270729694325259,0.009315477439603698
0.2551049785537617,0.014286563158906541
0.28659752081259104,0.02061268122472944
0.3219777967548112,0.02829875818329714
0.36172574455336326,0.03750428127554891
0.4063805504338082,0.04877054055258085
0.45654796280755766,0.06319628524350854
0.5129085093300529,0.08247934983913026
0.5762267283493882,0.10879761135695148
0.6473615399712076,0.1445503740982696
0.7272778974247632,0.19198166310713727
0.8170598767824696,0.2526817441671447
0.9179253825967483,0.32698372488449945
1.0312426689380967,0.41337926076998727
1.1585488999444697,0.5082105235334993
1.3015710016583038,0.6059189860476184
1.4622490880091454,0.6999553855146843
1.6427627787184707,0.7841401336369369
1.8455607661325835,0.8540004382904167
2.0733940320616497,0.9075817671188676
2.329353165215711,0.9454691767312334
2.6169102854537,0.970114375655312
2.9399661435534976,0.9848341692484517
3.3029030354176987,0.9928931798397215
3.710644248503383,0.9969319020464388
4.168720846874621,0.9987822184153465
4.683346700825936,0.9995563670833172
5.261502778863538,0.9998518875897304
5.911031845476362,0.9999547385474807
6.64074484928479,0.9999873533818421
7.4605404447366075,0.9999967719512733
8.381539268677866,0.999999247863105
9.416234793278331,0.999999840129909
10.578662801651687,0.9999999690175145
11.884591785129816,0.999999994528014
13.351736844955687,0.9999999991195914
15.0,0.9999999998709999
