SA(1.0s) [g],Loss_ratio
0.05000000000000001,5.07910738045958e-05
0.056172467201025755,9.814386941755515e-05
0.06310692142900626,0.00018353711814715902
0.07089742948257126,0.00033247141477218414
0.07964967064493539,0.0005839827632877382
0.08948237023750269,0.0009957993998485294
0.10052891014472326,0.0016506196179425449
0.11293913815718663,0.002663578874382894
0.1268814006769336,0.0041910269152579845
0.14254482635890514,0.0064407882722649695
0.16014189166643014,0.009684020703499736
0.17991130314285533,0.014268441753704798
0.2021212354977168,0.02063188067686882
0.2270729694325259,0.02931374428126217
0.2551049785537617,0.04096019785703722
0.28659752081259104,0.05631711315742141
0.3219777967548112,0.07620389178704505
0.36172574455336326,0.1014620429847862
0.4063805504338082,0.13287560227972828
0.45654796280755766,0.17106625487806915
0.5129085093300529,0.21637359440408274
0.5762267283493882,0.2687385463416876
0.6473615399712076,0.32761320597395177
0.7272778974247632,0.39192082285950436
0.8170598767824696,0.4600839943712768
0.9179253825967483,0.5301276016488949
1.0312426689380967,0.5998478959134477
1.1585488999444697,0.667024209140036
1.3015710016583038,0.7296392275413616
1.4622490880091454,0.7860708494738775
1.6427627787184707,0.8352244164793023
1.8455607661325835,0.8765870264368861
2.0733940320616497,0.910202079072561
2.329353165215711,0.9365776783136213
2.6169102854537,0.9565531745605574
2.9399661435534976,0.9711519220861067
3.3029030354176987,0.9814454137961093
3.710644248503383,0.9884463166319706
4.168720846874621,0.9930384268614366
4.683346700825936,0.995942896428463
5.261502778863538,0.9977140361109594
5.911031845476362,0.9987551796594504
6.64074484928479,0.999345088902901
7.4605404447366075,0.9996672148454012
8.381539268677866,0.9998367208101693
9.416234793278331,0.9999226655551549
10.578662801651687,0.9999646499712832
11.884591785129816,0.9999844084545441
13.351736844955687,0.9999933658276159
15.0,0.9999972772670528
