SA(1.0s) [g],Loss_ratio
0.05000000000000001,0.00013862681006624467
0.056172467201025755,0.00025575587225298846
0.06310692142900626,0.00045818074426333676
0.07089742948257126,0.000797897833715
0.07964967064493539,0.0013522691685915243
0.08948237023750269,0.0022331680821930993
0.10052891014472326,0.00359812304140848
0.11293913815718663,0.005663422357126697
0.1268814006769336,0.008718814550387899
0.14254482635890514,0.013142833402961823
0.16014189166643014,0.019416801130210715
0.17991130314285533,0.028134225576747194
0.2021212354977168,0.04000081293492019
0.2270729694325259,0.05581913350671028
0.2551049785537617,0.07645180434680449
0.28659752081259104,0.1027586497786495
0.3219777967548112,0.13550718044344964
0.36172574455336326,0.1752617928297214
0.4063805504338082,0.22226435760859806
0.45654796280755766,0.27632549592932637
0.5129085093300529,0.3367495268032602
0.5762267283493882,0.4023147575212129
0.6473615399712076,0.4713235503962656
0.7272778974247632,0.5417242455432247
0.8170598767824696,0.611292185450618
0.9179253825967483,0.6778436083736965
1.0312426689380967,0.7394479142415086
1.1585488999444697,0.7946033231612637
1.3015710016583038,0.8423485686018887
1.4622490880091454,0.882296916888119
1.6427627787184707,0.9145946971648979
1.8455607661325835,0.9398204548934029
2.0733940320616497,0.9588495372148416
2.329353165215711,0.97271096413525
2.6169102854537,0.9824594553922781
2.9399661435534976,0.9890776028106987
3.3029030354176987,0.993414124367681
3.710644248503383,0.9961562955899059
4.168720846874621,0.997829474347428
4.683346700825936,0.9988144733163151
5.261502778863538,0.9993738824602658
5.911031845476362,0.9996803480616063
6.64074484928479,0.9998422877668095
7.4605404447366075,0.9999248170657214
8.381539268677866,0.9999653784164794
9.416234793278331,0.999984602011289
10.578662801651687,0.9999933870830221
11.884591785129816,0.9999972580281558
13.351736844955687,0.9999989024906152
15.0,0.9999995759975051
