SA(0.3s) [g],Loss_ratio
0.05000000000000001,1.4030044680479748e-07
0.056172467201025755,3.435152128694608e-07
0.06310692142900626,8.121760852075611e-07
0.07089742948257126,1.8546705325916958e-06
0.07964967064493539,4.091735835554111e-06
0.08948237023750269,8.723784562009173e-06
0.10052891014472326,1.798108061684123e-05
0.11293913815718663,3.584486749875771e-05
0.1268814006769336,6.914507193192533e-05
0.14254482635890514,0.00012914695924122756
0.16014189166643014,0.00023372880112810802
0.17991130314285533,0.0004102238663513225
0.2021212354977168,0.0006989616098185047
0.2270729694325259,0.0011575167233779716
0.2551049785537617,0.0018656922694580136
0.28659752081259104,0.00293135155589509
0.3219777967548112,0.004497370501979059
0.36172574455336326,0.006750147658758161
0.4063805504338082,0.009930147003007839
0.45654796280755766,0.014344662027142225
0.5129085093300529,0.020382181052024703
0.5762267283493882,0.028526311376430843
0.6473615399712076,0.0393653206609049
0.7272778974247632,0.053591428649544526
0.8170598767824696,0.07198278009932574
0.9179253825967483,0.09536143640158759
1.0312426689380967,0.12452345932770285
1.1585488999444697,0.16014241334472384
1.3015710016583038,0.2026547406350918
1.4622490880091454,0.2521429208153331
1.6427627787184707,0.30823793215606426
1.8455607661325835,0.37006405828832495
2.0733940320616497,0.43624505164907873
2.329353165215711,0.5049810317437321
2.6169102854537,0.5741919758839009
2.9399661435534976,0.6417094377858235
3.3029030354176987,0.7054869949880038
3.710644248503383,0.7637950771405918
4.168720846874621,0.8153687762916826
4.683346700825936,0.8594872568181456
5.261502778863538,0.8959777099588131
5.911031845476362,0.9251515732713329
6.64074484928479,0.9476922551239438
7.4605404447366075,0.9645194481495678
8.381539268677866,0.9766547295377729
9.416234793278331,0.9851077351032338
10.578662801651687,0.9907940596742216
11.884591785129816,0.9944876862278348
13.351736844955687,0.9968041298095692
15.0,0.9982065841855047
