SA(1.0s) [g],Loss_ratio
0.05000000000000001,1.6616972489036373e-05
0.056172467201025755,3.162535498552055e-05
0.06310692142900626,5.852774498093516e-05
0.07089742948257126,0.0001053757689140067
0.07964967064493539,0.00018467882640274547
0.08948237023750269,0.0003152649270448282
0.10052891014472326,0.000524621456724994
0.11293913815718663,0.000851739681228897
0.1268814006769336,0.0013504809892464777
0.14254482635890514,0.002093501150776073
0.16014189166643014,0.003176816892257528
0.17991130314285533,0.004725165465196102
0.2021212354977168,0.006898354734727102
0.2270729694325259,0.009898761674975949
0.2551049785537617,0.013979925473492295
0.28659752081259104,0.01945572084876167
0.3219777967548112,0.026708861104651236
0.36172574455336326,0.03619653780988516
0.4063805504338082,0.04845004981667789
0.45654796280755766,0.06406462500449861
0.5129085093300529,0.08367567626966797
0.5762267283493882,0.1079188016991619
0.6473615399712076,0.13737310377888787
0.7272778974247632,0.1724907260092331
0.8170598767824696,0.2135193782168891
0.9179253825967483,0.2604282016434282
1.0312426689380967,0.3128495984364177
1.1585488999444697,0.37004969939706717
1.3015710016583038,0.43093744814690393
1.4622490880091454,0.4941169585547503
1.6427627787184707,0.5579806999115917
1.8455607661325835,0.6208336200093181
2.0733940320616497,0.6810322257910153
2.329353165215711,0.7371193991960805
2.6169102854537,0.7879361886541816
2.9399661435534976,0.832695934469636
3.3029030354176987,0.8710129009587624
3.710644248503383,0.9028855045970604
4.168720846874621,0.9286414684949023
4.683346700825936,0.9488573262725055
5.261502778863538,0.9642668348183193
5.911031845476362,0.975672025125856
6.64074484928479,0.9838674997214997
7.4605404447366075,0.989584250225105
8.381539268677866,0.9934548483415858
9.416234793278331,0.9959982484688292
10.578662801651687,0.9976201204820655
11.884591785129816,0.9986236828511124
13.351736844955687,0.9992261889531526
15.0,0.9995771296498799
