SA(1.0s) [g],Loss_ratio
0.05000000000000001,7.114526455423432e-05
0.056172467201025755,0.0001234935792700842
0.06310692142900626,0.00021005395748061595
0.07089742948257126,0.00035028239782974315
0.07964967064493539,0.0005729631305672278
0.08948237023750269,0.000919770726760355
0.10052891014472326,0.0014497734184723444
0.11293913815718663,0.0022449470034145713
0.1268814006769336,0.003416683365315165
0.14254482635890514,0.005113139270344464
0.16014189166643014,0.007527067390226027
0.17991130314285533,0.010903496645767424
0.2021212354977168,0.015546291389938882
0.2270729694325259,0.021822250312402165
0.2551049785537617,0.03016106856284838
0.28659752081259104,0.04104927512485244
0.3219777967548112,0.05501629033148451
0.36172574455336326,0.07261114574121538
0.4063805504338082,0.09436925745081871
0.45654796280755766,0.120769956629733
0.5129085093300529,0.15218715817960693
0.5762267283493882,0.18883736125006462
0.6473615399712076,0.23073078156528257
0.7272778974247632,0.2776324147151242
0.8170598767824696,0.32903985327788526
0.9179253825967483,0.38418349805120156
1.0312426689380967,0.44205241347874524
1.1585488999444697,0.5014457541306326
1.3015710016583038,0.5610459608543724
1.4622490880091454,0.6195064776538889
1.6427627787184707,0.6755442659740079
1.8455607661325835,0.7280264235164858
2.0733940320616497,0.7760409836272044
2.329353165215711,0.8189443487597124
2.6169102854537,0.8563813311589963
2.9399661435534976,0.8882777458490714
3.3029030354176987,0.9148091782388752
3.710644248503383,0.936352299281991
4.168720846874621,0.9534265396214833
4.683346700825936,0.9666339801011887
5.261502778863538,0.9766041724311495
5.911031845476362,0.9839486708983018
6.64074484928479,0.9892278123733159
7.4605404447366075,0.9929301685366156
8.381539268677866,0.9954634306747983
9.416234793278331,0.9971544333861488
10.578662801651687,0.9982555862012025
11.884591785129816,0.998955055094296
13.351736844955687,0.9993884527105358
15.0,0.9996503813320552
