SA(1.0s) [g],Loss_ratio
0.05000000000000001,8.976776290658962e-06
0.056172467201025755,1.6129821946153644e-05
0.06310692142900626,2.8365768964022656e-05
0.07089742948257126,4.883581372143731e-05
0.07964967064493539,8.233834410705799e-05
0.08948237023750269,0.00013600248325989497
0.10052891014472326,0.00022016908824794567
0.11293913815718663,0.00034949370584540506
0.1268814006769336,0.0005442915212455657
0.14254482635890514,0.000832141433316469
0.16014189166643014,0.0012497679239066974
0.17991130314285533,0.0018452276781836807
0.2021212354977168,0.0026804429775515557
0.2270729694325259,0.0038341413727934763
0.2551049785537617,0.005405270594924284
0.28659752081259104,0.007516942081627337
0.3219777967548112,0.010320894244568946
0.36172574455336326,0.014002336273341149
0.4063805504338082,0.01878482150296036
0.45654796280755766,0.024934510322564482
0.5129085093300529,0.032762846649823076
0.5762267283493882,0.042626350313134484
0.6473615399712076,0.05492200932314432
0.7272778974247632,0.07007674521079982
0.8170598767824696,0.08852971835780979
0.9179253825967483,0.11070689934046897
1.0312426689380967,0.13698835217402677
1.1585488999444697,0.16766996515448715
1.3015710016583038,0.20292274363726376
1.4622490880091454,0.2427539939828773
1.6427627787184707,0.28697549745435785
1.8455607661325835,0.33518384669729845
2.0733940320616497,0.3867573418745939
2.329353165215711,0.4408722155552035
2.6169102854537,0.4965386486374632
2.9399661435534976,0.5526543902631652
3.3029030354176987,0.6080712464062985
3.710644248503383,0.6616677175654153
4.168720846874621,0.7124200277631894
4.683346700825936,0.7594639080904837
5.261502778863538,0.8021407708965458
5.911031845476362,0.8400241060750357
6.64074484928479,0.8729246479770465
7.4605404447366075,0.9008756174373845
8.381539268677866,0.9241016779705206
9.416234793278331,0.9429768141177208
10.578662801651687,0.9579769747860679
11.884591785129816,0.9696330472438802
13.351736844955687,0.9784887214234559
15.0,0.9850663531318109
