SA(0.6s) [g],Loss_ratio
0.05000000000000001,1.2461403032071328e-06
0.056172467201025755,3.9066037382740065e-06
0.06310692142900626,1.139755864517089e-05
0.07089742948257126,3.096196788632267e-05
0.07964967064493539,7.836513531876422e-05
0.08948237023750269,0.0001849411216060193
0.10052891014472326,0.00040736809244377726
0.11293913815718663,0.0008385523499375658
0.1268814006769336,0.0016157525922139372
0.14254482635890514,0.002920521700863965
0.16014189166643014,0.004966353344716246
0.17991130314285533,0.007975811268896333
0.2021212354977168,0.012158505749273418
0.2270729694325259,0.017709741828761345
0.2551049785537617,0.02484981550858751
0.28659752081259104,0.03391106395269942
0.3219777967548112,0.045456654675533385
0.36172574455336326,0.06039229173069221
0.4063805504338082,0.08002150153624119
0.45654796280755766,0.10600171863332089
0.5129085093300529,0.14017696637329646
0.5762267283493882,0.18428551428843742
0.6473615399712076,0.23956618589405695
0.7272778974247632,0.3063208461625915
0.8170598767824696,0.383533570705336
0.9179253825967483,0.4686808214710319
1.0312426689380967,0.557858011210738
1.1585488999444697,0.6462721417977292
1.3015710016583038,0.7290216528038451
1.4622490880091454,0.801959469154215
1.6427627787184707,0.8623823433496882
1.8455607661325835,0.9093451580849078
2.0733940320616497,0.9435396684936646
2.329353165215711,0.9668333146532272
2.6169102854537,0.9816617719253289
2.9399661435534976,0.9904740680422202
3.3029030354176987,0.9953586219735652
3.710644248503383,0.9978818518097677
4.168720846874621,0.9990957410344421
4.683346700825936,0.9996392705847769
5.261502778863538,0.999865659192847
5.911031845476362,0.9999533329236461
6.64074484928479,0.9999848896394175
7.4605404447366075,0.9999954424967892
8.381539268677866,0.9999987202381466
9.416234793278331,0.9999996655935904
10.578662801651687,0.9999999187200322
11.884591785129816,0.9999999816304055
13.351736844955687,0.9999999961408953
15.0,0.9999999992465998
