SA(1.0s) [g],Loss_ratio
0.05000000000000001,0.00039942894659235063
0.056172467201025755,0.0005983865005258105
0.06310692142900626,0.0008857903718107408
0.07089742948257126,0.0012958010975205215
0.07964967064493539,0.0018734907252737688
0.08948237023750269,0.0026774054987774077
0.10052891014472326,0.003782383289030561
0.11293913815718663,0.005282516026956736
0.1268814006769336,0.007294087214537093
0.14254482635890514,0.009958247236645224
0.16014189166643014,0.013443120103240358
0.17991130314285533,0.01794497249647848
0.2021212354977168,0.023688030129100278
0.2270729694325259,0.030922509771159075
0.2551049785537617,0.03992046067230824
0.28659752081259104,0.050969087835940965
0.3219777967548112,0.06436136917052444
0.36172574455336326,0.08038398002023264
0.4063805504338082,0.09930279436287252
0.45654796280755766,0.12134652439493482
0.5129085093300529,0.14668936157541845
0.5762267283493882,0.17543375649280624
0.6473615399712076,0.2075946816721013
0.7272778974247632,0.24308682111453747
0.8170598767824696,0.2817160908461295
0.9179253825967483,0.3231766978262559
1.0312426689380967,0.36705459115582784
1.1585488999444697,0.4128376724767573
1.3015710016583038,0.4599325559830164
1.4622490880091454,0.5076870638626495
1.6427627787184707,0.5554170809886769
1.8455607661325835,0.6024359434895061
2.0733940320616497,0.6480842585274682
2.329353165215711,0.6917579857008969
2.6169102854537,0.7329327654406591
2.9399661435534976,0.771182838830036
3.3029030354176987,0.8061934219197179
3.710644248503383,0.8377660113645728
4.168720846874621,0.865816732511385
4.683346700825936,0.8903684223995779
5.261502778863538,0.9115376064683467
5.911031845476362,0.929517836535698
6.64074484928479,0.9445609900901172
7.4605404447366075,0.9569580924716661
8.381539268677866,0.9670210401211609
9.416234793278331,0.9750663152133207
10.578662801651687,0.9814014370423302
11.884591785129816,0.9863145402902221
13.351736844955687,0.990067144763786
15.0,0.9928899143551648
