SA(1.0s) [g],Loss_ratio
0.05000000000000001,0.00011757818595505287
0.056172467201025755,0.0001756963005182244
0.06310692142900626,0.0002594367771674488
0.07089742948257126,0.00037866254175139005
0.07964967064493539,0.0005464492164511003
0.08948237023750269,0.0007799265101051389
0.10052891014472326,0.001101279122898674
0.11293913815718663,0.0015389214655579298
0.1268814006769336,0.002128856542185398
0.14254482635890514,0.0029162222743442656
0.16014189166643014,0.003957017008294095
0.17991130314285533,0.005319978441934686
0.2021212354977168,0.007088565311904216
0.2270729694325259,0.009362957942853339
0.2551049785537617,0.012261952203218263
0.28659752081259104,0.01592457309605559
0.3219777967548112,0.020511182754830333
0.36172574455336326,0.026203809005177152
0.4063805504338082,0.03320538323506134
0.45654796280755766,0.04173756024808145
0.5129085093300529,0.05203680892835902
0.5762267283493882,0.06434852082519368
0.6473615399712076,0.07891899102057438
0.7272778974247632,0.09598528345650567
0.8170598767824696,0.1157631956725243
0.9179253825967483,0.13843377169884175
1.0312426689380967,0.16412905443590903
1.1585488999444697,0.1929179912456772
1.3015710016583038,0.22479357605312508
1.4622490880091454,0.25966239613878905
1.6427627787184707,0.29733772603724795
1.8455607661325835,0.3375371595729959
2.0733940320616497,0.3798854941270498
2.329353165215711,0.4239231959530876
2.6169102854537,0.4691203156757766
2.9399661435534976,0.514895236389161
3.3029030354176987,0.5606371781048715
3.710644248503383,0.6057310069539675
4.168720846874621,0.649582652960645
4.683346700825936,0.691643358762421
5.261502778863538,0.7314310755531653
5.911031845476362,0.768547581715328
6.64074484928479,0.8026902931270959
7.4605404447366075,0.8336582146981163
8.381539268677866,0.861351993696007
9.416234793278331,0.8857685191268381
10.578662801651687,0.9069909169167318
11.884591785129816,0.9251750803137958
13.351736844955687,0.9405340285260699
15.0,0.9533214023036701
