SA(0.6s) [g],Loss_ratio
0.05000000000000001,1.6082621656032804e-06
0.056172467201025755,4.514148299705756e-06
0.06310692142900626,1.1937592343919114e-05
0.07089742948257126,2.975739334443728e-05
0.07964967064493539,6.996418935719118e-05
0.08948237023750269,0.0001552711934556861
0.10052891014472326,0.00032558023587537794
0.11293913815718663,0.0006458161243488637
0.1268814006769336,0.0012137355632743042
0.14254482635890514,0.002165595561798922
0.16014189166643014,0.003677798365190821
0.17991130314285533,0.005964538987794949
0.2021212354977168,0.009275070013415694
0.2270729694325259,0.013898136764264647
0.2551049785537617,0.020182828174638956
0.28659752081259104,0.028581799588943208
0.3219777967548112,0.03971350090856215
0.36172574455336326,0.05442669848402318
0.4063805504338082,0.07383808879106857
0.45654796280755766,0.09930802323718582
0.5129085093300529,0.1323247274789774
0.5762267283493882,0.17428539121961154
0.6473615399712076,0.22619129924159234
0.7272778974247632,0.2883084522412894
0.8170598767824696,0.3598755113264208
0.9179253825967483,0.4389543991771394
1.0312426689380967,0.5225028001966523
1.1585488999444697,0.6066973999482375
1.3015710016583038,0.6874625590445296
1.4622490880091454,0.7610873398486988
1.6427627787184707,0.8247757858933307
1.8455607661325835,0.876991191910564
2.0733940320616497,0.9175210038123544
2.329353165215711,0.9472776659962677
2.6169102854537,0.967925406131726
2.9399661435534976,0.9814562772701096
3.3029030354176987,0.9898251141463537
3.710644248503383,0.994707608674385
4.168720846874621,0.997393157785044
4.683346700825936,0.9987851588216458
5.261502778863538,0.9994648040319787
5.911031845476362,0.9997772687359062
6.64074484928479,0.9999124922961777
7.4605404447366075,0.9999675614700579
8.381539268677866,0.9999886601696457
9.416234793278331,0.9999962633036189
10.578662801651687,0.9999988398020799
11.884591785129816,0.9999996606984364
13.351736844955687,0.9999999065643168
15.0,0.9999999757790276
