SA(1.0s) [g],Loss_ratio
0.05000000000000001,1.0435249077289655e-06
0.056172467201025755,2.387356610084046e-06
0.06310692142900626,5.267166329953055e-06
0.07089742948257126,1.1209110742327334e-05
0.07964967064493539,2.3014636351720297e-05
0.08948237023750269,4.560361101080268e-05
0.10052891014472326,8.723750618059857e-05
0.11293913815718663,0.00016117288887808058
0.1268814006769336,0.0002877249938646131
0.14254482635890514,0.000496612149278175
0.16014189166643014,0.0008293249071737397
0.17991130314285533,0.0013411661356917126
0.2021212354977168,0.002102610241373226
0.2270729694325259,0.0031998043586803086
0.2551049785537617,0.004734421730578426
0.28659752081259104,0.006823640892688587
0.3219777967548112,0.009601619531210625
0.36172574455336326,0.013224213018265164
0.4063805504338082,0.017878564064772246
0.45654796280755766,0.02379833004357885
0.5129085093300529,0.031283664118315055
0.5762267283493882,0.04072283391360415
0.6473615399712076,0.05261002695755487
0.7272778974247632,0.0675521221199021
0.8170598767824696,0.08625669674248064
0.9179253825967483,0.10949483174896206
1.0312426689380967,0.13803559625849648
1.1585488999444697,0.17255423282356047
1.3015710016583038,0.21352233222697156
1.4622490880091454,0.2610945207658794
1.6427627787184707,0.3150108723731842
1.8455607661325835,0.3745358158888524
2.0733940320616497,0.43845150585259207
2.329353165215711,0.5051161081507167
2.6169102854537,0.5725861425264922
2.9399661435534976,0.6387891812680582
3.3029030354176987,0.7017219777743082
3.710644248503383,0.7596426333063503
4.168720846874621,0.8112257749380263
4.683346700825936,0.8556571028067363
5.261502778863538,0.8926562030352005
5.911031845476362,0.9224308590368951
6.64074484928479,0.9455784958919163
7.4605404447366075,0.9629579589823696
8.381539268677866,0.9755563247696419
9.416234793278331,0.9843714780888816
10.578662801651687,0.9903237509281958
11.884591785129816,0.9942015142108003
13.351736844955687,0.996638433622846
15.0,0.9981154497029278
