SA(1.0s) [g],Loss_ratio
0.05000000000000001,0.0001172069825573996
0.056172467201025755,0.00019270798760026575
0.06310692142900626,0.00031145616460844243
0.07089742948257126,0.0004950142485374899
0.07964967064493539,0.0007739933768716734
0.08948237023750269,0.0011910518433569384
0.10052891014472326,0.0018045536083498737
0.11293913815718663,0.002692897081394985
0.1268814006769336,0.003959456289946544
0.14254482635890514,0.005737975433866632
0.16014189166643014,0.008198119607703891
0.17991130314285533,0.011550709700066924
0.2021212354977168,0.016051967289999754
0.2270729694325259,0.02200588714525107
0.2551049785537617,0.029763676719419464
0.28659752081259104,0.039719103981826626
0.3219777967548112,0.052298636188557374
0.36172574455336326,0.06794549062310606
0.4063805504338082,0.08709719502383285
0.45654796280755766,0.110156977086312
0.5129085093300529,0.13746022555037887
0.5762267283493882,0.1692382877085808
0.6473615399712076,0.20558283283197198
0.7272778974247632,0.24641472620053437
0.8170598767824696,0.2914616319452559
0.9179253825967483,0.34024824598768844
1.0312426689380967,0.3921020910953248
1.1585488999444697,0.4461762405785189
1.3015710016583038,0.5014883577401836
1.4622490880091454,0.5569733324071847
1.6427627787184707,0.611544907721297
1.8455607661325835,0.6641603527890463
2.0733940320616497,0.7138817008180529
2.329353165215711,0.7599274505212956
2.6169102854537,0.8017098673381229
2.9399661435534976,0.8388549101249871
3.3029030354176987,0.871204025519446
3.710644248503383,0.8987992286774639
4.168720846874621,0.9218546882879871
4.683346700825936,0.940719212403806
5.261502778863538,0.9558344788105528
5.911031845476362,0.9676935974550622
6.64074484928479,0.9768037765700556
7.4605404447366075,0.9836557038187286
8.381539268677866,0.9887009839611692
9.416234793278331,0.9923378029318193
10.578662801651687,0.9949040628917412
11.884591785129816,0.9966766284289303
13.351736844955687,0.9978750456525817
15.0,0.9986680953838846
