SA(1.0s) [g],Loss_ratio
0.05000000000000001,2.7724654589889046e-07
0.056172467201025755,8.5069919986136e-07
0.06310692142900626,2.459036468410725e-06
0.07089742948257126,6.698354688000618e-06
0.07964967064493539,1.720067844743767e-05
0.08948237023750269,4.1657104097414524e-05
0.10052891014472326,9.51988039409435e-05
0.11293913815718663,0.00020542789182974032
0.1268814006769336,0.0004189193425910065
0.14254482635890514,0.0008081586198948999
0.16014189166643014,0.00147684992810464
0.17991130314285533,0.002560922501543256
0.2021212354977168,0.004223243855056597
0.2270729694325259,0.006642683886738743
0.2551049785537617,0.010002504298878435
0.28659752081259104,0.014487390955930551
0.3219777967548112,0.020300014685065888
0.36172574455336326,0.027704281597896487
0.4063805504338082,0.03709299781674234
0.45654796280755766,0.04906518893350969
0.5129085093300529,0.06448762713852858
0.5762267283493882,0.08451076675611051
0.6473615399712076,0.11051318895425208
0.7272778974247632,0.14395983848688756
0.8170598767824696,0.18617581378619652
0.9179253825967483,0.23805807865138834
1.0312426689380967,0.2997711175203967
1.1585488999444697,0.3704949943068811
1.3015710016583038,0.44830573154538406
1.4622490880091454,0.5302559304959267
1.6427627787184707,0.6126812443921781
1.8455607661325835,0.6916930586253236
2.0733940320616497,0.7637524648698089
2.329353165215711,0.8261844442636619
2.6169102854537,0.8775035866666285
2.9399661435534976,0.9174814076377344
3.3029030354176987,0.9469662856772677
3.710644248503383,0.9675367655003918
4.168720846874621,0.9811018295143289
4.683346700825936,0.989551420010791
5.261502778863538,0.9945198762257735
5.911031845476362,0.9972762782601089
6.64074484928479,0.9987183502679646
7.4605404447366075,0.9994295063492756
8.381539268677866,0.9997599573816762
9.416234793278331,0.9999045888022489
10.578662801651687,0.999964195853009
11.884591785129816,0.9999873214837041
13.351736844955687,0.9999957654412344
15.0,0.9999986665444474
