SA(0.3s) [g],Loss_ratio
0.05000000000000001,3.0575312961411694e-06
0.056172467201025755,6.370185293824716e-06
0.06310692142900626,1.2912438298917642e-05
0.07089742948257126,2.5477257920014654e-05
0.07964967064493539,4.895745973150234e-05
0.08948237023750269,9.167693059551342e-05
0.10052891014472326,0.00016739692678708896
0.11293913815718663,0.0002982410381911993
0.1268814006769336,0.0005188200931541765
0.14254482635890514,0.0008818555023738462
0.16014189166643014,0.001465577382688571
0.17991130314285533,0.002383085236294064
0.2021212354977168,0.0037936683050487805
0.2270729694325259,0.005915748829461205
0.2551049785537617,0.009040597995999294
0.28659752081259104,0.013545269891614909
0.3219777967548112,0.01990234585269519
0.36172574455336326,0.028683208214841122
0.4063805504338082,0.04055090151392941
0.45654796280755766,0.05623851621584391
0.5129085093300529,0.0765098022902585
0.5762267283493882,0.10210066252918602
0.6473615399712076,0.1336433349417242
0.7272778974247632,0.17157913538986155
0.8170598767824696,0.21606986660019473
0.9179253825967483,0.2669213457220819
1.0312426689380967,0.3235338027571292
1.1585488999444697,0.38489225721471965
1.3015710016583038,0.44960511183462165
1.4622490880091454,0.5159916879817195
1.6427627787184707,0.5822106897946678
1.8455607661325835,0.6464135881000936
2.0733940320616497,0.7069016397862327
2.329353165215711,0.7622641076409127
2.6169102854537,0.8114786005358303
2.9399661435534976,0.8539615327511558
3.3029030354176987,0.8895657855339479
3.710644248503383,0.9185316006918721
4.168720846874621,0.9414035970820578
4.683346700825936,0.9589303378224892
5.261502778863538,0.971962811690764
5.911031845476362,0.9813651481040617
6.64074484928479,0.987946069177609
7.4605404447366075,0.9924143648519528
8.381539268677866,0.9953572068774192
9.416234793278331,0.9972370866848717
10.578662801651687,0.9984017543084285
11.884591785129816,0.9991015247045033
13.351736844955687,0.9995092480228718
15.0,0.9997396087572419
