SA(0.6s) [g],Loss_ratio
0.05000000000000001,8.998560378226106e-07
0.056172467201025755,2.5219417617183823e-06
0.06310692142900626,6.685747855733615e-06
0.07089742948257126,1.677369503190196e-05
0.07964967064493539,3.9850228369692216e-05
0.08948237023750269,8.971769744600122e-05
0.10052891014472326,0.00019158990366280882
0.11293913815718663,0.00038852469480871177
0.1268814006769336,0.0007492905703999298
0.14254482635890514,0.001376777971415627
0.16014189166643014,0.002415760863790506
0.17991130314285533,0.004059265522831412
0.2021212354977168,0.0065543430668596366
0.2270729694325259,0.010210387894858064
0.2551049785537617,0.015415089325418031
0.28659752081259104,0.022662722150171916
0.3219777967548112,0.03259502227789367
0.36172574455336326,0.046046077476704333
0.4063805504338082,0.06407166325733601
0.45654796280755766,0.08793481401657219
0.5129085093300529,0.11901866847881408
0.5762267283493882,0.15864901700425207
0.6473615399712076,0.20783315580430844
0.7272778974247632,0.2669540927736621
0.8170598767824696,0.33549003807106503
0.9179253825967483,0.4118454144386221
1.0312426689380967,0.4933696823431994
1.1585488999444697,0.5766000050426036
1.3015710016583038,0.6577015214176973
1.4622490880091454,0.7330152524129312
1.6427627787184707,0.7995837775832956
1.8455607661325835,0.8555270545231329
2.0733940320616497,0.9001862801615478
2.329353165215711,0.9340248271895857
2.6169102854537,0.9583438199853277
2.9399661435534976,0.9749108556396272
3.3029030354176987,0.9856031642480562
3.710644248503383,0.9921376788367815
4.168720846874621,0.9959175768448179
4.683346700825936,0.9979862917166961
5.261502778863538,0.9990571223288008
5.911031845476362,0.9995812068191607
6.64074484928479,0.9998236536522946
7.4605404447366075,0.9999296407239022
8.381539268677866,0.9999734138959312
9.416234793278331,0.9999904900311668
10.578662801651687,0.9999967809563052
11.884591785129816,0.9999989692628942
13.351736844955687,0.9999996878899781
15.0,0.9999999106518186
