SA(1.0s) [g],Loss_ratio
0.05000000000000001,4.2515766226491894e-07
0.056172467201025755,1.3286145397140015e-06
0.06310692142900626,3.893645203800755e-06
0.07089742948257126,1.070481973116655e-05
0.07964967064493539,2.762199517623576e-05
0.08948237023750269,6.692817488708202e-05
0.10052891014472326,0.00015237613729081613
0.11293913815718663,0.00032622808499303547
0.1268814006769336,0.0006574364440915914
0.14254482635890514,0.0012487243857723152
0.16014189166643014,0.002239113128026871
0.17991130314285533,0.003798571139376644
0.2021212354977168,0.0061141266759256905
0.2270729694325259,0.009372194493903323
0.2551049785537617,0.013748233762280116
0.28659752081259104,0.019418430404852794
0.3219777967548112,0.026604903171898054
0.36172574455336326,0.035654583080378124
0.4063805504338082,0.047135575705271146
0.45654796280755766,0.06192028074479376
0.5129085093300529,0.08121843964313141
0.5762267283493882,0.10652811151644012
0.6473615399712076,0.13948607363721155
0.7272778974247632,0.18161766764420464
0.8170598767824696,0.23400856200004516
0.9179253825967483,0.2969482015425514
1.0312426689380967,0.3696240299173553
1.1585488999444697,0.449964813838562
1.3015710016583038,0.5347218672182004
1.4622490880091454,0.6198259840872734
1.6427627787184707,0.7009732540936634
1.8455607661325835,0.7743064013183931
2.0733940320616497,0.8370115302766608
2.329353165215711,0.8876704588117844
2.6169102854537,0.9262909086364207
2.9399661435534976,0.9540442513701995
3.3029030354176987,0.972826008380997
3.710644248503383,0.9847855584151554
4.168720846874621,0.991945788420513
4.683346700825936,0.9959737367317963
5.261502778863538,0.9981015235220083
5.911031845476362,0.9991564693076032
6.64074484928479,0.9996471351708552
7.4605404447366075,0.9998611353587779
8.381539268677866,0.9999486246811978
9.416234793278331,0.9999821418752826
10.578662801651687,0.9999941708439988
11.884591785129816,0.9999982140819832
13.351736844955687,0.9999994866363754
15.0,0.9999998615989397
