SA(0.6s) [g],Loss_ratio
0.05000000000000001,7.558071390967314e-11
0.056172467201025755,3.865557096638383e-10
0.06310692142900626,1.8377227406496388e-09
0.07089742948257126,8.122528616372194e-09
0.07964967064493539,3.338354779836017e-08
0.08948237023750269,1.2761512518388863e-07
0.10052891014472326,4.5385032689804214e-07
0.11293913815718663,1.5020799001175257e-06
0.1268814006769336,4.6279885228373015e-06
0.14254482635890514,1.327955326029251e-05
0.16014189166643014,3.550333934453365e-05
0.17991130314285533,8.848886158704384e-05
0.2021212354977168,0.00020574377557109895
0.2270729694325259,0.00044660874415577983
0.2551049785537617,0.000905962884180872
0.28659752081259104,0.001719484786177716
0.3219777967548112,0.003058098008333787
0.36172574455336326,0.005106474335461431
0.4063805504338082,0.008026506564598085
0.45654796280755766,0.011916845416499523
0.5129085093300529,0.016789470204120166
0.5762267283493882,0.02258681626178956
0.6473615399712076,0.029252894355789313
0.7272778974247632,0.03685042412712552
0.8170598767824696,0.045692733066823914
0.9179253825967483,0.056447125350254854
1.0312426689380967,0.07017352602896426
1.1585488999444697,0.08828429272663443
1.3015710016583038,0.11243313097140988
1.4622490880091454,0.14434780411194473
1.6427627787184707,0.1856108775492448
1.8455607661325835,0.2373815865535152
2.0733940320616497,0.30006407079905517
2.329353165215711,0.3729721919704431
2.6169102854537,0.45409822136722955
2.9399661435534976,0.5401180950118271
3.3029030354176987,0.626722754560425
3.710644248503383,0.709254896057211
4.168720846874621,0.7835009447272295
4.683346700825936,0.8464077108607211
5.261502778863538,0.8965089197147053
5.911031845476362,0.9339541846410613
6.64074484928479,0.9601787215159223
7.4605404447366075,0.9773665384036118
8.381539268677866,0.987896790255145
9.416234793278331,0.993921288111083
10.578662801651687,0.9971369954271505
11.884591785129816,0.9987371501266122
13.351736844955687,0.9994789328856007
15.0,0.999799087772996
