SA(1.0s) [g],Loss_ratio
0.05000000000000001,7.090987573235563e-05
0.056172467201025755,0.00012084573651929831
0.06310692142900626,0.00020222178429954443
0.07089742948257126,0.00033239628245228524
0.07964967064493539,0.0005368792302354876
0.08948237023750269,0.0008524096464756103
0.10052891014472326,0.0013308411069135272
0.11293913815718663,0.002043891215538307
0.1268814006769336,0.003088735281571281
0.14254482635890514,0.00459430661684247
0.16014189166643014,0.006727999197346607
0.17991130314285533,0.009702252630685804
0.2021212354977168,0.013780244677375143
0.2270729694325259,0.01927964844006332
0.2551049785537617,0.026573173705486668
0.28659752081259104,0.036084467071418054
0.3219777967548112,0.04827796826210429
0.36172574455336326,0.06364158513363982
0.4063805504338082,0.082661612518904
0.45654796280755766,0.10579019292003597
0.5129085093300529,0.13340674892222523
0.5762267283493882,0.16577608085629744
0.6473615399712076,0.20300701970786664
0.7272778974247632,0.24501640908259456
0.8170598767824696,0.2915035147517623
0.9179253825967483,0.34193953698403223
1.0312426689380967,0.3955756560291144
1.1585488999444697,0.45147105755766576
1.3015710016583038,0.508539910460319
1.4622490880091454,0.5656136857538764
1.6427627787184707,0.6215129587066182
1.8455607661325835,0.6751213449043073
2.0733940320616497,0.7254537809503676
2.329353165215711,0.7717120751453322
2.6169102854537,0.8133224056730923
2.9399661435534976,0.8499519196394614
3.3029030354176987,0.8815043444919743
3.710644248503383,0.9080970920505087
4.168720846874621,0.9300243112177546
4.683346700825936,0.9477114702353654
5.261502778863538,0.961667247571385
5.911031845476362,0.972437882319836
6.64074484928479,0.9805679117978598
7.4605404447366075,0.9865697024000679
8.381539268677866,0.9909026524110877
9.416234793278331,0.9939616458771815
10.578662801651687,0.9960734074265589
11.884591785129816,0.997498895070877
13.351736844955687,0.9984397362414956
15.0,0.9990468730886426
