SA(1.0s) [g],Loss_ratio
0.05000000000000001,4.282179999481884e-10
0.056172467201025755,2.574708690694649e-09
0.06310692142900626,1.403896161544793e-08
0.07089742948257126,6.944251614848795e-08
0.07964967064493539,3.117180230050032e-07
0.08948237023750269,1.2703815789993911e-06
0.10052891014472326,4.702897906766479e-06
0.11293913815718663,1.582415582544461e-05
0.1268814006769336,4.843007218489626e-05
0.14254482635890514,0.00013493663716124816
0.16014189166643014,0.000342632152848632
0.17991130314285533,0.0007939267321971478
0.2021212354977168,0.0016815115674587878
0.2270729694325259,0.0032620698705428663
0.2551049785537617,0.005812172900337942
0.28659752081259104,0.00954558991804351
0.3219777967548112,0.014521859175131043
0.36172574455336326,0.020604650901641607
0.4063805504338082,0.02752825122415291
0.45654796280755766,0.03508632557639664
0.5129085093300529,0.0433862020250333
0.5762267283493882,0.05306011330505565
0.6473615399712076,0.06533495018114506
0.7272778974247632,0.08193645928650585
0.8170598767824696,0.10489214933834445
0.9179253825967483,0.13632608215867717
1.0312426689380967,0.17827271843494732
1.1585488999444697,0.23242737354510573
1.3015710016583038,0.29971504350357375
1.4622490880091454,0.37967908399402495
1.6427627787184707,0.4699114736939478
1.8455607661325835,0.565890519440851
2.0733940320616497,0.6615046350003105
2.329353165215711,0.7502312022006306
2.6169102854537,0.8265879318401629
2.9399661435534976,0.8873027277682255
3.3029030354176987,0.9317668147700832
3.710644248503383,0.9616736611369991
4.168720846874621,0.9801023850843684
4.683346700825936,0.9904831612816722
5.261502778863538,0.9958183225705793
5.911031845476362,0.9983160472062577
6.64074484928479,0.9993797795086294
7.4605404447366075,0.9997914283421098
8.381539268677866,0.9999360507396257
9.416234793278331,0.9999821446388986
10.578662801651687,0.9999954645157184
11.884591785129816,0.9999989527696242
13.351736844955687,0.9999997803526685
15.0,0.9999999581759872
