SA(1.0s) [g],Loss_ratio
0.05000000000000001,2.6251387924003387e-07
0.056172467201025755,7.606879161126124e-07
0.06310692142900626,2.0896497514910627e-06
0.07089742948257126,5.443250880143857e-06
0.07964967064493539,1.3448769885682221e-05
0.08948237023750269,3.152737319686016e-05
0.10052891014472326,7.015213283720345e-05
0.11293913815718663,0.00014823153996132432
0.1268814006769336,0.00029759580742274027
0.14254482635890514,0.0005680579065320879
0.16014189166643014,0.0010318139730975064
0.17991130314285533,0.0017852940238602846
0.2021212354977168,0.002946445405465342
0.2270729694325259,0.004646366972460886
0.2551049785537617,0.007016486688152501
0.28659752081259104,0.010175709876197502
0.3219777967548112,0.01422494429799022
0.36172574455336326,0.019257379461341723
0.4063805504338082,0.025390393590221185
0.45654796280755766,0.03281878824767746
0.5129085093300529,0.041880800504140725
0.5762267283493882,0.053120919438797855
0.6473615399712076,0.06732977214345143
0.7272778974247632,0.08554253764934913
0.8170598767824696,0.10898274987437515
0.9179253825967483,0.13894612931943523
1.0312426689380967,0.17662802781717243
1.1585488999444697,0.2229085373804168
1.3015710016583038,0.27812222367820083
1.4622490880091454,0.34185373762660565
1.6427627787184707,0.4128112086186749
1.8455607661325835,0.4888282767127132
2.0733940320616497,0.5670262192184512
2.329353165215711,0.6441302028268328
2.6169102854537,0.7168883624969755
2.9399661435534976,0.7825062076878366
3.3029030354176987,0.8389979104326792
3.710644248503383,0.8853770031526522
4.168720846874621,0.9216549996102503
4.683346700825936,0.9486699386400893
5.261502778863538,0.9678081185642791
5.911031845476362,0.9806984268257266
6.64074484928479,0.9889483666867602
7.4605404447366075,0.9939630850006603
8.381539268677866,0.9968567992528772
9.416234793278331,0.9984413360350308
10.578662801651687,0.9992643896188259
11.884591785129816,0.9996697956923373
13.351736844955687,0.9998590999602245
15.0,0.9999428767020558
