SA(1.0s) [g],Loss_ratio
0.05000000000000001,2.4044724811211893e-07
0.056172467201025755,6.721365846507066e-07
0.06310692142900626,1.7883692323472645e-06
0.07089742948257126,4.530140922798242e-06
0.07964967064493539,1.0927684193395848e-05
0.08948237023750269,2.510907990753153e-05
0.10052891014472326,5.4975039751176134e-05
0.11293913815718663,0.000114737482163918
0.1268814006769336,0.00022837969349553402
0.14254482635890514,0.00043378433121351033
0.16014189166643014,0.0007867992961146097
0.17991130314285533,0.001363995377421945
0.2021212354977168,0.0022625861421209648
0.2270729694325259,0.0035962972759560176
0.2551049785537617,0.005487183308472094
0.28659752081259104,0.00805546594744494
0.3219777967548112,0.011411858300401995
0.36172574455336326,0.01565849095387733
0.4063805504338082,0.020904275193380534
0.45654796280755766,0.027297601478162483
0.5129085093300529,0.035073982613581835
0.5762267283493882,0.044610063811167576
0.6473615399712076,0.056470417743765614
0.7272778974247632,0.07143148496497115
0.8170598767824696,0.090468548034269
0.9179253825967483,0.11469616184508696
1.0312426689380967,0.1452589176841581
1.1585488999444697,0.18317715963662792
1.3015710016583038,0.2291614220993551
1.4622490880091454,0.2834199596298378
1.6427627787184707,0.34549425181720245
1.8455607661325835,0.4141637974435519
2.0733940320616497,0.48745845864678694
2.329353165215711,0.5628002233361331
2.6169102854537,0.6372675852761962
2.9399661435534976,0.7079422026872455
3.3029030354176987,0.7722707923832149
3.710644248503383,0.8283663513694961
4.168720846874621,0.8751866473173406
4.683346700825936,0.9125604370449132
5.261502778863538,0.9410716159294044
5.911031845476362,0.9618447202492119
6.64074484928479,0.9762917643983774
7.4605404447366075,0.9858775296003343
8.381539268677866,0.9919427373772189
9.416234793278331,0.9956008402993508
10.578662801651687,0.9977031410797431
11.884591785129816,0.9988539817855576
13.351736844955687,0.9994538885039681
15.0,0.9997515892329499
