SA(1.0s) [g],Loss_ratio
0.05000000000000001,7.21023448877478e-06
0.056172467201025755,2.035248188032579e-05
0.06310692142900626,5.364530658913958e-05
0.07089742948257126,0.00013223296725032308
0.07964967064493539,0.0003053956283713744
0.08948237023750269,0.0006624284436011042
0.10052891014472326,0.001353526694823798
0.11293913815718663,0.0026148209922365554
0.1268814006769336,0.004796997764637401
0.14254482635890514,0.008399033517524468
0.16014189166643014,0.014111326812670867
0.17991130314285533,0.022871957509081324
0.2021212354977168,0.0359304783340931
0.2270729694325259,0.05489306936817427
0.2551049785537617,0.08169711264685184
0.28659752081259104,0.11844879227326369
0.3219777967548112,0.1670751956216477
0.36172574455336326,0.22880436597835224
0.4063805504338082,0.30358077953230744
0.45654796280755766,0.38960937455363615
0.5129085093300529,0.48324404487268835
0.5762267283493882,0.5793590614513768
0.6473615399712076,0.6721756817404149
0.7272778974247632,0.7563293178742794
0.8170598767824696,0.8278493409392008
0.9179253825967483,0.8847487876652804
1.0312426689380967,0.9270766337970489
1.1585488999444697,0.9564915209533617
1.3015710016583038,0.9755713308989761
1.4622490880091454,0.9871147972580108
1.6427627787184707,0.9936248040042106
1.8455607661325835,0.9970451426567415
2.0733940320616497,0.9987184883252405
2.329353165215711,0.9994804632300707
2.6169102854537,0.9998032857636466
2.9399661435534976,0.9999304903165855
3.3029030354176987,0.9999770940131099
3.710644248503383,0.999992964649984
4.168720846874621,0.9999979870895996
4.683346700825936,0.9999994637582281
5.261502778863538,0.9999998670424923
5.911031845476362,0.9999999693295604
6.64074484928479,0.9999999934198043
7.4605404447366075,0.9999999986873714
8.381539268677866,0.9999999997566028
9.416234793278331,0.9999999999580571
10.578662801651687,0.9999999999932845
11.884591785129816,0.9999999999990011
13.351736844955687,0.999999999999862
15.0,0.9999999999999822
