SA(1.0s) [g],Loss_ratio
0.05000000000000001,3.1264009904768965e-05
0.056172467201025755,5.075607867764398e-05
0.06310692142900626,8.108862066165679e-05
0.07089742948257126,0.00012752290870174376
0.07964967064493539,0.00019747598135118062
0.08948237023750269,0.0003012265970234962
0.10052891014472326,0.00045278762982549077
0.11293913815718663,0.0006709667778527774
0.1268814006769336,0.0009806378901862033
0.14254482635890514,0.0014142456732907538
0.16014189166643014,0.002013566313912957
0.17991130314285533,0.002831743959586441
0.2021212354977168,0.003935615044215113
0.2270729694325259,0.005408314815681392
0.2551049785537617,0.0073521278539576745
0.28659752081259104,0.00989149163275288
0.3219777967548112,0.013175985671399215
0.36172574455336326,0.017383038638656208
0.4063805504338082,0.0227199678796092
0.45654796280755766,0.0294248438180362
0.5129085093300529,0.037765567275879645
0.5762267283493882,0.04803648955649679
0.6473615399712076,0.06055192507478616
0.7272778974247632,0.0756360337994453
0.8170598767824696,0.09360880530984059
0.9179253825967483,0.11476825976884643
1.0312426689380967,0.139369471683915
1.1585488999444697,0.16760157155094993
1.3015710016583038,0.1995644157485024
1.4622490880091454,0.23524704780751832
1.6427627787184707,0.2745103134867363
1.8455607661325835,0.31707596168311514
2.0733940320616497,0.36252421889868136
2.329353165215711,0.41030116846858933
2.6169102854537,0.4597363513149444
2.9399661435534976,0.5100699365029255
3.3029030354176987,0.5604877275351898
3.710644248503383,0.6101613288140921
4.168720846874621,0.6582901386882993
4.683346700825936,0.7041415656659097
5.261502778863538,0.7470860295371702
5.911031845476362,0.7866238888037852
6.64074484928479,0.8224023453193703
7.4605404447366075,0.8542214828682244
8.381539268677866,0.8820297401629723
9.416234793278331,0.9059101449593902
10.578662801651687,0.9260594178602498
11.884591785129816,0.9427625124759819
13.351736844955687,0.9563652694104254
15.0,0.9672476550801613
