SA(1.0s) [g],Loss_ratio
0.05000000000000001,4.62096637621201e-08
0.056172467201025755,1.776238707507094e-07
0.06310692142900626,6.336305338250359e-07
0.07089742948257126,2.0983752343939345e-06
0.07964967064493539,6.453778578985325e-06
0.08948237023750269,1.844304482590542e-05
0.10052891014472326,4.899864151546862e-05
0.11293913815718663,0.00012110656899830819
0.1268814006769336,0.00027871168791132047
0.14254482635890514,0.0005978825452419013
0.16014189166643014,0.001197163817157265
0.17991130314285533,0.002241602161511941
0.2021212354977168,0.003934415290293648
0.2270729694325259,0.006494202448908459
0.2551049785537617,0.010124785212917703
0.28659752081259104,0.014995987895586182
0.3219777967548112,0.02125953432958275
0.36172574455336326,0.02911717395058873
0.4063805504338082,0.03893681749700596
0.45654796280755766,0.05138541884373678
0.5129085093300529,0.06752903517770709
0.5762267283493882,0.08885096680952459
0.6473615399712076,0.11715579370478829
0.7272778974247632,0.15434897399307615
0.8170598767824696,0.20210066243747707
0.9179253825967483,0.2614239460797871
1.0312426689380967,0.3322334791347323
1.1585488999444697,0.4129984473432293
1.3015710016583038,0.5006353567730228
1.4622490880091454,0.5907600293780743
1.6427627787184707,0.6783157034061612
1.8455607661325835,0.7584468868744367
2.0733940320616497,0.8273700005915131
2.329353165215711,0.8829724996607954
2.6169102854537,0.9249710544280422
2.9399661435534976,0.9546282944740693
3.3029030354176987,0.9741812178196589
3.710644248503383,0.9862031427859909
4.168720846874621,0.9930892390209097
4.683346700825936,0.9967605060431424
5.261502778863538,0.9985808614872416
5.911031845476362,0.9994197217074776
6.64074484928479,0.9997787681600709
7.4605404447366075,0.9999214303461702
8.381539268677866,0.9999740278959787
9.416234793278331,0.9999920145357023
10.578662801651687,0.9999977177135202
11.884591785129816,0.9999993939778199
13.351736844955687,0.9999998505633256
15.0,0.9999999657938294
