SA(1.0s) [g],Loss_ratio
0.05000000000000001,1.886112932503181e-10
0.056172467201025755,1.1904278507390844e-09
0.06310692142900626,6.808763691745768e-09
0.07089742948257126,3.5301714057522916e-08
0.07964967064493539,1.6597370651183495e-07
0.08948237023750269,7.079098301276954e-07
0.10052891014472326,2.7404516868112514e-06
0.11293913815718663,9.634314552625645e-06
0.1268814006769336,3.078015915012333e-05
0.14254482635890514,8.94395882428567e-05
0.16014189166643014,0.00023660991174465076
0.17991130314285533,0.0005705811650969616
0.2021212354977168,0.001256194407213901
0.2270729694325259,0.002529953420277226
0.2551049785537617,0.0046731683566492935
0.28659752081259104,0.007944486491059718
0.3219777967548112,0.012489788558662037
0.36172574455336326,0.018280572764721583
0.4063805504338082,0.025145261888081086
0.45654796280755766,0.032927638712428604
0.5129085093300529,0.04173776370499476
0.5762267283493882,0.052194808383306465
0.6473615399712076,0.06554995527566743
0.7272778974247632,0.08363715260974816
0.8170598767824696,0.10868626815357268
0.9179253825967483,0.14307098604065874
1.0312426689380967,0.18901439712127907
1.1585488999444697,0.24819190177895423
1.3015710016583038,0.32116860479805875
1.4622490880091454,0.4067504786203486
1.6427627787184707,0.5015334695511526
1.8455607661325835,0.60001470702328
2.0733940320616497,0.6954540619928119
2.329353165215711,0.7813048156148317
2.6169102854537,0.8526991020699951
2.9399661435534976,0.9074044485971776
3.3029030354176987,0.9459164785625878
3.710644248503383,0.9707635980892929
4.168720846874621,0.9854229146556654
4.683346700825936,0.9933164924934024
5.261502778863538,0.9971893667092177
5.911031845476362,0.9989182873104848
6.64074484928479,0.9996197100656754
7.4605404447366075,0.9998780652972121
8.381539268677866,0.9999643898589581
9.416234793278331,0.9999905382410101
10.578662801651687,0.9999977148283913
11.884591785129816,0.9999994987233053
13.351736844955687,0.9999999001918753
15.0,0.9999999819720079
