SA(0.6s) [g],Loss_ratio
0.05000000000000001,8.331739629885427e-08
0.056172467201025755,2.690781070568971e-07
0.06310692142900626,8.193303705217314e-07
0.07089742948257126,2.352887165052442e-06
0.07964967064493539,6.374575871437305e-06
0.08948237023750269,1.629995577123178e-05
0.10052891014472326,3.935700910183138e-05
0.11293913815718663,8.978928673045728e-05
0.1268814006769336,0.00019369864687614481
0.14254482635890514,0.00039550244992613833
0.16014189166643014,0.0007652964530296292
0.17991130314285533,0.001405591812041529
0.2021212354977168,0.0024554403107179042
0.2270729694325259,0.004090613715368746
0.2551049785537617,0.006520815010747007
0.28659752081259104,0.00998860309281739
0.3219777967548112,0.014778246857948736
0.36172574455336326,0.021243466548942474
0.4063805504338082,0.029858472975946435
0.45654796280755766,0.041286226077047475
0.5129085093300529,0.05644380871165479
0.5762267283493882,0.07653246313767305
0.6473615399712076,0.10299538513044419
0.7272778974247632,0.13737459839444854
0.8170598767824696,0.18106054475006556
0.9179253825967483,0.23496141958878028
1.0312426689380967,0.29915597653678
1.1585488999444697,0.37262139842474207
1.3015710016583038,0.45313287111857375
1.4622490880091454,0.5374033870886026
1.6427627787184707,0.6214718213194903
1.8455607661325835,0.7012708880401298
2.0733940320616497,0.7732428076728053
2.329353165215711,0.8348477951342418
2.6169102854537,0.8848417119951755
2.9399661435534976,0.9232732350467269
3.3029030354176987,0.9512370786472405
3.710644248503383,0.9704837426212012
4.168720846874621,0.9830067341833941
4.683346700825936,0.9907056273895887
5.261502778863538,0.9951756962087484
5.911031845476362,0.9976258032615131
6.64074484928479,0.9988931002994896
7.4605404447366075,0.9995114696848978
8.381539268677866,0.9997960217630802
9.416234793278331,0.9999194744765911
10.578662801651687,0.999969958866489
11.884591785129816,0.9999894140008778
13.351736844955687,0.99999647790334
15.0,0.9999988939758361
