SA(1.0s) [g],Loss_ratio
0.05000000000000001,4.361059824181668e-06
0.056172467201025755,1.0092755421003963e-05
0.06310692142900626,2.2364224735993424e-05
0.07089742948257126,4.746655473787942e-05
0.07964967064493539,9.654038478013605e-05
0.08948237023750269,0.00018826041635980895
0.10052891014472326,0.00035223639017793463
0.11293913815718663,0.0006328509367873159
0.1268814006769336,0.0010929900402105008
0.14254482635890514,0.001816959967773646
0.16014189166643014,0.002912010161824136
0.17991130314285533,0.004508455973343917
0.2021212354977168,0.006759433555373101
0.2270729694325259,0.009842573409731964
0.2551049785537617,0.013966805751892986
0.28659752081259104,0.01938739788579483
0.3219777967548112,0.02643057664764007
0.36172574455336326,0.035525580799657785
0.4063805504338082,0.047237304762638634
0.45654796280755766,0.06228812331885384
0.5129085093300529,0.08155470927115724
0.5762267283493882,0.10602625306783867
0.6473615399712076,0.13671543288657434
0.7272778974247632,0.1745227342820131
0.8170598767824696,0.22006703262382948
0.9179253825967483,0.2735082279062961
1.0312426689380967,0.33439763494737074
1.1585488999444697,0.40159490866892666
1.3015710016583038,0.47328351944588964
1.4622490880091454,0.5470995699248375
1.6427627787184707,0.6203639725981577
1.8455607661325835,0.6903820478375087
2.0733940320616497,0.7547555256348149
2.329353165215711,0.8116465399884897
2.6169102854537,0.8599440742456704
2.9399661435534976,0.8993074073578174
3.3029030354176987,0.9300907482438442
3.710644248503383,0.9531791331384097
4.168720846874621,0.9697805055015393
4.683346700825936,0.9812199374533767
5.261502778863538,0.9887713547562835
5.911031845476362,0.9935453670471692
6.64074484928479,0.9964350446872848
7.4605404447366075,0.9981092804529624
8.381539268677866,0.9990375740198627
9.416234793278331,0.9995300265150502
10.578662801651687,0.9997799287695743
11.884591785129816,0.9999012191832942
13.351736844955687,0.9999575133479668
15.0,0.9999824947591976
