SA(1.0s) [g],Loss_ratio
0.05000000000000001,4.343008715779196e-06
0.056172467201025755,8.478597672556543e-06
0.06310692142900626,1.611688551206303e-05
0.07089742948257126,2.983864235303613e-05
0.07964967064493539,5.382135800686139e-05
0.08948237023750269,9.461674611054294e-05
0.10052891014472326,0.00016218348013665175
0.11293913815718663,0.00027120012306952043
0.1268814006769336,0.00044266385432303884
0.14254482635890514,0.0007057604344307078
0.16014189166643014,0.0010999792871938974
0.17991130314285533,0.001677456485610562
0.2021212354977168,0.0025055679777233886
0.2270729694325259,0.0036698675655711943
0.2551049785537617,0.005277555370219356
0.28659752081259104,0.0074617382587370005
0.3219777967548112,0.010386748901138432
0.36172574455336326,0.014254658571663652
0.4063805504338082,0.019312792809409896
0.45654796280755766,0.025861516595844212
0.5129085093300529,0.03426083830197406
0.5762267283493882,0.0449336125837147
0.6473615399712076,0.0583625045653471
0.7272778974247632,0.07507766359303417
0.8170598767824696,0.09563248861590048
0.9179253825967483,0.12056610739752606
1.0312426689380967,0.15035323393801964
1.1585488999444697,0.18534469222689992
1.3015710016583038,0.22570465799467065
1.4622490880091454,0.27135296898983946
1.6427627787184707,0.3219220431163194
1.8455607661325835,0.3767375006954844
2.0733940320616497,0.43482928079834404
2.329353165215711,0.4949760498728151
2.6169102854537,0.5557806349185701
2.9399661435534976,0.6157690221690022
3.3029030354176987,0.6735012272912156
3.710644248503383,0.7276800123909692
4.168720846874621,0.7772435596010472
4.683346700825936,0.8214308235528837
5.261502778863538,0.8598128250449673
5.911031845476362,0.8922886419176749
6.64074484928479,0.9190501575562047
7.4605404447366075,0.9405237206829872
8.381539268677866,0.9572990905935
9.416234793278331,0.9700562107023974
10.578662801651687,0.9794987551023921
11.884591785129816,0.9863006396835646
13.351736844955687,0.9910685207181994
15.0,0.9943203912388855
