SA(1.0s) [g],Loss_ratio
0.05000000000000001,5.2047611381728086e-05
0.056172467201025755,8.696846430331086e-05
0.06310692142900626,0.00014261168376593082
0.07089742948257126,0.00022959901055410458
0.07964967064493539,0.0003630903502089833
0.08948237023750269,0.0005643078429340809
0.10052891014472326,0.000862419757472599
0.11293913815718663,0.0012968287141848333
0.1268814006769336,0.001919906471420646
0.14254482635890514,0.002800210369237549
0.16014189166643014,0.0040261985284752
0.17991130314285533,0.005710422783197339
0.2021212354977168,0.007994108343872175
0.2270729694325259,0.011051915654251915
0.2551049785537617,0.01509651556675709
0.28659752081259104,0.02038239685162055
0.3219777967548112,0.02720808449984572
0.36172574455336326,0.03591571804547778
0.4063805504338082,0.04688678128629209
0.45654796280755766,0.0605327621687614
0.5129085093300529,0.0772797280687161
0.5762267283493882,0.09754628124816854
0.6473615399712076,0.1217151238085678
0.7272778974247632,0.15009946191561702
0.8170598767824696,0.18290659659827968
0.9179253825967483,0.2202021015020758
1.0312426689380967,0.26187875800720806
1.1585488999444697,0.30763469137401517
1.3015710016583038,0.356964769891851
1.4622490880091454,0.40916823741396563
1.6427627787184707,0.4633738275241472
1.8455607661325835,0.5185814721263369
2.0733940320616497,0.5737174943571705
2.329353165215711,0.6276982413118682
2.6169102854537,0.679495815939391
2.9399661435534976,0.7281991573962103
3.3029030354176987,0.7730642844576581
3.710644248503383,0.813548965923424
4.168720846874621,0.8493291617189731
4.683346700825936,0.8802969273196206
5.261502778863538,0.9065417001791819
5.911031845476362,0.9283186471744336
6.64074484928479,0.9460088167899868
7.4605404447366075,0.9600761258141461
8.381539268677866,0.9710257804086492
9.416234793278331,0.9793677622798888
10.578662801651687,0.9855877419877253
11.884591785129816,0.9901264599311058
13.351736844955687,0.9933674477805094
15.0,0.9956320855991835
