SA(0.6s) [g],Loss_ratio
0.05000000000000001,1.3067028159507998e-08
0.056172467201025755,5.184915624067976e-08
0.06310692142900626,1.9172821084101343e-07
0.07089742948257126,6.610029765208303e-07
0.07964967064493539,2.1258489918851706e-06
0.08948237023750269,6.382185378195349e-06
0.10052891014472326,1.7901339398657125e-05
0.11293913815718663,4.696217216286769e-05
0.1268814006769336,0.0001153847598587221
0.14254482635890514,0.0002659712098649625
0.16014189166643014,0.0005764363538454276
0.17991130314285533,0.0011778274885405726
0.2021212354977168,0.0022765910483739105
0.2270729694325259,0.00417944183169754
0.2551049785537617,0.00732183662357499
0.28659752081259104,0.012303634190235418
0.3219777967548112,0.019936514977657447
0.36172574455336326,0.031302166145991885
0.4063805504338082,0.047804684483947174
0.45654796280755766,0.07117778861752734
0.5129085093300529,0.10338894607514382
0.5762267283493882,0.14638627425783024
0.6473615399712076,0.201674451762024
0.7272778974247632,0.26978108889714797
0.8170598767824696,0.3497593215272294
0.9179253825967483,0.4389214963071415
1.0312426689380967,0.5329708187508426
1.1585488999444697,0.626581681369424
1.3015710016583038,0.7143125475946241
1.4622490880091454,0.7915933560480936
1.6427627787184707,0.8554868336720147
1.8455607661325835,0.9050070909118726
2.0733940320616497,0.9409494550063083
2.329353165215711,0.9653582697437882
2.6169102854537,0.9808561576861063
2.9399661435534976,0.9900499529750977
3.3029030354176987,0.9951427758127195
3.710644248503383,0.9977756949842082
4.168720846874621,0.9990454799744136
4.683346700825936,0.9996165067411577
5.261502778863538,0.9998558686749872
5.911031845476362,0.9999493621851743
6.64074484928479,0.9999833799642406
7.4605404447366075,0.9999949068590573
8.381539268677866,0.9999985434669597
9.416234793278331,0.999999611452191
10.578662801651687,0.9999999033530643
11.884591785129816,0.9999999775921534
13.351736844955687,0.9999999951588769
15.0,0.9999999990256694
