SA(0.6s) [g],Loss_ratio
0.05000000000000001,3.0222715098338075e-07
0.056172467201025755,9.65158582050263e-07
0.06310692142900626,2.8934769600752476e-06
0.07089742948257126,8.148740594354777e-06
0.07964967064493539,2.1576152357327683e-05
0.08948237023750269,5.376808011147705e-05
0.10052891014472326,0.0001262727155866783
0.11293913815718663,0.00027992235545158396
0.1268814006769336,0.0005869341523590255
0.14254482635890514,0.0011669399876432398
0.16014189166643014,0.0022066126812266165
0.17991130314285533,0.003982613771594224
0.2021212354977168,0.006888602361736218
0.2270729694325259,0.011468551221335993
0.2551049785537617,0.018458674851907945
0.28659752081259104,0.02883584958192286
0.3219777967548112,0.043859318227408725
0.36172574455336326,0.06507636885013773
0.4063805504338082,0.09424906930625716
0.45654796280755766,0.13316004528299802
0.5129085093300529,0.18328139968596363
0.5762267283493882,0.24534311616475313
0.6473615399712076,0.3189006744814328
0.7272778974247632,0.40204691808586973
0.8170598767824696,0.4914091355202168
0.9179253825967483,0.5825039732608455
1.0312426689380967,0.6704062840367877
1.1585488999444697,0.7505693145091322
1.3015710016583038,0.8195681053281959
1.4622490880091454,0.8755600030551989
1.6427627787184707,0.9183579435364828
1.8455607661325835,0.9491466011878422
2.0733940320616497,0.969978636576306
2.329353165215711,0.9832277347122491
2.6169102854537,0.9911441069291882
2.9399661435534976,0.9955858033995538
3.3029030354176987,0.9979250378889972
3.710644248503383,0.99908098800106
4.168720846874621,0.9996167839955465
4.683346700825936,0.9998496595063292
5.261502778863538,0.9999445436967551
5.911031845476362,0.9999807765605686
6.64074484928479,0.9999937409955028
7.4605404447366075,0.9999980866910172
8.381539268677866,0.9999994510882921
9.416234793278331,0.9999998522569443
10.578662801651687,0.999999962703827
11.884591785129816,0.9999999911721804
13.351736844955687,0.999999998041307
15.0,0.999999999592708
