SA(0.6s) [g],Loss_ratio
0.05000000000000001,6.265217233902832e-10
0.056172467201025755,2.5535328129766556e-09
0.06310692142900626,9.795104238818909e-09
0.07089742948257126,3.536766746137232e-08
0.07964967064493539,1.2022905150899098e-07
0.08948237023750269,3.8486101771040283e-07
0.10052891014472326,1.1603460326470305e-06
0.11293913815718663,3.2958830041396328e-06
0.1268814006769336,8.822366620225841e-06
0.14254482635890514,2.2262620907703702e-05
0.16014189166643014,5.29809052658814e-05
0.17991130314285533,0.00011896517951994201
0.2021212354977168,0.0002521873335663893
0.2270729694325259,0.0005050411178947167
0.2551049785537617,0.0009563022300521862
0.28659752081259104,0.0017138929787374857
0.3219777967548112,0.0029111803133892115
0.36172574455336326,0.004694543365031257
0.4063805504338082,0.007203157305841529
0.45654796280755766,0.010546939247202942
0.5129085093300529,0.014793476514398525
0.5762267283493882,0.01997655147169478
0.6473615399712076,0.026135091947263583
0.7272778974247632,0.03338184833815045
0.8170598767824696,0.04198892984631764
0.9179253825967483,0.052467798334415505
1.0312426689380967,0.06561894455367248
1.1585488999444697,0.08253204383857457
1.3015710016583038,0.10452723843423667
1.4622490880091454,0.13303685251365138
1.6427627787184707,0.1694315771895261
1.8455607661325835,0.2147988225424884
2.0733940320616497,0.26969007618728635
2.329353165215711,0.33387265468926736
2.6169102854537,0.40614417418833354
2.9399661435534976,0.48428098979937634
3.3029030354176987,0.5651786541280573
3.710644248503383,0.6451971883874037
4.168720846874621,0.7206585951828517
4.683346700825936,0.7883853483017378
5.261502778863538,0.8461447954160148
5.911031845476362,0.8928892967519998
6.64074484928479,0.9287464963396556
7.4605404447366075,0.954791058959095
8.381539268677866,0.972687268434203
9.416234793278331,0.9843113898759102
10.578662801651687,0.9914432570466014
11.884591785129816,0.9955738449370842
13.351736844955687,0.9978308717136883
15.0,0.9989938058291211
