SA(1.0s) [g],Loss_ratio
0.05000000000000001,2.253425351712579e-05
0.056172467201025755,3.943964942738631e-05
0.06310692142900626,6.76471119083033e-05
0.07089742948257126,0.00011375454749470437
0.07964967064493539,0.00018762326508530713
0.08948237023750269,0.0003036801920278665
0.10052891014472326,0.00048260220184961347
0.11293913815718663,0.0007534469944855516
0.1268814006769336,0.0011562931565369972
0.14254482635890514,0.0017454454406471253
0.16014189166643014,0.0025932460886770314
0.17991130314285533,0.0037945022736448116
0.2021212354977168,0.005471483083121216
0.2270729694325259,0.0077793440329566145
0.2551049785537617,0.01091169049315165
0.28659752081259104,0.015105787071798753
0.3219777967548112,0.020646664395299424
0.36172574455336326,0.027869094688868837
0.4063805504338082,0.03715615521288267
0.45654796280755766,0.048932950457824295
0.5129085093300529,0.06365411154334055
0.5762267283493882,0.08178402202571405
0.6473615399712076,0.10376939024124474
0.7272778974247632,0.13000479699444223
0.8170598767824696,0.16079310943898265
0.9179253825967483,0.19630399381977998
1.0312426689380967,0.23653493423547609
1.1585488999444697,0.28127989181374763
1.3015710016583038,0.33011076661272454
1.4622490880091454,0.38237599697012786
1.6427627787184707,0.4372189449508601
1.8455607661325835,0.4936163506796968
2.0733940320616497,0.5504344395009919
2.329353165215711,0.606497691007739
2.6169102854537,0.660663302799246
2.9399661435534976,0.7118933918342462
3.3029030354176987,0.7593171816250591
3.710644248503383,0.8022768031080885
4.168720846874621,0.840352641139101
4.683346700825936,0.8733669648415817
5.261502778863538,0.9013673885611422
5.911031845476362,0.924594052537461
6.64074484928479,0.9434359466990632
7.4605404447366075,0.9583823702208376
8.381539268677866,0.9699751624081702
9.416234793278331,0.9787662575824916
10.578662801651687,0.9852836054594669
11.884591785129816,0.9900068781781884
13.351736844955687,0.993352929962578
15.0,0.9956698711374383
