SA(1.0s) [g],Loss_ratio
0.05000000000000001,5.437105053684999e-07
0.056172467201025755,1.979759596032471e-06
0.06310692142900626,6.621999927675093e-06
0.07089742948257126,2.0361401319979324e-05
0.07964967064493539,5.760511002195212e-05
0.08948237023750269,0.00015012611627370222
0.10052891014472326,0.0003609586468502957
0.11293913815718663,0.000802315980562729
0.1268814006769336,0.0016530981595165527
0.14254482635890514,0.0031688196019158126
0.16014189166643014,0.005678696603173113
0.17991130314285533,0.009574340159328336
0.2021212354977168,0.015309482424123673
0.2270729694325259,0.02343971123710839
0.2551049785537617,0.03472142355900931
0.28659752081259104,0.050254913087550285
0.3219777967548112,0.0716099191820611
0.36172574455336326,0.10083832386382846
0.4063805504338082,0.14028084424653053
0.45654796280755766,0.19212124231326144
0.5129085093300529,0.25772771410030787
0.5762267283493882,0.33693044041547815
0.6473615399712076,0.42748178911856316
0.7272778974247632,0.5249723161965437
0.8170598767824696,0.6233738438178571
0.9179253825967483,0.7161507139308068
1.0312426689380967,0.797617009359292
1.1585488999444697,0.8640726688621354
1.3015710016583038,0.9143284126351479
1.4622490880091454,0.949497215160183
1.6427627787184707,0.9722363672339447
1.8455607661325835,0.9858023403251072
2.0733940320616497,0.9932612753795814
2.329353165215711,0.9970370360648044
2.6169102854537,0.998795129328336
2.9399661435534976,0.9995475254706072
3.3029030354176987,0.9998432722378442
3.710644248503383,0.9999499818450732
4.168720846874621,0.9999853061701083
4.683346700825936,0.9999960297397075
5.261502778863538,0.9999990139963782
5.911031845476362,0.9999997750666468
6.64074484928479,0.999999952889158
7.4605404447366075,0.9999999909450522
8.381539268677866,0.9999999984034529
9.416234793278331,0.9999999997418553
10.578662801651687,0.9999999999617347
11.884591785129816,0.9999999999948013
13.351736844955687,0.9999999999993527
15.0,0.9999999999999262
