SA(1.0s) [g],Loss_ratio
0.05000000000000001,7.215697521323339e-06
0.056172467201025755,1.4721343014068023e-05
0.06310692142900626,2.908412040069086e-05
0.07089742948257126,5.56642890700787e-05
0.07964967064493539,0.00010325586718853974
0.08948237023750269,0.00018574358002675375
0.10052891014472326,0.00032423751359978993
0.11293913815718663,0.0005496750535695928
0.1268814006769336,0.000905830230411242
0.14254482635890514,0.0014526462130680876
0.16014189166643014,0.0022698397993790092
0.17991130314285533,0.003460841260428277
0.2021212354977168,0.005157322935560011
0.2270729694325259,0.007524778865491944
0.2551049785537617,0.010769729177737015
0.28659752081259104,0.015148977083430944
0.3219777967548112,0.020980787997994306
0.36172574455336326,0.028656813461243734
0.4063805504338082,0.038652130404938874
0.45654796280755766,0.051529203533892634
0.5129085093300529,0.06793040121716774
0.5762267283493882,0.08855350725987071
0.6473615399712076,0.11410601170558657
0.7272778974247632,0.14523709396486373
0.8170598767824696,0.18245092018750197
0.9179253825967483,0.22601038705649423
1.0312426689380967,0.2758454818446919
1.1585488999444697,0.33148348060514227
1.3015710016583038,0.3920179356432682
1.4622490880091454,0.45612911658286903
1.6427627787184707,0.5221605830363344
1.8455607661325835,0.5882463130977957
2.0733940320616497,0.6524725847011743
2.329353165215711,0.7130511740305637
2.6169102854537,0.7684774764033206
2.9399661435534976,0.8176497855674565
3.3029030354176987,0.8599336024230374
3.710644248503383,0.8951655486207305
4.168720846874621,0.923602543488411
4.683346700825936,0.9458307438853965
5.261502778863538,0.9626535532559398
5.911031845476362,0.9749782425134051
6.64074484928479,0.9837170973090111
7.4605404447366075,0.9897130637025296
8.381539268677866,0.9936934141197247
9.416234793278331,0.9962495137091463
10.578662801651687,0.9978372209439803
11.884591785129816,0.9987909950814782
13.351736844955687,0.9993450507294844
15.0,0.99965625663234
