SA(1.0s) [g],Loss_ratio
0.05000000000000001,6.159965835361714e-07
0.056172467201025755,1.8232268577722534e-06
0.06310692142900626,5.081018930469528e-06
0.07089742948257126,1.333694582096867e-05
0.07964967064493539,3.298620944068853e-05
0.08948237023750269,7.691103959971967e-05
0.10052891014472326,0.000169153202055361
0.11293913815718663,0.00035117347594487144
0.1268814006769336,0.0006888227167558493
0.14254482635890514,0.0012780248837085007
0.16014189166643014,0.0022462857366862044
0.17991130314285533,0.003747403238927627
0.2021212354977168,0.005949060414150154
0.2270729694325259,0.00901745318116679
0.2551049785537617,0.013108389144891125
0.28659752081259104,0.018377543285039804
0.3219777967548112,0.025020586390465834
0.36172574455336326,0.03334516429512559
0.4063805504338082,0.043862890616679175
0.45654796280755766,0.057375412070238524
0.5129085093300529,0.07501993664556696
0.5762267283493882,0.09824020943687578
0.6473615399712076,0.12865933511341238
0.7272778974247632,0.1678493665012415
0.8170598767824696,0.21701715934317506
0.9179253825967483,0.276654446554645
1.0312426689380967,0.34622753941647366
1.1585488999444697,0.4239983130801206
1.3015710016583038,0.5070594444469974
1.4622490880091454,0.5916240629812363
1.6427627787184707,0.6735384949946328
1.8455607661325835,0.7489103063389707
2.0733940320616497,0.8146957101279456
2.329353165215711,0.8690958894346846
2.6169102854537,0.9116723557874474
2.9399661435534976,0.9431821144452338
3.3029030354176987,0.9652156588752958
3.710644248503383,0.9797631130557523
4.168720846874621,0.9888264391540456
4.683346700825936,0.9941518173989512
5.261502778863538,0.9971014309754734
5.911031845476362,0.9986408011205342
6.64074484928479,0.9993974858486965
7.4605404447366075,0.9997476959655551
8.381539268677866,0.9999002583536846
9.416234793278331,0.9999627970169934
10.578662801651687,0.9999869139477263
11.884591785129816,0.9999956611552501
13.351736844955687,0.999998644496988
15.0,0.9999996011283804
