SA(0.3s) [g],Loss_ratio
0.05000000000000001,2.0424119001605236e-08
0.056172467201025755,5.425331563446711e-08
0.06310692142900626,1.3896348858843945e-07
0.07089742948257126,3.432507447165279e-07
0.07964967064493539,8.177283684074332e-07
0.08948237023750269,1.8791025188591436e-06
0.10052891014472326,4.16582154292855e-06
0.11293913815718663,8.911157561491967e-06
0.1268814006769336,1.8396576336371373e-05
0.14254482635890514,3.666146292969353e-05
0.16014189166643014,7.054572695765482e-05
0.17991130314285533,0.0001311173583426417
0.2021212354977168,0.0002354759239888149
0.2270729694325259,0.0004088209489120476
0.2551049785537617,0.0006865435899887362
0.28659752081259104,0.0011159787230129504
0.3219777967548112,0.0017574069574673391
0.36172574455336326,0.0026840010891545085
0.4063805504338082,0.003980733216963133
0.45654796280755766,0.005742804434051896
0.5129085093300529,0.008074838671005048
0.5762267283493882,0.011092692081622186
0.6473615399712076,0.014929979493661944
0.7272778974247632,0.019751013548075475
0.8170598767824696,0.02577060253601579
0.9179253825967483,0.03327909324260192
1.0312426689380967,0.0426684932345001
1.1585488999444697,0.05445304370385608
1.3015710016583038,0.0692759719272015
1.4622490880091454,0.08789404387428776
1.6427627787184707,0.11113346574802135
1.8455607661325835,0.13981477958948438
2.0733940320616497,0.17465031025878797
2.329353165215711,0.21612456850570858
2.6169102854537,0.26437443543161493
2.9399661435534976,0.31909028339022694
3.3029030354176987,0.37945980807362517
3.710644248503383,0.44417217439126305
4.168720846874621,0.5114910871257867
4.683346700825936,0.5793929399869363
5.261502778863538,0.6457529236506259
5.911031845476362,0.7085512307168054
6.64074484928479,0.766066328796811
7.4605404447366075,0.8170243744221992
8.381539268677866,0.8606828711201014
9.416234793278331,0.8968402795752082
10.578662801651687,0.9257778395656877
11.884591785129816,0.9481516578833639
13.351736844955687,0.9648595416227692
15.0,0.9769072938001617
