SA(0.3s) [g],Loss_ratio
0.05000000000000001,1.306519881894008e-07
0.056172467201025755,3.308154679859676e-07
0.06310692142900626,8.063366544353024e-07
0.07089742948257126,1.8921800420901305e-06
0.07964967064493539,4.275480852067304e-06
0.08948237023750269,9.303627220064171e-06
0.10052891014472326,1.9500308863090732e-05
0.11293913815718663,3.9376743853392074e-05
0.1268814006769336,7.662080776020819e-05
0.14254482635890514,0.00014370653512470468
0.16014189166643014,0.00025987316501460136
0.17991130314285533,0.00045326894227203936
0.2021212354977168,0.0007628555837782326
0.2270729694325259,0.0012394750472018935
0.2551049785537617,0.0019453790132595628
0.28659752081259104,0.002951622965226963
0.3219777967548112,0.00433312339561805
0.36172574455336326,0.006161888954220457
0.4063805504338082,0.008499862404837605
0.45654796280755766,0.011393709384887275
0.5129085093300529,0.014874424745019911
0.5762267283493882,0.018964467469022986
0.6473615399712076,0.02369409440571564
0.7272778974247632,0.029126711281876775
0.8170598767824696,0.03539075116921706
0.9179253825967483,0.0427133764412747
1.0312426689380967,0.05144974524047993
1.1585488999444697,0.06210106753913876
1.3015710016583038,0.07531527558091002
1.4622490880091454,0.09186565206461565
1.6427627787184707,0.11260489607197562
1.8455607661325835,0.13839466841382297
2.0733940320616497,0.17001367054277589
2.329353165215711,0.20805092042921974
2.6169102854537,0.25279506055998285
2.9399661435534976,0.30413470555095057
3.3029030354176987,0.36148777078470723
3.710644248503383,0.42377775331518297
4.168720846874621,0.4894706323472549
4.683346700825936,0.5566770589004453
5.261502778863538,0.6233121102558933
5.911031845476362,0.6872920045574855
6.64074484928479,0.746737523090661
7.4605404447366075,0.800150685897757
8.381539268677866,0.846535900087899
9.416234793278331,0.8854483326429857
10.578662801651687,0.9169674671466401
11.884591785129816,0.9416084560342097
13.351736844955687,0.9601941786945097
15.0,0.9737147174383772
