SA(0.3s) [g],Loss_ratio
0.05000000000000001,3.25732496531117e-11
0.056172467201025755,1.710903752005777e-10
0.06310692142900626,8.359983261208015e-10
0.07089742948257126,3.800766967820834e-09
0.07964967064493539,1.6080619869018876e-08
0.08948237023750269,6.332720152713024e-08
0.10052891014472326,2.3218620513465462e-07
0.11293913815718663,7.927903759863408e-07
0.1268814006769336,2.5216841687103478e-06
0.14254482635890514,7.474609440322189e-06
0.16014189166643014,2.0655304116434795e-05
0.17991130314285533,5.323894425010578e-05
0.2021212354977168,0.00012806411939141895
0.2270729694325259,0.0002876835121776722
0.2551049785537617,0.0006039973945784094
0.28659752081259104,0.0011863082390625944
0.3219777967548112,0.002182205683193572
0.36172574455336326,0.003764684500897303
0.4063805504338082,0.00610143224940749
0.45654796280755766,0.00930936588002595
0.5129085093300529,0.013407532688040364
0.5762267283493882,0.01828953200920909
0.6473615399712076,0.023736753535495418
0.7272778974247632,0.029483020217859847
0.8170598767824696,0.03532268183529457
0.9179253825967483,0.04123604666962791
1.0312426689380967,0.04749717087304323
1.1585488999444697,0.05473391672160188
1.3015710016583038,0.06392659243432519
1.4622490880091454,0.07635172756410874
1.6427627787184707,0.09349166939739681
1.8455607661325835,0.1169302531013361
2.0733940320616497,0.14823767327093357
2.329353165215711,0.18882295565811472
2.6169102854537,0.2397202330054346
2.9399661435534976,0.3012959502353447
3.3029030354176987,0.3729211372059068
3.710644248503383,0.4527198420017454
4.168720846874621,0.5375358408636856
4.683346700825936,0.6232186614930361
5.261502778863538,0.7052198774185965
5.911031845476362,0.7793596973264152
6.64074484928479,0.842539796950623
7.4605404447366075,0.8931877808199643
8.381539268677866,0.9313188114191402
9.416234793278331,0.9582407921621134
10.578662801651687,0.9760440783653765
11.884591785129816,0.9870587659921399
13.351736844955687,0.9934280484544705
15.0,0.9968673547740672
