SA(0.3s) [g],Loss_ratio
0.05000000000000001,4.944392521816221e-06
0.056172467201025755,9.638278957568858e-06
0.06310692142900626,1.8278132297377958e-05
0.07089742948257126,3.372867251631995e-05
0.07964967064493539,6.057681414782246e-05
0.08948237023750269,0.00010591965895795363
0.10052891014472326,0.000180366323956932
0.11293913815718663,0.00029923763174603547
0.1268814006769336,0.00048391055185303955
0.14254482635890514,0.0007632173280148369
0.16014189166643014,0.0011747874928668745
0.17991130314285533,0.001766233918188415
0.2021212354977168,0.002596150313862983
0.2270729694325259,0.003735016541946107
0.2551049785537617,0.005266289944716336
0.28659752081259104,0.007288158650919941
0.3219777967548112,0.009916580829163763
0.36172574455336326,0.013290246263269644
0.4063805504338082,0.017577887665431686
0.45654796280755766,0.02298788234309989
0.5129085093300529,0.029779324258705796
0.5762267283493882,0.03827280011536927
0.6473615399712076,0.04885814809511447
0.7272778974247632,0.06199576150146087
0.8170598767824696,0.07820779436025663
0.9179253825967483,0.09805616597446051
1.0312426689380967,0.1221056710450566
1.1585488999444697,0.15087273461621592
1.3015710016583038,0.18476315338527494
1.4622490880091454,0.22400508250322854
1.6427627787184707,0.26858596167997706
1.8455607661325835,0.3182033928803153
2.0733940320616497,0.37223966267903846
2.329353165215711,0.42976739143304854
2.6169102854537,0.489589823808093
2.9399661435534976,0.5503141165524015
3.3029030354176987,0.6104505556708655
3.710644248503383,0.6685260475948602
4.168720846874621,0.723197491718071
4.683346700825936,0.7733504125295014
5.261502778863538,0.818170617466042
5.911031845476362,0.857181162908376
6.64074484928479,0.8902425871721233
7.4605404447366075,0.9175200102208038
8.381539268677866,0.9394251909584999
9.416234793278331,0.9565442118927124
10.578662801651687,0.9695618702108811
11.884591785129816,0.979192342758854
13.351736844955687,0.9861228818654048
15.0,0.9909739734205922
