SA(0.6s) [g],Loss_ratio
0.05000000000000001,1.2302211823189692e-06
0.056172467201025755,3.3936457694061505e-06
0.06310692142900626,8.853495716121263e-06
0.07089742948257126,2.1853943241983976e-05
0.07964967064493539,5.106926629608877e-05
0.08948237023750269,0.00011306078568479318
0.10052891014472326,0.0002373406821286339
0.11293913815718663,0.00047296132367462555
0.1268814006769336,0.0008959561737449329
0.14254482635890514,0.001616345557215748
0.16014189166643014,0.0027832449115813007
0.17991130314285533,0.004587428616300094
0.2021212354977168,0.0072627776864588435
0.2270729694325259,0.011090880045494517
0.2551049785537617,0.016415171565295143
0.28659752081259104,0.02367031500116527
0.3219777967548112,0.033427385944442514
0.36172574455336326,0.046445992002407024
0.4063805504338082,0.06371326661614721
0.45654796280755766,0.08644130026423733
0.5129085093300529,0.11599395931691558
0.5762267283493882,0.15372462859831826
0.6473615399712076,0.20072852226526317
0.7272778974247632,0.25754312912015287
0.8170598767824696,0.3238601497021206
0.9179253825967483,0.39833078046284226
1.0312426689380967,0.47854213700336146
1.1585488999444697,0.5612099292547168
1.3015710016583038,0.6425758321342555
1.4622490880091454,0.7189343557702317
1.6427627787184707,0.7871677244363635
1.8455607661325835,0.8451589917524182
2.0733940320616497,0.8919892396511092
2.329353165215711,0.9278910371030918
2.6169102854537,0.9540009799944966
2.9399661435534976,0.9720024647866214
3.3029030354176987,0.9837614148280691
3.710644248503383,0.9910351804802315
4.168720846874621,0.9952938807341081
4.683346700825936,0.9976529407229577
5.261502778863538,0.9988888323281011
5.911031845476362,0.9995009752569722
6.64074484928479,0.9997875398404802
7.4605404447366075,0.9999142959209337
8.381539268677866,0.9999672602060026
9.416234793278331,0.9999881612437672
10.578662801651687,0.9999959494138784
11.884591785129816,0.9999986891416899
13.351736844955687,0.9999995988742005
15.0,0.9999998839706333
