SA(0.6s) [g],Loss_ratio
0.05000000000000001,3.9560644732317136e-08
0.056172467201025755,1.4814490121306533e-07
0.06310692142900626,5.168040246528171e-07
0.07089742948257126,1.6799967455183308e-06
0.07964967064493539,5.090747036001764e-06
0.08948237023750269,1.4385202021355293e-05
0.10052891014472326,3.792377750225229e-05
0.11293913815718663,9.332629377045709e-05
0.1268814006769336,0.00021452299889982985
0.14254482635890514,0.0004609556679695759
0.16014189166643014,0.000926771661738679
0.17991130314285533,0.0017455278909926876
0.2021212354977168,0.0030843818604030463
0.2270729694325259,0.00512305926671931
0.2551049785537617,0.00801866988038948
0.28659752081259104,0.011867010474985612
0.3219777967548112,0.016680191414694904
0.36172574455336326,0.022402805628987565
0.4063805504338082,0.028979547783855742
0.45654796280755766,0.03646732777387011
0.5129085093300529,0.04516305380544794
0.5762267283493882,0.05570633355844274
0.6473615399712076,0.06912187341966597
0.7272778974247632,0.0867860958450466
0.8170598767824696,0.11032321388206544
0.9179253825967483,0.14144370904450565
1.0312426689380967,0.18173026064570016
1.1585488999444697,0.23236663175419348
1.3015710016583038,0.29381542255340565
1.4622490880091454,0.3654907744883657
1.6427627787184707,0.44552500571520526
1.8455607661325835,0.5307545668037539
2.0733940320616497,0.6170151021317848
2.329353165215711,0.6997356413196647
2.6169102854537,0.7746989969519045
2.9399661435534976,0.8387527604699394
3.3029030354176987,0.8902602873488545
3.710644248503383,0.929175077133684
4.168720846874621,0.9567590686304993
4.683346700825936,0.9750802369977098
5.261502778863538,0.9864701444262414
5.911031845476362,0.9930912329809091
6.64074484928479,0.9966870727717254
7.4605404447366075,0.9985101158611338
8.381539268677866,0.999372347851699
9.416234793278331,0.9997525588472257
10.578662801651687,0.9999087929555401
11.884591785129816,0.9999685908915115
13.351736844955687,0.9999899013149184
15.0,0.9999969702576991
