SA(0.6s) [g],Loss_ratio
0.05000000000000001,7.350736472289122e-08
0.056172467201025755,3.185455199117282e-07
0.06310692142900626,1.2586039272399764e-06
0.07089742948257126,4.536365779661544e-06
0.07964967064493539,1.4924545893152398e-05
0.08948237023750269,4.4854399463289955e-05
0.10052891014472326,0.00012326610587399812
0.11293913815718663,0.00031014262039024136
0.1268814006769336,0.0007156037440058605
0.14254482635890514,0.001517515455755092
0.16014189166643014,0.002966499599883316
0.17991130314285533,0.005367799908872806
0.2021212354977168,0.009041776368820432
0.2270729694325259,0.014287711166859163
0.2551049785537617,0.02139491393506035
0.28659752081259104,0.03073933317668626
0.3219777967548112,0.0429630663139099
0.36172574455336326,0.059175903384532345
0.4063805504338082,0.08107926823753098
0.45654796280755766,0.11091845700767627
0.5129085093300529,0.15120957655940243
0.5762267283493882,0.20423681400428423
0.6473615399712076,0.27136915476755846
0.7272778974247632,0.35232553779236464
0.8170598767824696,0.44462268738275373
0.9179253825967483,0.5435005113556048
1.0312426689380967,0.6425328371728917
1.1585488999444697,0.7348683140075736
1.3015710016583038,0.814726092799762
1.4622490880091454,0.8785986002821025
1.6427627787184707,0.9257234557216378
1.8455607661325835,0.9577253668821785
2.0733940320616497,0.9776904033233964
2.329353165215711,0.9891143759268194
2.6169102854537,0.9951011504541316
2.9399661435534976,0.9979709681561209
3.3029030354176987,0.9992279575617075
3.710644248503383,0.9997305564158807
4.168720846874621,0.9999138640027337
4.683346700825936,0.9999748062147558
5.261502778863538,0.9999932644994781
5.911031845476362,0.9999983554263168
6.64074484928479,0.9999996335310343
7.4605404447366075,0.9999999255163834
8.381539268677866,0.9999999861992698
9.416234793278331,0.9999999976699142
10.578662801651687,0.9999999996416491
11.884591785129816,0.999999999949815
13.351736844955687,0.9999999999936019
15.0,0.9999999999992576
