SA(0.6s) [g],Loss_ratio
0.05000000000000001,3.120987185356583e-09
0.056172467201025755,1.3524485870108904e-08
0.06310692142900626,5.446994721380883e-08
0.07089742948257126,2.0394109750410117e-07
0.07964967064493539,7.100407481197557e-07
0.08948237023750269,2.299478382422615e-06
0.10052891014472326,6.929483235962321e-06
0.11293913815718663,1.9439319498804066e-05
0.1268814006769336,5.079064391007027e-05
0.14254482635890514,0.0001236686548957422
0.16014189166643014,0.00028080502989836776
0.17991130314285533,0.0005950743908382572
0.2021212354977168,0.0011780937079300614
0.2270729694325259,0.0021814171061486087
0.2551049785537617,0.003783266308300243
0.28659752081259104,0.006156405586792096
0.3219777967548112,0.009420469828575945
0.36172574455336326,0.013592915105574106
0.4063805504338082,0.018561371799923322
0.45654796280755766,0.024100004617879426
0.5129085093300529,0.02994033689856301
0.5762267283493882,0.03588639102952065
0.6473615399712076,0.04194424054992604
0.7272778974247632,0.04842717885713078
0.8170598767824696,0.05600468322242633
0.9179253825967483,0.06568356037629232
1.0312426689380967,0.07873404118040513
1.1585488999444697,0.09658998294598821
1.3015710016583038,0.12075012241333448
1.4622490880091454,0.15268395382873187
1.6427627787184707,0.19371307011393887
1.8455607661325835,0.24482178542992988
2.0733940320616497,0.3063738490842448
2.329353165215711,0.37777707687334283
2.6169102854537,0.45721322765525496
2.9399661435534976,0.5415850965025116
3.3029030354176987,0.6267892692976949
3.710644248503383,0.7083077206297679
4.168720846874621,0.7819765637985755
4.683346700825936,0.8447047792202612
5.261502778863538,0.8949252107347495
5.911031845476362,0.9326606907243302
6.64074484928479,0.9592299975725544
7.4605404447366075,0.9767347844717917
8.381539268677866,0.9875126020048618
9.416234793278331,0.9937072060018615
10.578662801651687,0.9970274739270933
11.884591785129816,0.998685653684207
13.351736844955687,0.999456666568772
15.0,0.9997902331744594
