SA(0.3s) [g],Loss_ratio
0.05000000000000001,2.906539882585046e-05
0.056172467201025755,5.2256453036908514e-05
0.06310692142900626,9.177668526327844e-05
0.07089742948257126,0.00015753517606580946
0.07964967064493539,0.0002644398807350235
0.08948237023750269,0.00043437086293920957
0.10052891014472326,0.0006986945602180661
0.11293913815718663,0.0011013936534756464
0.1268814006769336,0.0017028850732319746
0.14254482635890514,0.0025845935822138124
0.16014189166643014,0.003854331123315402
0.17991130314285533,0.005652484453436574
0.2021212354977168,0.008158908037530433
0.2270729694325259,0.011600223920022934
0.2551049785537617,0.016256920259909324
0.28659752081259104,0.022469213951031193
0.3219777967548112,0.030640141178919146
0.36172574455336326,0.04123386002860634
0.4063805504338082,0.05476684484343536
0.45654796280755766,0.0717897116857633
0.5129085093300529,0.09285801707213594
0.5762267283493882,0.11849162476243816
0.6473615399712076,0.14912410646380314
0.7272778974247632,0.18504591712072957
0.8170598767824696,0.22634736355814805
0.9179253825967483,0.27286913674862273
1.0312426689380967,0.32416885723002453
1.1585488999444697,0.37951127784249705
1.3015710016583038,0.4378873633882356
1.4622490880091454,0.49806365844266165
1.6427627787184707,0.5586587682876142
1.8455607661325835,0.6182392837086602
2.0733940320616497,0.675424016623539
2.329353165215711,0.7289837526266892
2.6169102854537,0.7779242692115473
2.9399661435534976,0.8215430299889671
3.3029030354176987,0.8594541913582154
3.710644248503383,0.8915814668210688
4.168720846874621,0.9181230011284269
4.683346700825936,0.9394958660235617
5.261502778863538,0.9562695817120876
5.911031845476362,0.969098084926006
6.64074484928479,0.9786580792997019
7.4605404447366075,0.9855992516204956
8.381539268677866,0.9905090482899314
9.416234793278331,0.9938921462686826
10.578662801651687,0.9961628137296737
11.884591785129816,0.9976472112294257
13.351736844955687,0.9985923085045704
15.0,0.9991783200859579
