SA(0.6s) [g],Loss_ratio
0.05000000000000001,2.5357983107765493e-08
0.056172467201025755,9.649423650115452e-08
0.06310692142900626,3.4229306657973527e-07
0.07089742948257126,1.1322041705563723e-06
0.07964967064493539,3.493166230744693e-06
0.08948237023750269,1.0056371985323054e-05
0.10052891014472326,2.7025716607192998e-05
0.11293913815718663,6.783375119708834e-05
0.1268814006769336,0.00015911346226750724
0.14254482635890514,0.0003490375248104638
0.16014189166643014,0.0007166715766453281
0.17991130314285533,0.0013788547123204321
0.2021212354977168,0.0024891661760695627
0.2270729694325259,0.0042235424697941336
0.2551049785537617,0.0067509605711229105
0.28659752081259104,0.010195678637921736
0.3219777967548112,0.014607151477602455
0.36172574455336326,0.01995930710409031
0.4063805504338082,0.026196608503536507
0.45654796280755766,0.033328654082388165
0.5129085093300529,0.041553472283688615
0.5762267283493882,0.0513729741382252
0.6473615399712076,0.06366200418511833
0.7272778974247632,0.07966649492701422
0.8170598767824696,0.10092710256710724
0.9179253825967483,0.12913826508596452
1.0312426689380967,0.16595127641151125
1.1585488999444697,0.21272102505652513
1.3015710016583038,0.2701985191356751
1.4622490880091454,0.3382002471567587
1.6427627787184707,0.4153343592384986
1.8455607661325835,0.4989012545069125
2.0733940320616497,0.5850742776970468
2.329353165215711,0.6693892018870369
2.6169102854537,0.7474541051649862
2.9399661435534976,0.8156907969822815
3.3029030354176987,0.8718904024433233
3.710644248503383,0.9154283433790318
4.168720846874621,0.9471084779305058
4.683346700825936,0.9687324285901475
5.261502778863538,0.9825623956709577
5.911031845476362,0.9908419998986501
6.64074484928479,0.9954776767654032
7.4605404447366075,0.9979031068521863
8.381539268677866,0.9990881490592743
9.416234793278331,0.9996285090303121
10.578662801651687,0.9998583386520381
11.884591785129816,0.9999494773338854
13.351736844955687,0.999983159647069
15.0,0.9999947569496997
