PGA [g],Loss_ratio
0.05000000000000001,1.1110730055036156e-05
0.056172467201025755,2.102251707766234e-05
0.06310692142900626,3.867263422612788e-05
0.07089742948257126,6.917762486861046e-05
0.07964967064493539,0.00012034963925953712
0.08948237023750269,0.0002036693554587799
0.10052891014472326,0.0003353551257960497
0.11293913815718663,0.0005373953022620337
0.1268814006769336,0.0008383428649712477
0.14254482635890514,0.0012736195083079107
0.16014189166643014,0.0018850666608080991
0.17991130314285533,0.0027195414567516957
0.2021212354977168,0.003826506684909431
0.2270729694325259,0.0052548066998734716
0.2551049785537617,0.007049129517059521
0.28659752081259104,0.009246970719584973
0.3219777967548112,0.011877154466910629
0.36172574455336326,0.014961040602144744
0.4063805504338082,0.018517382436989523
0.45654796280755766,0.022571369097243495
0.5129085093300529,0.02716772255103322
0.5762267283493882,0.03238691799780331
0.6473615399712076,0.038362796106505524
0.7272778974247632,0.045299185551257753
0.8170598767824696,0.053482775749788866
0.9179253825967483,0.06328943900505138
1.0312426689380967,0.07518150327626338
1.1585488999444697,0.08969408203741525
1.3015710016583038,0.10740942404236359
1.4622490880091454,0.12891931795529693
1.6427627787184707,0.15477686375573382
1.8455607661325835,0.18544039311947552
2.0733940320616497,0.2212139204574604
2.329353165215711,0.2621900618831034
2.6169102854537,0.3082025629773333
2.9399661435534976,0.35879601919841914
3.3029030354176987,0.4132196507172546
3.710644248503383,0.4704498590146609
4.168720846874621,0.5292428046329734
4.683346700825936,0.5882138498391912
5.261502778863538,0.6459362011525638
5.911031845476362,0.7010474396700259
6.64074484928479,0.7523507386671402
7.4605404447366075,0.7988979885350083
8.381539268677866,0.8400447983447701
9.416234793278331,0.8754718779223134
10.578662801651687,0.9051726551379086
11.884591785129816,0.9294120179915077
13.351736844955687,0.948664796640225
15.0,0.9635444065406722
