SA(0.3s) [g],Loss_ratio
0.05000000000000001,2.708235308257479e-06
0.056172467201025755,6.187815858055279e-06
0.06310692142900626,1.3596146042149648e-05
0.07089742948257126,2.8741566690831943e-05
0.07964967064493539,5.8485547837211495e-05
0.08948237023750269,0.00011463171329152421
0.10052891014472326,0.00021657641924313078
0.11293913815718663,0.00039479258457079117
0.1268814006769336,0.0006951227926020044
0.14254482635890514,0.0011837694290124379
0.16014189166643014,0.0019528576049449744
0.17991130314285533,0.0031265856624887126
0.2021212354977168,0.004868298690094325
0.2270729694325259,0.007389243734546791
0.2551049785537617,0.010960055947551218
0.28659752081259104,0.015925808238254242
0.3219777967548112,0.022724336373776886
0.36172574455336326,0.03190531991991029
0.4063805504338082,0.04414448206754659
0.45654796280755766,0.06024408122063726
0.5129085093300529,0.08110894796077235
0.5762267283493882,0.10768820531908618
0.6473615399712076,0.14087763311127083
0.7272778974247632,0.18138647616798087
0.8170598767824696,0.22958390932739664
0.9179253825967483,0.285351407920463
1.0312426689380967,0.34797411889128804
1.1585488999444697,0.41610352667558387
1.3015710016583038,0.48781358725749285
1.4622490880091454,0.5607542587256527
1.6427627787184707,0.6323842119388562
1.8455607661325835,0.7002446706022373
2.0733940320616497,0.7622249737747061
2.329353165215711,0.8167714258134793
2.6169102854537,0.8630042756676608
2.9399661435534976,0.9007292487421849
3.3029030354176987,0.9303534163057849
3.710644248503383,0.9527336804012515
4.168720846874621,0.968995307275486
4.683346700825936,0.9803567385249033
5.261502778863538,0.987987601696849
5.911031845476362,0.9929136245788303
6.64074484928479,0.995969389489271
7.4605404447366075,0.9977906408095439
8.381539268677866,0.9988333858498623
9.416234793278331,0.9994068180941063
10.578662801651687,0.9997096657085158
11.884591785129816,0.9998632515069932
13.351736844955687,0.999938036355626
15.0,0.9999729959420216
