PGA [g],Loss_ratio
0.05000000000000001,3.825223024775948e-05
0.056172467201025755,6.884097914579003e-05
0.06310692142900626,0.00012045504160501098
0.07089742948257126,0.00020497552331432136
0.07964967064493539,0.00033932001292343863
0.08948237023750269,0.0005466425897658666
0.10052891014472326,0.000857374769012087
0.11293913815718663,0.0013098934655222884
0.1268814006769336,0.001950613917029548
0.14254482635890514,0.002833394496988656
0.16014189166643014,0.004018322752882014
0.17991130314285533,0.005570220110333835
0.2021212354977168,0.007557514811510846
0.2270729694325259,0.010052411306012
0.2551049785537617,0.013133426607287236
0.28659752081259104,0.01689126530514584
0.3219777967548112,0.021438590536810808
0.36172574455336326,0.026923506074436932
0.4063805504338082,0.03354556562048348
0.45654796280755766,0.0415720241778056
0.5129085093300529,0.05135106008145879
0.5762267283493882,0.06331806513991356
0.6473615399712076,0.07799104097946033
0.7272778974247632,0.09595180212104196
0.8170598767824696,0.11781112122957509
0.9179253825967483,0.14415808939581828
1.0312426689380967,0.1754966013128024
1.1585488999444697,0.21217467285979041
1.3015710016583038,0.25431479582971284
1.4622490880091454,0.3017551931981704
1.6427627787184707,0.3540121323136567
1.8455607661325835,0.41027200000467023
2.0733940320616497,0.46941855133760696
2.329353165215711,0.5300959267786944
2.6169102854537,0.5908024343861055
2.9399661435534976,0.6500047808538485
3.3029030354176987,0.706258563589289
3.710644248503383,0.7583193459784717
4.168720846874621,0.8052299733887747
4.683346700825936,0.8463737375258403
5.261502778863538,0.881488725691341
5.911031845476362,0.9106449549819584
6.64074484928479,0.9341913726876644
7.4605404447366075,0.952683459256332
8.381539268677866,0.9668034739665683
9.416234793278331,0.9772844062347041
10.578662801651687,0.9848460055636669
11.884591785129816,0.9901477069011362
13.351736844955687,0.9937597125478523
15.0,0.9961506113693839
