SA(0.3s) [g],Loss_ratio
0.05000000000000001,9.827295394115865e-09
0.056172467201025755,3.5657581026748986e-08
0.06310692142900626,1.2174875904102934e-07
0.07089742948257126,3.9125391103622676e-07
0.07964967064493539,1.183675833971165e-06
0.08948237023750269,3.3720905600054256e-06
0.10052891014472326,9.04872015620728e-06
0.11293913815718663,2.2879465475555973e-05
0.1268814006769336,5.453174377693104e-05
0.14254482635890514,0.00012257511971231483
0.16014189166643014,0.00025998476873480557
0.17991130314285533,0.0005206894068758128
0.2021212354977168,0.0009854891840980653
0.2270729694325259,0.001764451441961573
0.2551049785537617,0.0029923321070998935
0.28659752081259104,0.004814669018692103
0.3219777967548112,0.0073656146736026
0.36172574455336326,0.010743869318220977
0.4063805504338082,0.014998233241476483
0.45654796280755766,0.020136242573835533
0.5129085093300529,0.026165492259811813
0.5762267283493882,0.033167377071088265
0.6473615399712076,0.041390205404969016
0.7272778974247632,0.051338290669441136
0.8170598767824696,0.06383036702177447
0.9179253825967483,0.08000556798034193
1.0312426689380967,0.10126494122517143
1.1585488999444697,0.12914585963966901
1.3015710016583038,0.16513298951795005
1.4622490880091454,0.2104152307276046
1.6427627787184707,0.26560932583481234
1.8455607661325835,0.3304910755108214
2.0733940320616497,0.4037987388815394
2.329353165215711,0.48318514076658003
2.6169102854537,0.5653785740082407
2.9399661435534976,0.6465620966333149
3.3029030354176987,0.7229099184700019
3.710644248503383,0.7911577647542548
4.168720846874621,0.849061846631476
4.683346700825936,0.8956321293883023
5.261502778863538,0.931098250449351
5.911031845476362,0.9566494264658417
6.64074484928479,0.9740489954926558
7.4605404447366075,0.9852401911480569
8.381539268677866,0.992034419816862
9.416234793278331,0.9959255435249932
10.578662801651687,0.9980266749035679
11.884591785129816,0.9990959033463309
13.351736844955687,0.9996084628522756
15.0,0.9998398352968688
