SA(0.3s) [g],Loss_ratio
0.05000000000000001,5.161342456977414e-06
0.056172467201025755,1.092224552361465e-05
0.06310692142900626,2.2350578653229646e-05
0.07089742948257126,4.424930448881925e-05
0.07964967064493539,8.480416880124465e-05
0.08948237023750269,0.00015744136653674244
0.10052891014472326,0.00028337515289243443
0.11293913815718663,0.0004949435709456163
0.1268814006769336,0.0008397993343246868
0.14254482635890514,0.0013860055027666131
0.16014189166643014,0.0022281069959089574
0.17991130314285533,0.0034943221188630524
0.2021212354977168,0.0053550991542559824
0.2270729694325259,0.00803332775488485
0.2551049785537617,0.01181633474735403
0.28659752081259104,0.017069247779468326
0.3219777967548112,0.02424824162755522
0.36172574455336326,0.033910610209520305
0.4063805504338082,0.046716812365483286
0.45654796280755766,0.06341820196367318
0.5129085093300529,0.08482387243098055
0.5762267283493882,0.11174171322034962
0.6473615399712076,0.14489283695268323
0.7272778974247632,0.18480475320055428
0.8170598767824696,0.2316959253389195
0.9179253825967483,0.28537075891540653
1.0312426689380967,0.34514740531240806
1.1585488999444697,0.4098391698804359
1.3015710016583038,0.47780307301084757
1.4622490880091454,0.5470571576795775
1.6427627787184707,0.6154540430914149
1.8455607661325835,0.6808855912243982
2.0733940320616497,0.7414859220277306
2.329353165215711,0.7957996849099347
2.6169102854537,0.8428897073414978
2.9399661435534976,0.8823709463935772
3.3029030354176987,0.9143725696153885
3.710644248503383,0.9394431068000436
4.168720846874621,0.958421908030581
4.683346700825936,0.9723022650353517
5.261502778863538,0.9821080189368492
5.911031845476362,0.9887982162614605
6.64074484928479,0.9932058942600711
7.4605404447366075,0.9960096146541773
8.381539268677866,0.9977313214622212
9.416234793278331,0.9987518693053635
10.578662801651687,0.9993357324265757
11.884591785129816,0.9996580985957508
13.351736844955687,0.9998298534089243
15.0,0.9999181517420351
