SA(0.3s) [g],Loss_ratio
0.05000000000000001,4.265084885268778e-08
0.056172467201025755,1.4548184795182276e-07
0.06310692142900626,4.6675220233272086e-07
0.07089742948257126,1.4088932178246694e-06
0.07964967064493539,4.002425111848674e-06
0.08948237023750269,1.0705047845926963e-05
0.10052891014472326,2.6969730916748257e-05
0.11293913815718663,6.40377211948151e-05
0.1268814006769336,0.00014340886219319505
0.14254482635890514,0.00030317081758416965
0.16014189166643014,0.0006057146077988129
0.17991130314285533,0.0011454048163400121
0.2021212354977168,0.002053953184608487
0.2270729694325259,0.003501382064088715
0.2551049785537617,0.005692401003473835
0.28659752081259104,0.008861900201044515
0.3219777967548112,0.013277805367784152
0.36172574455336326,0.019261954131110287
0.4063805504338082,0.027236747272593672
0.45654796280755766,0.03779549343748484
0.5129085093300529,0.0517793461957829
0.5762267283493882,0.07032877146102036
0.6473615399712076,0.09486947513006663
0.7272778974247632,0.12699739047935124
0.8170598767824696,0.16824703697499863
0.9179253825967483,0.21976041016385903
1.0312426689380967,0.28191306668777655
1.1585488999444697,0.3539889349942212
1.3015710016583038,0.43401055928506316
1.4622490880091454,0.518812868605416
1.6427627787184707,0.6043915338988683
1.8455607661325835,0.6864741957361313
2.0733940320616497,0.7611840545809253
2.329353165215711,0.8256254196362148
2.6169102854537,0.8782412056960428
2.9399661435534976,0.9188672362906506
3.3029030354176987,0.948505883614636
3.710644248503383,0.9689210695161791
4.168720846874621,0.9821890117683073
4.683346700825936,0.9903202408082065
5.261502778863538,0.9950168690206025
5.911031845476362,0.9975724664435952
6.64074484928479,0.9988819338129655
7.4605404447366075,0.9995135175387182
8.381539268677866,0.9998001699130148
9.416234793278331,0.9999225575484688
10.578662801651687,0.9999717002745229
11.884591785129816,0.9999902533122956
13.351736844955687,0.999996837622463
15.0,0.9999990337643608
