SA(0.6s) [g],Loss_ratio
0.05000000000000001,5.825529110714545e-07
0.056172467201025755,1.8254268140893704e-06
0.06310692142900626,5.353502511029617e-06
0.07089742948257126,1.4701880575934692e-05
0.07964967064493539,3.783007851921316e-05
0.08948237023750269,9.127821145548665e-05
0.10052891014472326,0.0002067229493644851
0.11293913815718663,0.0004399952849959532
0.1268814006769336,0.0008815569609352536
0.14254482635890514,0.001666136683543429
0.16014189166643014,0.002978617914637094
0.17991130314285533,0.0050546264309156656
0.2021212354977168,0.008178330280980285
0.2270729694325259,0.012685704411560578
0.2551049785537617,0.018985537309089157
0.28659752081259104,0.027608169484190363
0.3219777967548112,0.03928043968469925
0.36172574455336326,0.05500631812147094
0.4063805504338082,0.07611330854769555
0.45654796280755766,0.10421472862728844
0.5129085093300529,0.14104567333607407
0.5762267283493882,0.18815904513665968
0.6473615399712076,0.24651414180914755
0.7272778974247632,0.31604326665086296
0.8170598767824696,0.39532340710476677
0.9179253825967483,0.4814873426054179
1.0312426689380967,0.5704638685854386
1.1585488999444697,0.6575419803815127
1.3015710016583038,0.7381389122610216
1.4622490880091454,0.8085668913840154
1.6427627787184707,0.8665826997471435
1.8455607661325835,0.9115784524190512
2.0733940320616497,0.94439896320729
2.329353165215711,0.9668922965129476
2.6169102854537,0.9813644740084206
2.9399661435534976,0.9900995175463932
3.3029030354176987,0.9950422054953998
3.710644248503383,0.9976626520515632
4.168720846874621,0.9989636478506102
4.683346700825936,0.9995682417624172
5.261502778863538,0.9998311229910238
5.911031845476362,0.9999380293806897
6.64074484928479,0.9999786787891738
7.4605404447366075,0.999993126054402
8.381539268677866,0.9999979243489489
9.416234793278331,0.9999994132306256
10.578662801651687,0.99999984476909
11.884591785129816,0.9999999615816372
13.351736844955687,0.9999999911076066
15.0,0.9999999980755708
