SA(0.6s) [g],Loss_ratio
0.05000000000000001,3.102778310393184e-08
0.056172467201025755,1.2877504916297687e-07
0.06310692142900626,4.928082707800208e-07
0.07089742948257126,1.7395768181383e-06
0.07964967064493539,5.6664071704570785e-06
0.08948237023750269,1.704041658535105e-05
0.10052891014472326,4.7337803272079486e-05
0.11293913815718663,0.00012155845524877695
0.1268814006769336,0.00028877768831983563
0.14254482635890514,0.0006352877101293731
0.16014189166643014,0.0012957760999088741
0.17991130314285533,0.002454122127342989
0.2021212354977168,0.004324141148588523
0.2270729694325259,0.0071058882171502365
0.2551049785537617,0.010926443536280058
0.28659752081259104,0.015790923275034098
0.3219777967548112,0.0215791048990088
0.36172574455336326,0.028114538492811102
0.4063805504338082,0.03530432142291245
0.45654796280755766,0.04331109036815132
0.5129085093300529,0.052695732431356224
0.5762267283493882,0.06447657670063198
0.6473615399712076,0.0800866025033911
0.7272778974247632,0.10125153386321482
0.8170598767824696,0.12982798667167117
0.9179253825967483,0.16761779285503514
1.0312426689380967,0.21613201616023997
1.1585488999444697,0.2762625492902518
1.3015710016583038,0.347867892755663
1.4622490880091454,0.4293805876018224
1.6427627787184707,0.5176289975556687
1.8455607661325835,0.6080561657579509
2.0733940320616497,0.6953861599693181
2.329353165215711,0.7745900402602275
2.6169102854537,0.8418488294448154
2.9399661435534976,0.8951916108579469
3.3029030354176987,0.9346178301475376
3.710644248503383,0.961723145270948
4.168720846874621,0.9790275291798972
4.683346700825936,0.9892709633776846
5.261502778863538,0.9948860207061211
5.911031845476362,0.997733003390889
6.64074484928479,0.9990668548296644
7.4605404447366075,0.9996438262788562
8.381539268677866,0.9998740839999908
9.416234793278331,0.9999588118667504
10.578662801651687,0.9999875443875135
11.884591785129816,0.9999965202790616
13.351736844955687,0.99999910248537
15.0,0.9999997863869906
