SA(0.6s) [g],Loss_ratio
0.05000000000000001,1.6633482565753258e-07
0.056172467201025755,6.918288044388543e-07
0.06310692142900626,2.620813177450776e-06
0.07089742948257126,9.04792544699773e-06
0.07964967064493539,2.8487095906409855e-05
0.08948237023750269,8.18693087935918e-05
0.10052891014472326,0.0002150111978476199
0.11293913815718663,0.0005167842541704438
0.1268814006769336,0.001138983237340019
0.14254482635890514,0.0023080136013680754
0.16014189166643014,0.004315752492332975
0.17991130314285533,0.0074844842567605
0.2021212354977168,0.012121678003696363
0.2270729694325259,0.018505050995015315
0.2551049785537617,0.026945052994855192
0.28659752081259104,0.03794242261949917
0.3219777967548112,0.05239984139897227
0.36172574455336326,0.07179411671292502
0.4063805504338082,0.09820445555180615
0.45654796280755766,0.13412596166485213
0.5129085093300529,0.18204720239683134
0.5762267283493882,0.2438183556824844
0.6473615399712076,0.3199011764779158
0.7272778974247632,0.4086948547413274
0.8170598767824696,0.506230096949111
0.9179253825967483,0.606508224036406
1.0312426689380967,0.7025544577799184
1.1585488999444697,0.7879182295308964
1.3015710016583038,0.8580880720531755
1.4622490880091454,0.9112866330876679
1.6427627787184707,0.9483964773878338
1.8455607661325835,0.9721664089685587
2.0733940320616497,0.986121814173256
2.329353165215711,0.9936200320024486
2.6169102854537,0.9973020648884998
2.9399661435534976,0.9989525940194626
3.3029030354176987,0.9996273212607261
3.710644248503383,0.9998786436263012
4.168720846874621,0.9999638786256805
4.683346700825936,0.9999901828575243
5.261502778863538,0.9999975658955728
5.911031845476362,0.9999994498270536
6.64074484928479,0.9999998867110967
7.4605404447366075,0.9999999787593558
8.381539268677866,0.9999999963755722
9.416234793278331,0.9999999994373588
10.578662801651687,0.9999999999205677
11.884591785129816,0.9999999999898044
13.351736844955687,0.9999999999988105
15.0,0.9999999999998739
