SA(0.6s) [g],Loss_ratio
0.05000000000000001,6.6523570485532705e-09
0.056172467201025755,2.6016862542110886e-08
0.06310692142900626,9.521145493684991e-08
0.07089742948257126,3.2611744595900663e-07
0.07964967064493539,1.0457268893371285e-06
0.08948237023750269,3.140120989014728e-06
0.10052891014472326,8.832858752949591e-06
0.11293913815718663,2.328348321577467e-05
0.1268814006769336,5.754104628232782e-05
0.14254482635890514,0.00013338713279592573
0.16014189166643014,0.00029021407712889193
0.17991130314285533,0.0005930629890375128
0.2021212354977168,0.0011392767801476412
0.2270729694325259,0.0020594240126545487
0.2551049785537617,0.0035074085173471712
0.28659752081259104,0.005636489334622786
0.3219777967548112,0.008563108178780027
0.36172574455336326,0.012327928093438523
0.4063805504338082,0.016870067829795044
0.45654796280755766,0.022031880636933107
0.5129085093300529,0.02760499737790769
0.5762267283493882,0.03341481915196382
0.6473615399712076,0.03942543633068295
0.7272778974247632,0.04583706486542309
0.8170598767824696,0.053148583094355266
0.9179253825967483,0.06216895198942103
1.0312426689380967,0.07397833420218414
1.1585488999444697,0.08985431267672715
1.3015710016583038,0.11118252349308405
1.4622490880091454,0.13936062107510144
1.6427627787184707,0.17568483170150145
1.8455607661325835,0.22119350578505986
2.0733940320616497,0.27644861670928156
2.329353165215711,0.3412710591006919
2.6169102854537,0.4144965729780964
2.9399661435534976,0.49385671516011875
3.3029030354176987,0.576083102934607
3.710644248503383,0.6572727254854122
4.168720846874621,0.7334577778929732
4.683346700825936,0.8012380574361361
5.261502778863538,0.8582997683297345
5.911031845476362,0.9036797644106568
6.64074484928479,0.9377229890853733
7.4605404447366075,0.9617825631625778
8.381539268677866,0.9777833741688068
9.416234793278331,0.987786849948691
10.578662801651687,0.9936606550649604
11.884591785129816,0.9968973062086346
13.351736844955687,0.9985698159605081
15.0,0.9993797777514954
