PGA [g],Loss_ratio
0.05000000000000001,5.6631415032598614e-05
0.056172467201025755,0.00010284127351787298
0.06310692142900626,0.00018152312827185438
0.07089742948257126,0.0003116195875062178
0.07964967064493539,0.0005206766794314033
0.08948237023750269,0.0008474999948871021
0.10052891014472326,0.0013451738143840375
0.11293913815718663,0.0020844372454299097
0.1268814006769336,0.0031574930731675726
0.14254482635890514,0.004682454461983321
0.16014189166643014,0.006808770919473089
0.17991130314285533,0.009724035900969348
0.2021212354977168,0.01366245039201246
0.2270729694325259,0.01891478584641484
0.2551049785537617,0.02583889287997059
0.28659752081259104,0.03486868516377398
0.3219777967548112,0.04651829003534581
0.36172574455336326,0.06137705436292738
0.4063805504338082,0.08009078365364261
0.45654796280755766,0.10332541587496916
0.5129085093300529,0.13171155547176794
0.5762267283493882,0.16577185192777416
0.6473615399712076,0.20583760570116927
0.7272778974247632,0.2519653143474381
0.8170598767824696,0.30386697232431337
0.9179253825967483,0.3608686852694006
1.0312426689380967,0.42190981896835356
1.1585488999444697,0.48558943923769726
1.3015710016583038,0.550259022828208
1.4622490880091454,0.6141518910530797
1.6427627787184707,0.6755324908803377
1.8455607661325835,0.7328443432874228
2.0733940320616497,0.7848353447182957
2.329353165215711,0.8306432559483947
2.6169102854537,0.8698316602092478
2.9399661435534976,0.9023756222699761
3.3029030354176987,0.9286046490305897
3.710644248503383,0.9491165614055056
4.168720846874621,0.9646785201990986
4.683346700825936,0.9761306362848639
5.261502778863538,0.9843041004071323
5.911031845476362,0.9899608452714028
6.64074484928479,0.9937567293399614
7.4605404447366075,0.9962261517514603
8.381539268677866,0.9977834360506352
9.416234793278331,0.9987353284859765
10.578662801651687,0.9992992461897949
11.884591785129816,0.9996229998293119
13.351736844955687,0.999803115029526
15.0,0.9999002086802663
