SA(0.6s) [g],Loss_ratio
0.05000000000000001,4.707960327143824e-09
0.056172467201025755,1.832787649425072e-08
0.06310692142900626,6.689830912565143e-08
0.07089742948257126,2.289970839342015e-07
0.07964967064493539,7.352865817156217e-07
0.08948237023750269,2.215181004738831e-06
0.10052891014472326,6.263515871884895e-06
0.11293913815718663,1.6627754486781003e-05
0.1268814006769336,4.145996582375356e-05
0.14254482635890514,9.71417158530996e-05
0.16014189166643014,0.00021399308844102793
0.17991130314285533,0.0004434944333452651
0.2021212354977168,0.0008653659805220038
0.2270729694325259,0.0015912113335538936
0.2551049785537617,0.0027602432563007375
0.28659752081259104,0.004523132032637817
0.3219777967548112,0.00701332964433628
0.36172574455336326,0.010311236679838
0.4063805504338082,0.014413300270456593
0.45654796280755766,0.01922201324455769
0.5129085093300529,0.024570440855764698
0.5762267283493882,0.030285406593450494
0.6473615399712076,0.03627968158105951
0.7272778974247632,0.04265122792343082
0.8170598767824696,0.049762633692541955
0.9179253825967483,0.05827913620557412
1.0312426689380967,0.06915696867433117
1.1585488999444697,0.08358874580763188
1.3015710016583038,0.10292118338327969
1.4622490880091454,0.1285571839381118
1.6427627787184707,0.16184058495583953
1.8455607661325835,0.20390743212885024
2.0733940320616497,0.2554868738350784
2.329353165215711,0.31665736637749403
2.6169102854537,0.3866051572247212
2.9399661435534976,0.46347079133411617
3.3029030354176987,0.5443778916909435
3.710644248503383,0.6256999684321936
4.168720846874621,0.7035435512213254
4.683346700825936,0.7743416744878076
5.261502778863538,0.8354008263923786
5.911031845476362,0.8852529640021656
6.64074484928479,0.9237295677563202
7.4605404447366075,0.9517674583274934
8.381539268677866,0.9710359923916042
9.416234793278331,0.9835120689873021
10.578662801651687,0.9911162034790099
11.884591785129816,0.99547554500365
13.351736844955687,0.9978245597834643
15.0,0.9990135374775578
