SA(1.0s) [g],Loss_ratio
0.05000000000000001,5.076843115332519e-05
0.056172467201025755,8.567359798259399e-05
0.06310692142900626,0.00014162275460732898
0.07089742948257126,0.00022942621412906373
0.07964967064493539,0.0003644132132742506
0.08948237023750269,0.0005678469121576546
0.10052891014472326,0.0008686178418683244
0.11293913815718663,0.001305240002828989
0.1268814006769336,0.0019281837398200331
0.14254482635890514,0.0028025955743659794
0.16014189166643014,0.004011471676897827
0.17991130314285533,0.005659356303791086
0.2021212354977168,0.007876610274580925
0.2270729694325259,0.010824214202898547
0.2551049785537617,0.014698915153424679
0.28659752081259104,0.019738282614556974
0.3219777967548112,0.026224919884757072
0.36172574455336326,0.034488719509601376
0.4063805504338082,0.04490572880278486
0.45654796280755766,0.05789200418779297
0.5129085093300529,0.07389089327525865
0.5762267283493882,0.09335258869979297
0.6473615399712076,0.11670559820032275
0.7272778974247632,0.14432094414393745
0.8170598767824696,0.176471319105157
0.9179253825967483,0.2132888638834233
1.0312426689380967,0.25472641508051186
1.1585488999444697,0.3005276913535767
1.3015710016583038,0.3502117056418742
1.4622490880091454,0.4030755842146385
1.6427627787184707,0.4582179969020023
1.8455607661325835,0.5145828018372784
2.0733940320616497,0.5710196887781231
2.329353165215711,0.6263560610303331
2.6169102854537,0.6794726050168547
2.9399661435534976,0.7293743136072232
3.3029030354176987,0.7752493026412218
3.710644248503383,0.816509493446923
4.168720846874621,0.8528098067823446
4.683346700825936,0.8840454526702124
5.261502778863538,0.9103296871638937
5.911031845476362,0.9319565878788522
6.64074484928479,0.9493546763918529
7.4605404447366075,0.9630374891363022
8.381539268677866,0.9735565674453213
9.416234793278331,0.9814610492944571
10.578662801651687,0.9872664233932275
11.884591785129816,0.9914333722753421
13.351736844955687,0.99435624224951
15.0,0.9963596912484536
