SA(0.3s) [g],Loss_ratio
0.05000000000000001,1.2767564783189302e-16
0.056172467201025755,9.71445146547012e-16
0.06310692142900626,7.05546732149287e-15
0.07089742948257126,4.785061236134425e-14
0.07964967064493539,3.0332403255783906e-13
0.08948237023750269,1.797695325933546e-12
0.10052891014472326,9.961614866327295e-12
0.11293913815718663,5.1617671248394006e-11
0.1268814006769336,2.501344797956051e-10
0.14254482635890514,1.1337385863452453e-09
0.16014189166643014,4.807076553481338e-09
0.17991130314285533,1.906998919887215e-08
0.2021212354977168,7.07950637557353e-08
0.2270729694325259,2.459978322322254e-07
0.2551049785537617,8.002776864357575e-07
0.28659752081259104,2.438100429275059e-06
0.3219777967548112,6.9582818168323344e-06
0.36172574455336326,1.8610208395702933e-05
0.4063805504338082,4.6664211910874e-05
0.45654796280755766,0.00010975278206671879
0.5129085093300529,0.00024226964036835888
0.5762267283493882,0.0005022657268462238
0.6473615399712076,0.0009787600738105694
0.7272778974247632,0.0017945579448713444
0.8170598767824696,0.003099576047543323
0.9179253825967483,0.005050800481976914
1.0312426689380967,0.007779429465357824
1.1585488999444697,0.011352957262108542
1.3015710016583038,0.015747120668413828
1.4622490880091454,0.020845410769757503
1.6427627787184707,0.0264787312100431
1.8455607661325835,0.032504773768286865
2.0733940320616497,0.038910428726491884
2.329353165215711,0.04590861155977846
2.6169102854537,0.05399985843046125
2.9399661435534976,0.06398062903771606
3.3029030354176987,0.07689954233410633
3.710644248503383,0.09397978069395296
4.168720846874621,0.1165303109334286
4.683346700825936,0.14585612713842241
5.261502778863538,0.18315509133261465
5.911031845476362,0.22937276573968446
6.64074484928479,0.2849944844192972
7.4605404447366075,0.34979106920346736
8.381539268677866,0.42258582276139167
9.416234793278331,0.5011452213900021
10.578662801651687,0.5822860443365749
11.884591785129816,0.6622310246262496
13.351736844955687,0.7371555468969394
15.0,0.8037897406475066
