SA(1.0s) [g],Loss_ratio
0.05000000000000001,8.349476110502962e-11
0.056172467201025755,4.822783394864417e-10
0.06310692142900626,2.5584613649876076e-09
0.07089742948257126,1.2468120091924106e-08
0.07964967064493539,5.583116365337482e-08
0.08948237023750269,2.2979227004005235e-07
0.10052891014472326,8.696147136666444e-07
0.11293913815718663,3.027089621471246e-06
0.1268814006769336,9.696941685544136e-06
0.14254482635890514,2.86020133067777e-05
0.16014189166643014,7.773173793059753e-05
0.17991130314285533,0.0001947990765829133
0.2021212354977168,0.0004505943880812713
0.2270729694325259,0.0009632093370471939
0.2551049785537617,0.0019057062980878448
0.28659752081259104,0.003496624288276368
0.3219777967548112,0.005965278219270692
0.36172574455336326,0.009495646971359246
0.4063805504338082,0.01417145785701055
0.45654796280755766,0.01996020909237214
0.5129085093300529,0.026770860118991296
0.5762267283493882,0.03459181618546438
0.6473615399712076,0.043673144025209644
0.7272778974247632,0.054685309898269516
0.8170598767824696,0.0687896099259611
0.9179253825967483,0.08759336229603898
1.0312426689380967,0.11300780762991129
1.1585488999444697,0.14704192954081513
1.3015710016583038,0.1915400497216625
1.4622490880091454,0.2478378858016893
1.6427627787184707,0.3163251921445313
1.8455607661325835,0.3959862073658116
2.0733940320616497,0.48409639381378267
2.329353165215711,0.5762929595677586
2.6169102854537,0.6671409510989827
2.9399661435534976,0.7511098405801564
3.3029030354176987,0.8236681533247776
3.710644248503383,0.8821217470264087
4.168720846874621,0.9259198977223977
4.683346700825936,0.9563792834197818
5.261502778863538,0.9760045574524175
5.911031845476362,0.9877006372648035
6.64074484928479,0.9941390562926276
7.4605404447366075,0.99740865653516
8.381539268677866,0.998938763104813
9.416234793278331,0.9995980325188011
10.578662801651687,0.9998593583853203
11.884591785129816,0.9999545938641866
13.351736844955687,0.9999864856245534
15.0,0.9999962947221264
