SA(1.0s) [g],Loss_ratio
0.05000000000000001,2.556646545878172e-05
0.056172467201025755,4.6053419024827404e-05
0.06310692142900626,8.09376578293053e-05
0.07089742948257126,0.0001388441701525134
0.07964967064493539,0.00023260243479417134
0.08948237023750269,0.0003807732491261262
0.10052891014472326,0.0006095068901468881
0.11293913815718663,0.0009547440609374348
0.1268814006769336,0.0014647762513916808
0.14254482635890514,0.002203205829766791
0.16014189166643014,0.0032523888439469463
0.17991130314285533,0.004717494032504011
0.2021212354977168,0.006731342907271653
0.2270729694325259,0.0094601649594995
0.2551049785537617,0.013110257064851315
0.28659752081259104,0.017935231538193194
0.3219777967548112,0.024243056507913786
0.36172574455336326,0.032401471911478325
0.4063805504338082,0.04283971122946669
0.45654796280755766,0.05604395025397826
0.5129085093300529,0.0725437628438283
0.5762267283493882,0.09288730793469276
0.6473615399712076,0.11760414532356804
0.7272778974247632,0.14715647603447513
0.8170598767824696,0.18188202414732527
0.9179253825967483,0.22193431383766804
1.0312426689380967,0.2672281902800767
1.1585488999444697,0.31739949156656905
1.3015710016583038,0.3717873233362396
1.4622490880091454,0.4294452120942677
1.6427627787184707,0.48918368939774204
1.8455607661325835,0.549642155884037
2.0733940320616497,0.6093830649193179
2.329353165215711,0.6669975391077968
2.6169102854537,0.7212093513942833
2.9399661435534976,0.77096427612967
3.3029030354176987,0.8154941603044517
3.710644248503383,0.8543491913993099
4.168720846874621,0.8873968747696429
4.683346700825936,0.9147911514974064
5.261502778863538,0.9369189569264561
5.911031845476362,0.9543337217347521
6.64074484928479,0.9676856568562715
7.4605404447366075,0.9776573620331525
8.381539268677866,0.9849108791972907
9.416234793278331,0.9900494319102302
10.578662801651687,0.9935943652143999
11.884591785129816,0.9959756718586876
13.351736844955687,0.9975331788607236
15.0,0.9985249735888786
