SA(0.6s) [g],Loss_ratio
0.05000000000000001,3.84525744578923e-14
0.056172467201025755,2.9238833576528127e-13
0.06310692142900626,2.0506263354036493e-12
0.07089742948257126,1.326684317959348e-11
0.07964967064493539,7.918899425085613e-11
0.08948237023750269,4.3616159572934525e-10
0.10052891014472326,2.2171447955354754e-09
0.11293913815718663,1.0403844424855535e-08
0.1268814006769336,4.5076299554080996e-08
0.14254482635890514,1.8037373957779935e-07
0.16014189166643014,6.668104201412728e-07
0.17991130314285533,2.278188072563081e-06
0.2021212354977168,7.196378388435454e-06
0.2270729694325259,2.1027373619358915e-05
0.2551049785537617,5.686554224282881e-05
0.28659752081259104,0.00014242911228782852
0.3219777967548112,0.0003306613270564363
0.36172574455336326,0.000712238460975151
0.4063805504338082,0.0014250857408270646
0.45654796280755766,0.002652588843559334
0.5129085093300529,0.00460170407184023
0.5762267283493882,0.007458016186718625
0.6473615399712076,0.01132771727277323
0.7272778974247632,0.01619165630426868
0.8170598767824696,0.021904157728342345
0.9179253825967483,0.028259951341304785
1.0312426689380967,0.0351255483716491
1.1585488999444697,0.04259832783160226
1.3015710016583038,0.051136455148008436
1.4622490880091454,0.06161014876787533
1.6427627787184707,0.07525879648346011
1.8455607661325835,0.09357979345895165
2.0733940320616497,0.11819562483395064
2.329353165215711,0.15072744151129247
2.6169102854537,0.19265582343883064
2.9399661435534976,0.24511158719546244
3.3029030354176987,0.30855539252100406
3.710644248503383,0.3823853532878798
4.168720846874621,0.46461408736864396
4.683346700825936,0.5518061881949349
5.261502778863538,0.639410984196105
5.911031845476362,0.7224750712928034
6.64074484928479,0.7965482934375774
7.4605404447366075,0.8584972492847509
8.381539268677866,0.9069667271662607
9.416234793278331,0.9423689307082702
10.578662801651687,0.9664617603043546
11.884591785129816,0.9817127265918812
13.351736844955687,0.9906787183972481
15.0,0.9955676088033131
