SA(1.0s) [g],Loss_ratio
0.05000000000000001,1.9666074718055485e-05
0.056172467201025755,3.650442420348177e-05
0.06310692142900626,6.596135969026417e-05
0.07089742948257126,0.00011607282032447543
0.07964967064493539,0.00019901259505593073
0.08948237023750269,0.0003326510198148003
0.10052891014472326,0.0005424342656345337
0.11293913815718663,0.0008635651107254394
0.1268814006769336,0.001343462576606147
0.14254482635890514,0.002044504044328238
0.16014189166643014,0.0030471179655967295
0.17991130314285533,0.004453392223369535
0.2021212354977168,0.006391463821174037
0.2270729694325259,0.009021004396600396
0.2551049785537617,0.012540036731009823
0.28659752081259104,0.01719303165015647
0.3219777967548112,0.023279693176490864
0.36172574455336326,0.03116305881657788
0.4063805504338082,0.041274633578958844
0.45654796280755766,0.054113457715144385
0.5129085093300529,0.07023557640602889
0.5762267283493882,0.09023064880246684
0.6473615399712076,0.11468364115908775
0.7272778974247632,0.14412175126156865
0.8170598767824696,0.17894970484336753
0.9179253825967483,0.21937985957152947
1.0312426689380967,0.26536643032706825
1.1585488999444697,0.31655480770388866
1.3015710016583038,0.37225669817327756
1.4622490880091454,0.43145932795007735
1.6427627787184707,0.4928723862809704
1.8455607661325835,0.5550104494308843
2.0733940320616497,0.6163024731977899
2.329353165215711,0.6752148990502476
2.6169102854537,0.7303721573612201
2.9399661435534976,0.7806585578599019
3.3029030354176987,0.8252887321610879
3.710644248503383,0.8638392352199664
4.168720846874621,0.8962404072726482
4.683346700825936,0.9227337465508976
5.261502778863538,0.9438046300112514
5.911031845476362,0.9601025026103985
6.64074484928479,0.9723605004950583
7.4605404447366075,0.9813243042102308
8.381539268677866,0.9876966265780424
9.416234793278331,0.9921000283495722
10.578662801651687,0.9950574979959158
11.884591785129816,0.996987924112632
13.351736844955687,0.9982123976324563
15.0,0.9989670969981411
