SA(1.0s) [g],Loss_ratio
0.05000000000000001,4.737839895962992e-08
0.056172467201025755,1.4405681875717668e-07
0.06310692142900626,4.164176702403655e-07
0.07089742948257126,1.1445820684241604e-06
0.07964967064493539,2.9921239924290966e-06
0.08948237023750269,7.441045492145859e-06
0.10052891014472326,1.760900406140853e-05
0.11293913815718663,3.9666984040231945e-05
0.1268814006769336,8.50927400682877e-05
0.14254482635890514,0.0001739147268057073
0.16014189166643014,0.00033885904521560047
0.17991130314285533,0.00062988306065761
0.2021212354977168,0.0011180413574232162
0.2270729694325259,0.001897214471614206
0.2551049785537617,0.0030823067965851663
0.28659752081259104,0.004803453228239247
0.3219777967548112,0.007197674838512719
0.36172574455336326,0.010401887060019798
0.4063805504338082,0.014553194270585618
0.45654796280755766,0.019802693024725027
0.5129085093300529,0.02634654307660969
0.5762267283493882,0.034472817845065735
0.6473615399712076,0.04461586632053104
0.7272778974247632,0.057403784444980725
0.8170598767824696,0.07368129370757014
0.9179253825967483,0.09449112777894556
1.0312426689380967,0.12100196253710717
1.1585488999444697,0.15437923532268638
1.3015710016583038,0.1956060798590808
1.4622490880091454,0.24527436760823512
1.6427627787184707,0.30337913663273847
1.8455607661325835,0.36916033348759164
2.0733940320616497,0.4410386644376007
2.329353165215711,0.516682234175601
2.6169102854537,0.5932156683346022
2.9399661435534976,0.6675479805169965
3.3029030354176987,0.736760300897362
3.710644248503383,0.7984730105784675
4.168720846874621,0.8511135069016174
4.683346700825936,0.8940317192895431
5.261502778863538,0.9274517830118152
5.911031845476362,0.9522901699376897
6.64074484928479,0.9698989528691069
7.4605404447366075,0.9818002008179457
8.381539268677866,0.9894650611151762
9.416234793278331,0.9941669969158874
10.578662801651687,0.9969132477619983
11.884591785129816,0.9984399041474993
13.351736844955687,0.9992474014181576
15.0,0.9996536705250849
