SA(0.3s) [g],Loss_ratio
0.05000000000000001,4.6660219798272394e-05
0.056172467201025755,9.33158810452528e-05
0.06310692142900626,0.000179259377013713
0.07089742948257126,0.00033096423856819883
0.07964967064493539,0.0005877205595876622
0.08948237023750269,0.0010047312781756744
0.10052891014472326,0.0016554684959488696
0.11293913815718663,0.0026328083857516727
0.1268814006769336,0.004048982467466039
0.14254482635890514,0.00603534269117102
0.16014189166643014,0.008744158060717499
0.17991130314285533,0.012355682634002297
0.2021212354977168,0.01709388239436197
0.2270729694325259,0.023252803240990945
0.2551049785537617,0.031232253620924286
0.28659752081259104,0.041576567899159075
0.3219777967548112,0.055004837340815724
0.36172574455336326,0.07241697047413842
0.4063805504338082,0.09485935004685445
0.45654796280755766,0.12343832735412391
0.5129085093300529,0.15917978996114845
0.5762267283493882,0.20284726542463835
0.6473615399712076,0.2547463208078142
0.7272778974247632,0.31455485803510186
0.8170598767824696,0.3812225817807818
0.9179253825967483,0.4529752112943635
1.0312426689380967,0.5274398111017531
1.1585488999444697,0.6018807584283759
1.3015710016583038,0.6735085195185402
1.4622490880091454,0.7398039434751802
1.6427627787184707,0.7987957382125609
1.8455607661325835,0.849240211832441
2.0733940320616497,0.8906767809203207
2.329353165215711,0.9233624189117708
2.6169102854537,0.9481140874039997
2.9399661435534976,0.9661032724005225
3.3029030354176987,0.978648394658872
3.710644248503383,0.9870410958960113
4.168720846874621,0.9924263721285221
4.683346700825936,0.9957401029307857
5.261502778863538,0.9976951624301301
5.911031845476362,0.9988009527381951
6.64074484928479,0.9994004642118708
7.4605404447366075,0.9997119804982132
8.381539268677866,0.999867102498057
9.416234793278331,0.9999411192519593
10.578662801651687,0.9999749575638865
11.884591785129816,0.9999897783225431
13.351736844955687,0.9999959967292631
15.0,0.9999984959299923
