SA(0.6s) [g],Loss_ratio
0.05000000000000001,4.731215419440105e-14
0.056172467201025755,3.4162672690740696e-13
0.06310692142900626,2.2845447755770467e-12
0.07089742948257126,1.415272343763263e-11
0.07964967064493539,8.124044770241312e-11
0.08948237023750269,4.322512403565071e-10
0.10052891014472326,2.132536530696783e-09
0.11293913815718663,9.760001684622211e-09
0.1268814006769336,4.1460375943547235e-08
0.14254482635890514,1.6358068383182103e-07
0.16014189166643014,5.999170564929824e-07
0.17991130314285533,2.047047547454328e-06
0.2021212354977168,6.506479794676779e-06
0.2270729694325259,1.929090090830865e-05
0.2551049785537617,5.344088044654805e-05
0.28659752081259104,0.0001386022980555679
0.3219777967548112,0.0003373252845070895
0.36172574455336326,0.0007724316633672456
0.4063805504338082,0.0016691079917071196
0.45654796280755766,0.003414238916768747
0.5129085093300529,0.006632664771870112
0.5762267283493882,0.01227459976874248
0.6473615399712076,0.02169879415463677
0.7272778974247632,0.0367208446851321
0.8170598767824696,0.05957744756681552
0.9179253825967483,0.09274506347237019
1.0312426689380967,0.13856337641982794
1.1585488999444697,0.1986676554871965
1.3015710016583038,0.273329185825815
1.4622490880091454,0.3609053230404441
1.6427627787184707,0.4576478230490487
1.8455607661325835,0.5580527606028487
2.0733940320616497,0.6557531656898372
2.329353165215711,0.7447282419094358
2.6169102854537,0.8204489467239525
2.9399661435534976,0.8805909946621722
3.3029030354176987,0.9251242837827391
3.710644248503383,0.9558376829588383
4.168720846874621,0.975550856944884
4.683346700825936,0.9873178432289693
5.261502778863538,0.9938459309909754
5.911031845476362,0.9972101338088732
6.64074484928479,0.998819829423087
7.4605404447366075,0.9995346276595894
8.381539268677866,0.9998290927231164
9.416234793278331,0.9999415906390798
10.578662801651687,0.9999814362726535
11.884591785129816,0.9999945166843818
13.351736844955687,0.9999984955352211
15.0,0.9999996167574052
