SA(0.3s) [g],Loss_ratio
0.05000000000000001,7.114697719856622e-13
0.056172467201025755,3.921246660709699e-12
0.06310692142900626,2.0274049106205896e-11
0.07089742948257126,9.83449544023074e-11
0.07964967064493539,4.4763852069529265e-10
0.08948237023750269,1.9122382843850265e-09
0.10052891014472326,7.668051704712297e-09
0.11293913815718663,2.887100200021919e-08
0.1268814006769336,1.0209349169953974e-07
0.14254482635890514,3.3919112191194145e-07
0.16014189166643014,1.059214017884447e-06
0.17991130314285533,3.110558983887568e-06
0.2021212354977168,8.595712477499351e-06
0.2270729694325259,2.2369237080671625e-05
0.2551049785537617,5.487366475168676e-05
0.28659752081259104,0.00012703949916690327
0.3219777967548112,0.0002779835927802343
0.36172574455336326,0.0005759717029086064
0.4063805504338082,0.0011325612627041627
0.45654796280755766,0.002119259206739271
0.5129085093300529,0.0037859263682609614
0.5762267283493882,0.006481006633206832
0.6473615399712076,0.010675290549316669
0.7272778974247632,0.01699198191319143
0.8170598767824696,0.026243896505165624
0.9179253825967483,0.03947147098370643
1.0312426689380967,0.05796305153705512
1.1585488999444697,0.08322598125503133
1.3015710016583038,0.11687157828131764
1.4622490880091454,0.1603882658893678
1.6427627787184707,0.21480936201159684
1.8455607661325835,0.28033001332511254
2.0733940320616497,0.35597457130041826
2.329353165215711,0.43943743902440424
2.6169102854537,0.5271969965244158
2.9399661435534976,0.6149304076678203
3.3029030354176987,0.6981578896475853
3.710644248503383,0.7729582181572909
4.168720846874621,0.8365632280937233
4.683346700825936,0.8876766275510037
5.261502778863538,0.9264567064548386
5.911031845476362,0.954211913426958
6.64074484928479,0.9729368158786219
7.4605404447366075,0.9848368867950059
8.381539268677866,0.9919569204927654
9.416234793278331,0.9959655140630033
10.578662801651687,0.9980881627065192
11.884591785129816,0.9991448821748051
13.351736844955687,0.9996392778191879
15.0,0.9998565865676345
