SA(0.6s) [g],Loss_ratio
0.05000000000000001,2.441713498058107e-13
0.056172467201025755,1.8488710562536427e-12
0.06310692142900626,1.2838929919212206e-11
0.07089742948257126,8.177977184331554e-11
0.07964967064493539,4.7791990365198e-10
0.08948237023750269,2.5631439137807636e-09
0.10052891014472326,1.261941755537066e-08
0.11293913815718663,5.7058954733291146e-08
0.1268814006769336,2.3704716368699862e-07
0.14254482635890514,9.053791806323819e-07
0.16014189166643014,3.181520147593764e-06
0.17991130314285533,1.0295712070024222e-05
0.2021212354977168,3.071967469831516e-05
0.2270729694325259,8.46413028213089e-05
0.2551049785537617,0.00021577922151514995
0.28659752081259104,0.0005102648540177668
0.3219777967548112,0.0011228905374672028
0.36172574455336326,0.002308815644462653
0.4063805504338082,0.004457621353820962
0.45654796280755766,0.00812876343237191
0.5129085093300529,0.014093085816699158
0.5762267283493882,0.02338887853533364
0.6473615399712076,0.03739314429090232
0.7272778974247632,0.057882140193627855
0.8170598767824696,0.08701608882429332
0.9179253825967483,0.1271556636597872
1.0312426689380967,0.18043633052505625
1.1585488999444697,0.2481121900607136
1.3015710016583038,0.3298180420612976
1.4622490880091454,0.42302485898562836
1.6427627787184707,0.5229919008265487
1.8455607661325835,0.6233878054088744
2.0733940320616497,0.7174880739078462
2.329353165215711,0.7995814480090874
2.6169102854537,0.8660928918328968
2.9399661435534976,0.9160434723280516
3.3029030354176987,0.9507609009852175
3.710644248503383,0.9730617503496459
4.168720846874621,0.9862852025208269
4.683346700825936,0.9935156641877495
5.261502778863538,0.9971580722443685
5.911031845476362,0.9988472068960398
6.64074484928479,0.9995677948496678
7.4605404447366075,0.9998504053032293
8.381539268677866,0.9999522486944034
9.416234793278331,0.9999859553522005
10.578662801651687,0.9999961967258675
11.884591785129816,0.9999990523798125
13.351736844955687,0.9999997828860109
15.0,0.9999999542808501
