SA(0.6s) [g],Loss_ratio
0.05000000000000001,1.1635923724551135e-09
0.056172467201025755,5.021149307449236e-09
0.06310692142900626,2.0239907772001688e-08
0.07089742948257126,7.622994569467245e-08
0.07964967064493539,2.683388553859078e-07
0.08948237023750269,8.831566288836079e-07
0.10052891014472326,2.718798051515314e-06
0.11293913815718663,7.833091274467298e-06
0.1268814006769336,2.1134613142953505e-05
0.14254482635890514,5.344668597504488e-05
0.16014189166643014,0.00012681410418997622
0.17991130314285533,0.0002826910537852001
0.2021212354977168,0.0005930474257473229
0.2270729694325259,0.0011733698365241742
0.2551049785537617,0.002195492298016805
0.28659752081259104,0.0038981606219824663
0.3219777967548112,0.006595225278110145
0.36172574455336326,0.010685356134218279
0.4063805504338082,0.016671163279683023
0.45654796280755766,0.025195742615388508
0.5129085093300529,0.03709724312641581
0.5762267283493882,0.05346658337159866
0.6473615399712076,0.07567473843448838
0.7272778974247632,0.10532344539273225
0.8170598767824696,0.14407701573232617
0.9179253825967483,0.19335954175472048
1.0312426689380967,0.25394939004606953
1.1585488999444697,0.3255592490253385
1.3015710016583038,0.406533064729173
1.4622490880091454,0.4937951250773636
1.6427627787184707,0.5831343498856109
1.8455607661325835,0.6698048932596492
2.0733940320616497,0.7493079380769194
2.329353165215711,0.8181413392810841
2.6169102854537,0.8743050618777528
2.9399661435534976,0.9174356352208249
3.3029030354176987,0.9485738870448
3.710644248503383,0.9696869683309648
4.168720846874621,0.9831201093410736
4.683346700825936,0.9911338591482329
5.261502778863538,0.9956133374430184
5.911031845476362,0.9979580337656847
6.64074484928479,0.9991066541470335
7.4605404447366075,0.9996330186720227
8.381539268677866,0.9998585619836976
9.416234793278331,0.9999488938566783
10.578662801651687,0.9999826982887638
11.884591785129816,0.9999945150695485
13.351736844955687,0.9999983725585501
15.0,0.9999995482446111
