SA(0.3s) [g],Loss_ratio
0.05000000000000001,1.2719272746153367e-09
0.056172467201025755,3.6156199645365205e-09
0.06310692142900626,9.935398614935309e-09
0.07089742948257126,2.6396063124156657e-08
0.07964967064493539,6.781466591609941e-08
0.08948237023750269,1.6851149022278912e-07
0.10052891014472326,4.0509888576401035e-07
0.11293913815718663,9.424057187845669e-07
0.1268814006769336,2.1222554469013667e-06
0.14254482635890514,4.628052668764759e-06
0.16014189166643014,9.777349659206848e-06
0.17991130314285533,2.002045131742625e-05
0.2021212354977168,3.97551538881602e-05
0.2270729694325259,7.66035832330092e-05
0.2551049785537617,0.0001433324847765538
0.28659752081259104,0.0002606273909289692
0.3219777967548112,0.0004609477110499083
0.36172574455336326,0.0007936887872712628
0.4063805504338082,0.001331854155819623
0.45654796280755766,0.0021803905022471036
0.5129085093300529,0.003486244279854578
0.5762267283493882,0.0054500305050940055
0.6473615399712076,0.008338906373412391
0.7272778974247632,0.01249974598025746
0.8170598767824696,0.018370962901917278
0.9179253825967483,0.02649033634596251
1.0312426689380967,0.03749510481702245
1.1585488999444697,0.05210971371644793
1.3015710016583038,0.0711164173579088
1.4622490880091454,0.09530497996853929
1.6427627787184707,0.1254003992000863
1.8455607661325835,0.16197191620940904
2.0733940320616497,0.20533202406810608
2.329353165215711,0.25543955774199295
2.6169102854537,0.3118246258580052
2.9399661435534976,0.37355351531316894
3.3029030354176987,0.43924774122971133
3.710644248503383,0.5071632098128314
4.168720846874621,0.5753244226983485
4.683346700825936,0.6416972930600016
5.261502778863538,0.7043754138989518
5.911031845476362,0.7617509851075455
6.64074484928479,0.8126442237983884
7.4605404447366075,0.8563733700107636
8.381539268677866,0.89275919631746
9.416234793278331,0.9220701881886977
10.578662801651687,0.9449243143508813
11.884591785129816,0.9621685405152461
13.351736844955687,0.9747573833780885
15.0,0.9836476873088131
