SA(0.3s) [g],Loss_ratio
0.05000000000000001,5.343669950974573e-13
0.056172467201025755,2.8565427800941735e-12
0.06310692142900626,1.4368023437683063e-11
0.07089742948257126,6.800749408064632e-11
0.07964967064493539,3.029562545275865e-10
0.08948237023750269,1.2703692153781532e-09
0.10052891014472326,5.015128345942089e-09
0.11293913815718663,1.8643350829794516e-08
0.1268814006769336,6.527686762791695e-08
0.14254482635890514,2.153333942711555e-07
0.16014189166643014,6.694655789007964e-07
0.17991130314285533,1.9624068849533047e-06
0.2021212354977168,5.42640582580356e-06
0.2270729694325259,1.4163354569751707e-05
0.2551049785537617,3.4920618129780086e-05
0.28659752081259104,8.14086662876523e-05
0.3219777967548112,0.0001796567046481956
0.36172574455336326,0.0003758686002978407
0.4063805504338082,0.0007468555941967936
0.45654796280755766,0.0014125857155296352
0.5129085093300529,0.002550042991402757
0.5762267283493882,0.004407920312312192
0.6473615399712076,0.007322954326024089
0.7272778974247632,0.011740485103383293
0.8170598767824696,0.018242559752149855
0.9179253825967483,0.027584382442159293
1.0312426689380967,0.04073253445187569
1.1585488999444697,0.05888690889942026
1.3015710016583038,0.08345700862926919
1.4622490880091454,0.11595932377660922
1.6427627787184707,0.1578131929462997
1.8455607661325835,0.21004093856130476
2.0733940320616497,0.27291925735057776
2.329353165215711,0.34566896104182676
2.6169102854537,0.4262899359875319
2.9399661435534976,0.5116311941809383
3.3029030354176987,0.5977284488417465
3.710644248503383,0.6803589496613124
4.168720846874621,0.7556863254251204
4.683346700825936,0.820830506020645
5.261502778863538,0.8742183645298087
5.911031845476362,0.9156425708841852
6.64074484928479,0.9460489762682615
7.4605404447366075,0.9671485221308778
8.381539268677866,0.980981388242309
9.416234793278331,0.9895447886632418
10.578662801651687,0.9945481842536514
11.884591785129816,0.9973060898644819
13.351736844955687,0.9987396651796061
15.0,0.9994421479101797
