SA(0.3s) [g],Loss_ratio
0.05000000000000001,5.551115123125783e-18
0.056172467201025755,4.9960036108132046e-17
0.06310692142900626,3.7192471324942745e-16
0.07089742948257126,2.6256774532384955e-15
0.07964967064493539,1.744160371686121e-14
0.08948237023750269,1.0851319842686281e-13
0.10052891014472326,6.338041202980094e-13
0.11293913815718663,3.475031373767479e-12
0.1268814006769336,1.788593162466157e-11
0.14254482635890514,8.643392113150128e-11
0.16014189166643014,3.922303370984537e-10
0.17991130314285533,1.6717012329969804e-09
0.2021212354977168,6.6930965658684725e-09
0.2270729694325259,2.5179856272261603e-08
0.2551049785537617,8.903573793239694e-08
0.28659752081259104,2.9601463100714655e-07
0.3219777967548112,9.257299978915334e-07
0.36172574455336326,2.7245984180246378e-06
0.4063805504338082,7.551662275601113e-06
0.45654796280755766,1.9726154283750134e-05
0.5129085093300529,4.8609237553065565e-05
0.5762267283493882,0.00011313221747711877
0.6473615399712076,0.00024904607056993043
0.7272778974247632,0.0005194918973627727
0.8170598767824696,0.0010290428246692406
0.9179253825967483,0.0019408185777956722
1.0312426689380967,0.003496037360857607
1.1585488999444697,0.0060358754705945655
1.3015710016583038,0.010026690928390026
1.4622490880091454,0.016090450721128538
1.6427627787184707,0.025040486251869814
1.8455607661325835,0.037916414251920466
2.0733940320616497,0.05600108659145419
2.329353165215711,0.08079042405600527
2.6169102854537,0.1138814740364662
2.9399661435534976,0.15675373300868173
3.3029030354176987,0.21044852530064034
3.710644248503383,0.27519669784207057
4.168720846874621,0.3500904750310389
4.683346700825936,0.4329181116397067
5.261502778863538,0.5202600616425017
5.911031845476362,0.6078784482458381
6.64074484928479,0.691336526738179
7.4605404447366075,0.7666991374180029
8.381539268677866,0.8311281351986218
9.416234793278331,0.8832182523695498
10.578662801651687,0.9230067849128298
11.884591785129816,0.9516964294940186
13.351736844955687,0.971210086876844
15.0,0.9837218273286592
