SA(0.3s) [g],Loss_ratio
0.05000000000000001,1.1447997549929311e-10
0.056172467201025755,5.649894829762304e-10
0.06310692142900626,2.5963198868605986e-09
0.07089742948257126,1.1111414821574074e-08
0.07964967064493539,4.42970265635001e-08
0.08948237023750269,1.6454800549348115e-07
0.10052891014472326,5.697248549207945e-07
0.11293913815718663,1.8393450329778906e-06
0.1268814006769336,5.539820843003529e-06
0.14254482635890514,1.557475935365926e-05
0.16014189166643014,4.0903838889505555e-05
0.17991130314285533,0.00010044639870863682
0.2021212354977168,0.00023091780227547655
0.2270729694325259,0.0004977487036753714
0.2551049785537617,0.0010080190532693269
0.28659752081259104,0.001922945052327041
0.3219777967548112,0.0034670605536432867
0.36172574455336326,0.005933298449921626
0.4063805504338082,0.009688186432595381
0.45654796280755766,0.015187328495115034
0.5129085093300529,0.02301348431174473
0.5762267283493882,0.03394251110353616
0.6473615399712076,0.04902430094343122
0.7272778974247632,0.06964156482958397
0.8170598767824696,0.09749033860786749
0.9179253825967483,0.13442587006815876
1.0312426689380967,0.18214517941788377
1.1585488999444697,0.24173248223805321
1.3015710016583038,0.3131625921900457
1.4622490880091454,0.39491465468070164
1.6427627787184707,0.48386191286607494
1.8455607661325835,0.5755486519511205
2.0733940320616497,0.6648463804184503
2.329353165215711,0.7468386554120942
2.6169102854537,0.8176833075109082
2.9399661435534976,0.8751970969424071
3.3029030354176987,0.9190093946341817
3.710644248503383,0.950290853301239
4.168720846874621,0.9712038959512921
4.683346700825936,0.9842840320194784
5.261502778863538,0.9919319313995427
5.911031845476362,0.9961094154315346
6.64074484928479,0.9982398621312208
7.4605404447366075,0.9992537243027282
8.381539268677866,0.9997037466350498
9.416234793278331,0.9998899782449997
10.578662801651687,0.9999618030899242
11.884591785129816,0.9999876110845982
13.351736844955687,0.9999962481280075
15.0,0.9999989396337029
