SA(0.6s) [g],Loss_ratio
0.05000000000000001,2.253752739989068e-15
0.056172467201025755,1.275646255294305e-14
0.06310692142900626,6.850631173449529e-14
0.07089742948257126,3.487987676464854e-13
0.07964967064493539,1.6850298933945852e-12
0.08948237023750269,7.72384933789283e-12
0.10052891014472326,3.359679756620438e-11
0.11293913815718663,1.3869443371561373e-10
0.1268814006769336,5.434785954605559e-10
0.14254482635890514,2.0218274943140104e-09
0.16014189166643014,7.142208863220034e-09
0.17991130314285533,2.396355686107299e-08
0.2021212354977168,7.63874150710997e-08
0.2270729694325259,2.3141280615091022e-07
0.2551049785537617,6.665264333738374e-07
0.28659752081259104,1.8260496872202215e-06
0.3219777967548112,4.761146729548304e-06
0.36172574455336326,1.182219012434982e-05
0.4063805504338082,2.7977500734516215e-05
0.45654796280755766,6.316037901501482e-05
0.5129085093300529,0.0001361691578787294
0.5762267283493882,0.00028071628138975343
0.6473615399712076,0.0005541916886608656
0.7272778974247632,0.001049548795129529
0.8170598767824696,0.001910470193148467
0.9179253825967483,0.003349709806441076
1.0312426689380967,0.005670305461602204
1.1585488999444697,0.009289124540501676
1.3015710016583038,0.014761585484131224
1.4622490880091454,0.02280479267940585
1.6427627787184707,0.034313222354687145
1.8455607661325835,0.050356669863514655
2.0733940320616497,0.07214584167228631
2.329353165215711,0.10094954375594867
2.6169102854537,0.13795224989349752
2.9399661435534976,0.18405413775867097
3.3029030354176987,0.23963644545436957
3.710644248503383,0.30433775667112173
4.168720846874621,0.37690242940998475
4.683346700825936,0.45516128640907344
5.261502778863538,0.5361816944602366
5.911031845476362,0.6165824765574858
6.64074484928479,0.6929610018930419
7.4605404447366075,0.7623426738387739
8.381539268677866,0.8225520062987166
9.416234793278331,0.8724251338284748
10.578662801651687,0.9118288545125364
11.884591785129816,0.9415043532403939
13.351736844955687,0.9627957075994723
15.0,0.97734139525087
