SA(0.6s) [g],Loss_ratio
0.05000000000000001,5.551115123125783e-18
0.056172467201025755,5.551115123125783e-17
0.06310692142900626,3.8302694349567903e-16
0.07089742948257126,2.4147350785597155e-15
0.07964967064493539,1.4643841694805815e-14
0.08948237023750269,8.379963389870682e-14
0.10052891014472326,4.5373704793405524e-13
0.11293913815718663,2.324113124174687e-12
0.1268814006769336,1.1262740740036749e-11
0.14254482635890514,5.165354255431965e-11
0.16014189166643014,2.242597607615693e-10
0.17991130314285533,9.220337326976136e-10
0.2021212354977168,3.5913113316521365e-09
0.2270729694325259,1.3257382719400468e-08
0.2551049785537617,4.640575084757792e-08
0.28659752081259104,1.5411006747401147e-07
0.3219777967548112,4.858455806611151e-07
0.36172574455336326,1.4550054659223656e-06
0.4063805504338082,4.142380929378354e-06
0.45654796280755766,1.1220256955712937e-05
0.5129085093300529,2.893995532250449e-05
0.5762267283493882,7.114317737729748e-05
0.6473615399712076,0.00016684948003551915
0.7272778974247632,0.0003736792764801211
0.8170598767824696,0.0007999882458728292
0.9179253825967483,0.0016386942421993012
1.0312426689380967,0.0032147143273491717
1.1585488999444697,0.006044902303298761
1.3015710016583038,0.010903756361546113
1.4622490880091454,0.01888003829487826
1.6427627787184707,0.031400317242343725
1.8455607661325835,0.05018877427858491
2.0733940320616497,0.07713352647814832
2.329353165215711,0.11404345907531874
2.6169102854537,0.16230827002919657
2.9399661435534976,0.2225137978912427
3.3029030354176987,0.29410227533355604
3.710644248503383,0.37518508083282154
4.168720846874621,0.46259821898757447
4.683346700825936,0.5522344196380689
5.261502778863538,0.6396046485345542
5.911031845476362,0.7205053322615561
6.64074484928479,0.7916278222054095
7.4605404447366075,0.8509622790375202
8.381539268677866,0.8979140932073838
9.416234793278331,0.9331400480393696
10.578662801651687,0.9581881914910134
11.884591785129816,0.9750632030736603
13.351736844955687,0.9858312286796488
15.0,0.9923374962314672
