SA(0.3s) [g],Loss_ratio
0.05000000000000001,5.255419321947841e-09
0.056172467201025755,1.762456292575543e-08
0.06310692142900626,5.616609259351257e-08
0.07089742948257126,1.7012033943220042e-07
0.07964967064493539,4.898461951563516e-07
0.08948237023750269,1.3412118501698879e-06
0.10052891014472326,3.4930400006016883e-06
0.11293913815718663,8.656452494526513e-06
0.1268814006769336,2.0422207556430873e-05
0.14254482635890514,4.589142299713522e-05
0.16014189166643014,9.829276347023686e-05
0.17991130314285533,0.00020083430432961681
0.2021212354977168,0.0003918628439787853
0.2270729694325259,0.0007310954299001804
0.2551049785537617,0.0013063446962051917
0.28659752081259104,0.0022400032806296935
0.3219777967548112,0.003694872628052515
0.36172574455336326,0.0058799032272486736
0.4063805504338082,0.00905789249673787
0.45654796280755766,0.013558469727392032
0.5129085093300529,0.019799638530117132
0.5762267283493882,0.02831859424837746
0.6473615399712076,0.0398070531303454
0.7272778974247632,0.05513887748277431
0.8170598767824696,0.07537089670724133
0.9179253825967483,0.10169507754143191
1.0312426689380967,0.13532493679385293
1.1585488999444697,0.17731287803848877
1.3015710016583038,0.2283164139211845
1.4622490880091454,0.28835481180185885
1.6427627787184707,0.35661551529893054
1.8455607661325835,0.4313731530588718
2.0733940320616497,0.510067442716174
2.329353165215711,0.5895507152634667
2.6169102854537,0.6664700500151621
2.9399661435534976,0.7377080824132538
3.3029030354176987,0.8007858363377516
3.710644248503383,0.8541393942741363
4.168720846874621,0.8972177128163826
4.683346700825936,0.9303986191810679
5.261502778863538,0.9547661292631423
5.911031845476362,0.9718196653465261
6.64074484928479,0.9831883028647733
7.4605404447366075,0.9904047467929094
8.381539268677866,0.9947649441139873
9.416234793278331,0.997271741196357
10.578662801651687,0.9986427410214155
11.884591785129816,0.9993558359484006
13.351736844955687,0.9997084875316947
15.0,0.9998742701257816
