SA(0.6s) [g],Loss_ratio
0.05000000000000001,4.7961634663806766e-15
0.056172467201025755,4.170552792004401e-14
0.06310692142900626,3.331834808051326e-13
0.07089742948257126,2.4507507134785557e-12
0.07964967064493539,1.6617790477013727e-11
0.08948237023750269,1.0393515492701511e-10
0.10052891014472326,5.999645169563196e-10
0.11293913815718663,3.198579801022561e-09
0.1268814006769336,1.576132147018683e-08
0.14254482635890514,7.184725317466167e-08
0.16014189166643014,3.0327282751207994e-07
0.17991130314285533,1.1866769723478666e-06
0.2021212354977168,4.309450837236551e-06
0.2270729694325259,1.4543100983943626e-05
0.2551049785537617,4.56694618483633e-05
0.28659752081259104,0.00013364051287379498
0.3219777967548112,0.0003649304972025758
0.36172574455336326,0.000931212024677286
0.4063805504338082,0.0022234821763112643
0.45654796280755766,0.004974001092409536
0.5129085093300529,0.010436596294475287
0.5762267283493882,0.020560885377535282
0.6473615399712076,0.038069147223356296
0.7272778974247632,0.06630813782313864
0.8170598767824696,0.10876016270412196
0.9179253825967483,0.16819358720536218
1.0312426689380967,0.2456106191315151
1.1585488999444697,0.339341102820215
1.3015710016583038,0.44471297957885003
1.4622490880091454,0.5545986178847149
1.6427627787184707,0.6607988406423617
1.8455607661325835,0.7558382758334576
2.0733940320616497,0.8345310172576381
2.329353165215711,0.8947744450072005
2.6169102854537,0.93738847270301
2.9399661435534976,0.9652251109670206
3.3029030354176987,0.9820086087786254
3.710644248503383,0.9913444552397774
4.168720846874621,0.9961335727091735
4.683346700825936,0.9983983798336564
5.261502778863538,0.9993854323844202
5.911031845476362,0.9997817614928767
6.64074484928479,0.9999283378131011
7.4605404447366075,0.9999782561372055
8.381539268677866,0.9999939074262832
9.416234793278331,0.9999984244054846
10.578662801651687,0.9999996241127038
11.884591785129816,0.9999999173097796
13.351736844955687,0.9999999832325004
15.0,0.9999999968670586
