SA(0.3s) [g],Loss_ratio
0.05000000000000001,2.6844880374188305e-09
0.056172467201025755,9.63448138491252e-09
0.06310692142900626,3.276472184121637e-08
0.07089742948257126,1.0561586304413951e-07
0.07964967064493539,3.228160977863937e-07
0.08948237023750269,9.359975871203741e-07
0.10052891014472326,2.575824189271492e-06
0.11293913815718663,6.732164989936561e-06
0.1268814006769336,1.6723303321486416e-05
0.14254482635890514,3.9520101365403404e-05
0.16014189166643014,8.894541155933245e-05
0.17991130314285533,0.0001909034606215998
0.2021212354977168,0.00039135517526876497
0.2270729694325259,0.0007677047696458717
0.2551049785537617,0.0014441144610573776
0.28659752081259104,0.002611095546368786
0.3219777967548112,0.004549607481019036
0.36172574455336326,0.007659730136308907
0.4063805504338082,0.012493290821135932
0.45654796280755766,0.019787779784752983
0.5129085093300529,0.030494642269504928
0.5762267283493882,0.04578862567304047
0.6473615399712076,0.06703815762355844
0.7272778974247632,0.09571377863008132
0.8170598767824696,0.13321758310826606
0.9179253825967483,0.1806349618634755
1.0312426689380967,0.2384392630764961
1.1585488999444697,0.306211923235978
1.3015710016583038,0.3824612695532842
1.4622490880091454,0.4646186473106675
1.6427627787184707,0.549254518987555
1.8455607661325835,0.6324968581944321
2.0733940320616497,0.7105697297500374
2.329353165215711,0.7803269507533129
2.6169102854537,0.8396530706974615
2.9399661435534976,0.8876440520372751
3.3029030354176987,0.9245471937848463
3.710644248503383,0.9515075588036093
4.168720846874621,0.970211994410183
4.683346700825936,0.9825300298352536
5.261502778863538,0.9902276728903614
5.911031845476362,0.9947906869555897
6.64074484928479,0.9973557384638458
7.4605404447366075,0.9987227603222243
8.381539268677866,0.9994132949865006
9.416234793278331,0.9997438404366992
10.578662801651687,0.9998937488329341
11.884591785129816,0.9999581495520891
13.351736844955687,0.9999843526800798
15.0,0.9999944486264497
