SA(0.6s) [g],Loss_ratio
0.05000000000000001,2.516724700862838e-09
0.056172467201025755,1.0380859388758879e-08
0.06310692142900626,4.009921897862868e-08
0.07089742948257126,1.4513047333353235e-07
0.07964967064493539,4.924475623002689e-07
0.08948237023750269,1.5676590629509768e-06
0.10052891014472326,4.686074936061102e-06
0.11293913815718663,1.3166964912864064e-05
0.1268814006769336,3.481972105979225e-05
0.14254482635890514,8.679182842039057e-05
0.16014189166643014,0.00020427611115676482
0.17991130314285533,0.00045492896701608836
0.2021212354977168,0.0009609314269359182
0.2270729694325259,0.0019302905786313385
0.2551049785537617,0.003698175202235804
0.28659752081259104,0.00677770523289053
0.3219777967548112,0.011917180048605985
0.36172574455336326,0.020156102387157836
0.4063805504338082,0.03286423751592839
0.45654796280755766,0.05173659783840441
0.5129085093300529,0.078706867941667
0.5762267283493882,0.11574153870254442
0.6473615399712076,0.16449794955207692
0.7272778974247632,0.22587666855099245
0.8170598767824696,0.2995623832288649
0.9179253825967483,0.38370023862443176
1.0312426689380967,0.47486084441423615
1.1585488999444697,0.5683842980874683
1.3015710016583038,0.6590719429207441
1.4622490880091454,0.7420614391225653
1.6427627787184707,0.813639482439891
1.8455607661325835,0.8717610528696972
2.0733940320616497,0.9161510125884185
2.329353165215711,0.9480126659331981
2.6169102854537,0.9694900320646768
2.9399661435534976,0.983077994119809
3.3029030354176987,0.9911420128699128
3.710644248503383,0.9956290810680695
4.168720846874621,0.9979689982910351
4.683346700825936,0.999112132641975
5.261502778863538,0.9996351333717478
5.911031845476362,0.9998591497652661
6.64074484928479,0.999948956176545
7.4605404447366075,0.9999826441100618
8.381539268677866,0.9999944658408242
9.416234793278331,0.9999983458905431
10.578662801651687,0.9999995367532958
11.884591785129816,0.9999998784816153
13.351736844955687,0.9999999701519812
15.0,0.9999999931370693
